{"schemaVersion":"1.0","appDefinitionTemplate":{"id":"/providers/Microsoft.PowerApps/apps/","type":"Microsoft.PowerApps/apps","tags":{"minimumRequiredApiVersion":"2.2.0"},"properties":{"appVersion":"2020-01-08T16:18:48Z","lifeCycleId":"Published","createdByClientVersion":{"major":3,"minor":19115,"build":0,"revision":0,"majorRevision":0,"minorRevision":0},"minClientVersion":{"major":3,"minor":19115,"build":0,"revision":0,"majorRevision":0,"minorRevision":0},"backgroundColor":"rgba(81, 92, 107, 1)","backgroundImageUri":"/14048937628516451912/N4a3aef3b-aae4-44f7-bffd-6d0875f7ffde-logoSmallFile","displayName":"DLP Editor","description":"","commitMessage":"","appUris":{"documentUri":{"value":"/14048937628516451912/Neebda33f-e45c-4fee-a397-2f31cd2ff862-document.msapp","readonlyValue":"/14048937628516451912/Neebda33f-e45c-4fee-a397-2f31cd2ff862-document.msapp"},"imageUris":[]},"createdTime":"0001-01-01T00:00:00Z","lastModifiedTime":"0001-01-01T00:00:00Z","sharedGroupsCount":0,"sharedUsersCount":0,"icons":{"smallIconUri":"/14048937628516451912/N563a4e0d-2fb5-417a-ad6b-d981e55e2657-small.png","mediumIconUri":"/14048937628516451912/N6e940fa3-8af9-4dc5-b45a-bcda8438765f-medium.png","largeIconUri":"/14048937628516451912/Nde5e422c-708f-4f60-b89a-1848975b4be4-large.png","wideIconUri":"/14048937628516451912/Nc47721e6-e58c-4ed9-909b-4cb926f72dfc-wide.png"},"connectionReferences":{"c5143658-22ae-400a-9865-74754100b210":{"id":"0eddb4b5-682c-47b5-afde-cd07a2054a70","displayName":"Flow management","iconUri":"https://psux.azureedge.net/Content/Images/Connectors/FlowManagement.png","dataSources":["Flow"],"dependencies":[],"dependents":[],"parameterHints":{},"isOnPremiseConnection":false,"bypassConsent":false,"dataSets":{},"apiTier":"Standard","isCustomApiConnection":false},"eaba5645-96d2-4e84-8023-568d70a849be":{"id":"182acefe-c3b9-4973-b17a-f40c626e838d","displayName":"PowerApps for Admins","iconUri":"https://connectoricons-prod.azureedge.net/powerappsforadmins/icon_1.0.1257.1710.png","dataSources":["PowerAppsforAdmins"],"dependencies":[],"dependents":[],"parameterHints":{},"isOnPremiseConnection":false,"bypassConsent":false,"dataSets":{},"apiTier":"Standard","isCustomApiConnection":false},"a2301948-7a26-44e5-80b4-c02d933d9cf9":{"id":"77664c30-5c4d-4d95-81b6-b3fc33d3c1bf","displayName":"Office 365 Users","iconUri":"https://connectoricons-prod.azureedge.net/office365users/icon_1.0.1293.1804.png","dataSources":["Office365Users"],"dependencies":[],"dependents":[],"parameterHints":{},"isOnPremiseConnection":false,"bypassConsent":false,"dataSets":{},"apiTier":"Standard","isCustomApiConnection":false},"f872ef15-f525-4f0a-9b9a-0ef7fbef7e8d":{"id":"1f2a9fbe-9c5d-4ced-94d9-79010c3d5cce","displayName":"PowerApps for App Makers","iconUri":"https://connectoricons-prod.azureedge.net/powerappsforappmakers/icon_1.0.1257.1710.png","dataSources":["PowerAppsforAppMakers"],"dependencies":[],"dependents":[],"parameterHints":{},"isOnPremiseConnection":false,"bypassConsent":false,"dataSets":{},"apiTier":"Standard","isCustomApiConnection":false},"8a4696b7-dd58-49c8-846b-6f5085b37ac7":{"id":"9b6e436a-dec4-4864-801f-0201f0acd72f","displayName":"PowerPlatform for Admins","iconUri":"https://connectoricons-prod.azureedge.net/powerplatformforadmins/icon_1.0.1284.1763.png","dataSources":["PowerplatformforAdmins"],"dependencies":[],"dependents":[],"parameterHints":{},"isOnPremiseConnection":false,"bypassConsent":false,"dataSets":{},"apiTier":"Standard","isCustomApiConnection":false}},"databaseReferences":{"default.cds":{"databaseDetails":{"referenceType":"Environmental","environmentName":"default.cds"},"dataSources":{"COE Settings":{"entitySetName":"admin_coesettingses","logicalName":"admin_coesettings"}}}},"almMode":"Solution","performanceOptimizationEnabled":false},"isAppComponentLibrary":false,"appComponents":[]}}