<ImportExportXml xmlns:xsi="http://www.w3.org/2001/XMLSchema-instance">
  <Entities></Entities>
  <Roles></Roles>
  <Workflows>
    <Workflow WorkflowId="{751183fc-db68-ea11-a811-000d3a31cf04}" Name="[Child] Admin | Sync Logs">
      <JsonFileName>/Workflows/ChildAdminSyncLogs-751183FC-DB68-EA11-A811-000D3A31CF04.json</JsonFileName>
      <Type>1</Type>
      <Subprocess>0</Subprocess>
      <Category>5</Category>
      <Mode>0</Mode>
      <Scope>4</Scope>
      <OnDemand>0</OnDemand>
      <TriggerOnCreate>0</TriggerOnCreate>
      <TriggerOnDelete>0</TriggerOnDelete>
      <AsyncAutodelete>0</AsyncAutodelete>
      <SyncWorkflowLogOnFailure>0</SyncWorkflowLogOnFailure>
      <StateCode>1</StateCode>
      <StatusCode>2</StatusCode>
      <RunAs>1</RunAs>
      <IsTransacted>1</IsTransacted>
      <IntroducedVersion>1.0</IntroducedVersion>
      <IsCustomizable>1</IsCustomizable>
      <IsCustomProcessingStepAllowedForOtherPublishers>1</IsCustomProcessingStepAllowedForOtherPublishers>
      <PrimaryEntity>none</PrimaryEntity>
      <LocalizedNames>
        <LocalizedName languagecode="1033" description="[Child] Admin | Sync Logs" />
      </LocalizedNames>
    </Workflow>
    <Workflow WorkflowId="{fa91974d-6e68-ea11-a811-000d3a31cf04}" Name="Admin | Sync Audit Logs">
      <JsonFileName>/Workflows/AdminSyncAuditLogs-FA91974D-6E68-EA11-A811-000D3A31CF04.json</JsonFileName>
      <Type>1</Type>
      <Subprocess>0</Subprocess>
      <Category>5</Category>
      <Mode>0</Mode>
      <Scope>4</Scope>
      <OnDemand>0</OnDemand>
      <TriggerOnCreate>0</TriggerOnCreate>
      <TriggerOnDelete>0</TriggerOnDelete>
      <AsyncAutodelete>0</AsyncAutodelete>
      <SyncWorkflowLogOnFailure>0</SyncWorkflowLogOnFailure>
      <StateCode>1</StateCode>
      <StatusCode>2</StatusCode>
      <RunAs>1</RunAs>
      <IsTransacted>1</IsTransacted>
      <IntroducedVersion>1.0</IntroducedVersion>
      <IsCustomizable>1</IsCustomizable>
      <IsCustomProcessingStepAllowedForOtherPublishers>1</IsCustomProcessingStepAllowedForOtherPublishers>
      <PrimaryEntity>none</PrimaryEntity>
      <LocalizedNames>
        <LocalizedName languagecode="1033" description="Admin | Sync Audit Logs" />
      </LocalizedNames>
    </Workflow>
  </Workflows>
  <FieldSecurityProfiles></FieldSecurityProfiles>
  <Templates />
  <EntityMaps />
  <EntityRelationships />
  <EnvironmentVariables>
    <Definition IntroducedVersion="1.0.0.0">
      <SchemaName>admin_TenantID</SchemaName>
      <IsRequired>0</IsRequired>
      <Type>100000000</Type>
      <DefaultValue xsi:nil="true"></DefaultValue>
      <DisplayName>
        <LocalizedNames>
          <LocalizedName description="Tenant ID" languagecode="1033" />
        </LocalizedNames>
      </DisplayName>
      <Description>
        <LocalizedNames>
          <LocalizedName description="Azure Tenant ID" languagecode="1033" />
        </LocalizedNames>
      </Description>
    </Definition>
  </EnvironmentVariables>
  <OrganizationSettings />
  <optionsets />
  <CustomControls />
  <EntityDataProviders />
  <connectionreferences>
    <connectionreference connectionreferencelogicalname="admin_Office365AuditCustomCoEConnection">
      <connectionreferencedisplayname>Office 365 Audit (Custom) CoE Connection</connectionreferencedisplayname>
      <connectorid>/providers/Microsoft.PowerApps/apis/shared_admin-5foffice-20365-20management-20api-5f691c36f6fa56d15c</connectorid>
      <customconnectorid>
        <connectorid>de4da0c8-bd02-41df-b0da-bbe0290e8fb4</connectorid>
      </customconnectorid>
      <iscustomizable>1</iscustomizable>
      <statecode>0</statecode>
      <statuscode>1</statuscode>
    </connectionreference>
    <connectionreference connectionreferencelogicalname="admin_sharedadmin5foffice2036520management20api5f691c36f6fa56d15c_a4b81">
      <connectionreferencedisplayname>Office 365 Management API</connectionreferencedisplayname>
      <connectorid>/providers/Microsoft.PowerApps/apis/shared_admin-5foffice-20365-20management-20api-5f691c36f6fa56d15c</connectorid>
      <customconnectorid>
        <connectorid>de4da0c8-bd02-41df-b0da-bbe0290e8fb4</connectorid>
      </customconnectorid>
      <iscustomizable>1</iscustomizable>
      <statecode>0</statecode>
      <statuscode>1</statuscode>
    </connectionreference>
    <connectionreference connectionreferencelogicalname="admin_CDSCoEAuditConnection">
      <connectionreferencedisplayname>CDS CoE Audit Connection</connectionreferencedisplayname>
      <connectorid>/providers/Microsoft.PowerApps/apis/shared_commondataservice</connectorid>
      <iscustomizable>1</iscustomizable>
      <statecode>0</statecode>
      <statuscode>1</statuscode>
    </connectionreference>
    <connectionreference connectionreferencelogicalname="admin_CDSCurrentEnvironmentCoEAuditConnection">
      <connectionreferencedisplayname>CDS (Current Environment) CoE Audit Connection</connectionreferencedisplayname>
      <connectorid>/providers/Microsoft.PowerApps/apis/shared_commondataserviceforapps</connectorid>
      <iscustomizable>1</iscustomizable>
      <statecode>0</statecode>
      <statuscode>1</statuscode>
    </connectionreference>
  </connectionreferences>
  <Languages>
    <Language>1033</Language>
  </Languages>
</ImportExportXml>