<ImportExportXml version="9.1.0.24949" SolutionPackageVersion="9.1" languagecode="1033" generatedBy="CrmLive" xmlns:xsi="http://www.w3.org/2001/XMLSchema-instance">
  <SolutionManifest>
    <UniqueName>CenterofExcellenceAuditLogs</UniqueName>
    <LocalizedNames>
      <LocalizedName description="Center of Excellence - Audit Logs" languagecode="1033" />
    </LocalizedNames>
    <Descriptions />
    <Version>1.3.2</Version>
    <Managed>1</Managed>
    <Publisher>
      <UniqueName>powerplatformadmin</UniqueName>
      <LocalizedNames>
        <LocalizedName description="Power Platform Admin" languagecode="1033" />
      </LocalizedNames>
      <Descriptions />
      <EMailAddress xsi:nil="true"></EMailAddress>
      <SupportingWebsiteUrl xsi:nil="true"></SupportingWebsiteUrl>
      <CustomizationPrefix>admin</CustomizationPrefix>
      <CustomizationOptionValuePrefix>59791</CustomizationOptionValuePrefix>
      <Addresses>
        <Address>
          <AddressNumber>1</AddressNumber>
          <AddressTypeCode>1</AddressTypeCode>
          <City xsi:nil="true"></City>
          <County xsi:nil="true"></County>
          <Country xsi:nil="true"></Country>
          <Fax xsi:nil="true"></Fax>
          <FreightTermsCode xsi:nil="true"></FreightTermsCode>
          <ImportSequenceNumber xsi:nil="true"></ImportSequenceNumber>
          <Latitude xsi:nil="true"></Latitude>
          <Line1 xsi:nil="true"></Line1>
          <Line2 xsi:nil="true"></Line2>
          <Line3 xsi:nil="true"></Line3>
          <Longitude xsi:nil="true"></Longitude>
          <Name xsi:nil="true"></Name>
          <PostalCode xsi:nil="true"></PostalCode>
          <PostOfficeBox xsi:nil="true"></PostOfficeBox>
          <PrimaryContactName xsi:nil="true"></PrimaryContactName>
          <ShippingMethodCode>1</ShippingMethodCode>
          <StateOrProvince xsi:nil="true"></StateOrProvince>
          <Telephone1 xsi:nil="true"></Telephone1>
          <Telephone2 xsi:nil="true"></Telephone2>
          <Telephone3 xsi:nil="true"></Telephone3>
          <TimeZoneRuleVersionNumber xsi:nil="true"></TimeZoneRuleVersionNumber>
          <UPSZone xsi:nil="true"></UPSZone>
          <UTCOffset xsi:nil="true"></UTCOffset>
          <UTCConversionTimeZoneCode xsi:nil="true"></UTCConversionTimeZoneCode>
        </Address>
        <Address>
          <AddressNumber>2</AddressNumber>
          <AddressTypeCode>1</AddressTypeCode>
          <City xsi:nil="true"></City>
          <County xsi:nil="true"></County>
          <Country xsi:nil="true"></Country>
          <Fax xsi:nil="true"></Fax>
          <FreightTermsCode xsi:nil="true"></FreightTermsCode>
          <ImportSequenceNumber xsi:nil="true"></ImportSequenceNumber>
          <Latitude xsi:nil="true"></Latitude>
          <Line1 xsi:nil="true"></Line1>
          <Line2 xsi:nil="true"></Line2>
          <Line3 xsi:nil="true"></Line3>
          <Longitude xsi:nil="true"></Longitude>
          <Name xsi:nil="true"></Name>
          <PostalCode xsi:nil="true"></PostalCode>
          <PostOfficeBox xsi:nil="true"></PostOfficeBox>
          <PrimaryContactName xsi:nil="true"></PrimaryContactName>
          <ShippingMethodCode>1</ShippingMethodCode>
          <StateOrProvince xsi:nil="true"></StateOrProvince>
          <Telephone1 xsi:nil="true"></Telephone1>
          <Telephone2 xsi:nil="true"></Telephone2>
          <Telephone3 xsi:nil="true"></Telephone3>
          <TimeZoneRuleVersionNumber xsi:nil="true"></TimeZoneRuleVersionNumber>
          <UPSZone xsi:nil="true"></UPSZone>
          <UTCOffset xsi:nil="true"></UTCOffset>
          <UTCConversionTimeZoneCode xsi:nil="true"></UTCConversionTimeZoneCode>
        </Address>
      </Addresses>
    </Publisher>
    <RootComponents>
      <RootComponent type="29" id="{751183fc-db68-ea11-a811-000d3a31cf04}" behavior="0" />
      <RootComponent type="29" id="{fa91974d-6e68-ea11-a811-000d3a31cf04}" behavior="0" />
      <RootComponent type="380" schemaName="admin_TenantID" behavior="0" />
    </RootComponents>
    <MissingDependencies>
      <MissingDependency>
        <Required key="0" type="1" schemaName="environmentvariablevalue" displayName="Environment Variable Value" solution="EnvironmentVariables (1.0.2.48)" />
        <Dependent key="1" type="29" displayName="Admin | Sync Audit Logs" id="{fa91974d-6e68-ea11-a811-000d3a31cf04}" />
      </MissingDependency>
      <MissingDependency>
        <Required key="2" type="connectionreference" displayName="admin_CDSCurrentEnvironmentCoEConnection" solution="Active" id.connectionreferencelogicalname="admin_CDSCurrentEnvironmentCoEConnection" />
        <Dependent key="1" type="29" displayName="Admin | Sync Audit Logs" id="{fa91974d-6e68-ea11-a811-000d3a31cf04}" />
      </MissingDependency>
      <MissingDependency>
        <Required key="3" type="connectionreference" displayName="admin_Office365UsersCoEConnection" solution="Active" id.connectionreferencelogicalname="admin_Office365UsersCoEConnection" />
        <Dependent key="1" type="29" displayName="Admin | Sync Audit Logs" id="{fa91974d-6e68-ea11-a811-000d3a31cf04}" />
      </MissingDependency>
      <MissingDependency>
        <Required key="4" type="connectionreference" displayName="admin_Office365GroupsCoEConnection" solution="Active" id.connectionreferencelogicalname="admin_Office365GroupsCoEConnection" />
        <Dependent key="1" type="29" displayName="Admin | Sync Audit Logs" id="{fa91974d-6e68-ea11-a811-000d3a31cf04}" />
      </MissingDependency>
      <MissingDependency>
        <Required key="5" type="372" schemaName="admin_5Foffice-20365-20management-20api" displayName="Office 365 Management API" solution="Active" id="{de4da0c8-bd02-41df-b0da-bbe0290e8fb4}" />
        <Dependent key="6" type="29" displayName="[Child] Admin | Sync Logs" id="{751183fc-db68-ea11-a811-000d3a31cf04}" />
      </MissingDependency>
      <MissingDependency>
        <Required key="5" type="372" schemaName="admin_5Foffice-20365-20management-20api" displayName="Office 365 Management API" solution="Active" id="{de4da0c8-bd02-41df-b0da-bbe0290e8fb4}" />
        <Dependent key="7" type="connectionreference" displayName="admin_Office365AuditCustomCoEConnection" id.connectionreferencelogicalname="admin_Office365AuditCustomCoEConnection" />
      </MissingDependency>
      <MissingDependency>
        <Required key="5" type="372" schemaName="admin_5Foffice-20365-20management-20api" displayName="Office 365 Management API" solution="Active" id="{de4da0c8-bd02-41df-b0da-bbe0290e8fb4}" />
        <Dependent key="8" type="connectionreference" displayName="admin_sharedadmin5foffice2036520management20api5f691c36f6fa56d15c_a4b81" id.connectionreferencelogicalname="admin_sharedadmin5foffice2036520management20api5f691c36f6fa56d15c_a4b81" />
      </MissingDependency>
    </MissingDependencies>
  </SolutionManifest>
</ImportExportXml>