<ImportExportXml version="9.1.0.24647" SolutionPackageVersion="9.1" languagecode="1033" generatedBy="CrmLive" xmlns:xsi="http://www.w3.org/2001/XMLSchema-instance">
  <SolutionManifest>
    <UniqueName>CenterofExcellenceAuditComponents</UniqueName>
    <LocalizedNames>
      <LocalizedName description="Center of Excellence - Governance Components" languagecode="1033" />
    </LocalizedNames>
    <Descriptions />
    <Version>1.25</Version>
    <Managed>1</Managed>
    <Publisher>
      <UniqueName>powerplatformadmin</UniqueName>
      <LocalizedNames>
        <LocalizedName description="Power Platform Admin" languagecode="1033" />
      </LocalizedNames>
      <Descriptions />
      <EMailAddress xsi:nil="true"></EMailAddress>
      <SupportingWebsiteUrl xsi:nil="true"></SupportingWebsiteUrl>
      <CustomizationPrefix>admin</CustomizationPrefix>
      <CustomizationOptionValuePrefix>59791</CustomizationOptionValuePrefix>
      <Addresses>
        <Address>
          <AddressNumber>1</AddressNumber>
          <AddressTypeCode>1</AddressTypeCode>
          <City xsi:nil="true"></City>
          <County xsi:nil="true"></County>
          <Country xsi:nil="true"></Country>
          <Fax xsi:nil="true"></Fax>
          <FreightTermsCode xsi:nil="true"></FreightTermsCode>
          <ImportSequenceNumber xsi:nil="true"></ImportSequenceNumber>
          <Latitude xsi:nil="true"></Latitude>
          <Line1 xsi:nil="true"></Line1>
          <Line2 xsi:nil="true"></Line2>
          <Line3 xsi:nil="true"></Line3>
          <Longitude xsi:nil="true"></Longitude>
          <Name xsi:nil="true"></Name>
          <PostalCode xsi:nil="true"></PostalCode>
          <PostOfficeBox xsi:nil="true"></PostOfficeBox>
          <PrimaryContactName xsi:nil="true"></PrimaryContactName>
          <ShippingMethodCode>1</ShippingMethodCode>
          <StateOrProvince xsi:nil="true"></StateOrProvince>
          <Telephone1 xsi:nil="true"></Telephone1>
          <Telephone2 xsi:nil="true"></Telephone2>
          <Telephone3 xsi:nil="true"></Telephone3>
          <TimeZoneRuleVersionNumber xsi:nil="true"></TimeZoneRuleVersionNumber>
          <UPSZone xsi:nil="true"></UPSZone>
          <UTCOffset xsi:nil="true"></UTCOffset>
          <UTCConversionTimeZoneCode xsi:nil="true"></UTCConversionTimeZoneCode>
        </Address>
        <Address>
          <AddressNumber>2</AddressNumber>
          <AddressTypeCode>1</AddressTypeCode>
          <City xsi:nil="true"></City>
          <County xsi:nil="true"></County>
          <Country xsi:nil="true"></Country>
          <Fax xsi:nil="true"></Fax>
          <FreightTermsCode xsi:nil="true"></FreightTermsCode>
          <ImportSequenceNumber xsi:nil="true"></ImportSequenceNumber>
          <Latitude xsi:nil="true"></Latitude>
          <Line1 xsi:nil="true"></Line1>
          <Line2 xsi:nil="true"></Line2>
          <Line3 xsi:nil="true"></Line3>
          <Longitude xsi:nil="true"></Longitude>
          <Name xsi:nil="true"></Name>
          <PostalCode xsi:nil="true"></PostalCode>
          <PostOfficeBox xsi:nil="true"></PostOfficeBox>
          <PrimaryContactName xsi:nil="true"></PrimaryContactName>
          <ShippingMethodCode>1</ShippingMethodCode>
          <StateOrProvince xsi:nil="true"></StateOrProvince>
          <Telephone1 xsi:nil="true"></Telephone1>
          <Telephone2 xsi:nil="true"></Telephone2>
          <Telephone3 xsi:nil="true"></Telephone3>
          <TimeZoneRuleVersionNumber xsi:nil="true"></TimeZoneRuleVersionNumber>
          <UPSZone xsi:nil="true"></UPSZone>
          <UTCOffset xsi:nil="true"></UTCOffset>
          <UTCConversionTimeZoneCode xsi:nil="true"></UTCConversionTimeZoneCode>
        </Address>
      </Addresses>
    </Publisher>
    <RootComponents>
      <RootComponent type="1" schemaName="admin_archiveapproval" behavior="0" />
      <RootComponent type="9" schemaName="cr5d5_archivalitemtype" behavior="0" />
      <RootComponent type="29" id="{0d0f5e5e-661f-eb11-a814-000d3a1bb7bb}" behavior="0" />
      <RootComponent type="29" id="{10610458-cbee-e911-a86a-000d3a37207b}" behavior="0" />
      <RootComponent type="29" id="{11f2ff3d-0987-e911-a856-000d3a372932}" behavior="0" />
      <RootComponent type="29" id="{27700ed2-db1e-eb11-a813-000d3a1bb495}" behavior="0" />
      <RootComponent type="29" id="{33024c20-c222-eb11-a813-000d3a1bb495}" behavior="0" />
      <RootComponent type="29" id="{708e4fc8-5e23-eb11-a813-000d3a1bb495}" behavior="0" />
      <RootComponent type="29" id="{c7982cc4-3024-eb11-a813-000d3a8c389b}" behavior="0" />
      <RootComponent type="62" schemaName="admin_AppArchiveandCleanUpView" behavior="0" />
      <RootComponent type="80" schemaName="admin_AppArchiveandCleanUpView" behavior="0" />
      <RootComponent type="300" schemaName="admin_powerappcreatorportal_046cc" behavior="0" />
      <RootComponent type="380" schemaName="admin_AutoDeleteOnArchive" behavior="0" />
      <RootComponent type="380" schemaName="admin_DeveloperComplianceCenterURL" behavior="0" />
      <RootComponent type="380" schemaName="admin_eMailHeaderStyle" behavior="0" />
      <RootComponent type="380" schemaName="admin_ProductionEnvironment" behavior="0" />
    </RootComponents>
    <MissingDependencies>
      <MissingDependency>
        <Required key="0" type="1" schemaName="admin_coesettings" displayName="COE Settings" solution="Active" />
        <Dependent key="1" type="29" displayName="Microsoft Teams Admin | Ask for Business Justification when Microsoft Teams environment is created" id="{33024c20-c222-eb11-a813-000d3a1bb495}" />
      </MissingDependency>
      <MissingDependency>
        <Required key="2" type="1" schemaName="admin_maker" displayName="Maker" solution="Active" />
        <Dependent key="1" type="29" displayName="Microsoft Teams Admin | Ask for Business Justification when Microsoft Teams environment is created" id="{33024c20-c222-eb11-a813-000d3a1bb495}" />
      </MissingDependency>
      <MissingDependency>
        <Required key="3" type="1" schemaName="admin_environment" displayName="Environment" solution="Active" />
        <Dependent key="1" type="29" displayName="Microsoft Teams Admin | Ask for Business Justification when Microsoft Teams environment is created" id="{33024c20-c222-eb11-a813-000d3a1bb495}" />
      </MissingDependency>
      <MissingDependency>
        <Required key="4" type="connectionreference" displayName="admin_CDSMainCoETeamsIntegration" solution="Active" id.connectionreferencelogicalname="admin_CDSMainCoETeamsIntegration" />
        <Dependent key="1" type="29" displayName="Microsoft Teams Admin | Ask for Business Justification when Microsoft Teams environment is created" id="{33024c20-c222-eb11-a813-000d3a1bb495}" />
      </MissingDependency>
      <MissingDependency>
        <Required key="5" type="connectionreference" displayName="admin_MicrosoftTeamsCoEConnection" solution="Active" id.connectionreferencelogicalname="admin_MicrosoftTeamsCoEConnection" />
        <Dependent key="1" type="29" displayName="Microsoft Teams Admin | Ask for Business Justification when Microsoft Teams environment is created" id="{33024c20-c222-eb11-a813-000d3a1bb495}" />
      </MissingDependency>
      <MissingDependency>
        <Required key="6" type="connectionreference" displayName="admin_CDSCoETeamsIntegration" solution="Active" id.connectionreferencelogicalname="admin_CDSCoETeamsIntegration" />
        <Dependent key="1" type="29" displayName="Microsoft Teams Admin | Ask for Business Justification when Microsoft Teams environment is created" id="{33024c20-c222-eb11-a813-000d3a1bb495}" />
      </MissingDependency>
      <MissingDependency>
        <Required key="7" type="1" schemaName="environmentvariabledefinition" displayName="Environment Variable Definition" solution="EnvironmentVariables (1.0.2.47)" />
        <Dependent key="8" type="29" displayName="Admin | Approval Clean Up" id="{0d0f5e5e-661f-eb11-a814-000d3a1bb7bb}" />
      </MissingDependency>
      <MissingDependency>
        <Required key="9" type="1" schemaName="environmentvariablevalue" displayName="Environment Variable Value" solution="EnvironmentVariables (1.0.2.47)" />
        <Dependent key="8" type="29" displayName="Admin | Approval Clean Up" id="{0d0f5e5e-661f-eb11-a814-000d3a1bb7bb}" />
      </MissingDependency>
      <MissingDependency>
        <Required key="10" type="connectionreference" displayName="admin_PowerAutomateManagementCoEConnection" solution="Active" id.connectionreferencelogicalname="admin_PowerAutomateManagementCoEConnection" />
        <Dependent key="8" type="29" displayName="Admin | Approval Clean Up" id="{0d0f5e5e-661f-eb11-a814-000d3a1bb7bb}" />
      </MissingDependency>
      <MissingDependency>
        <Required key="11" type="connectionreference" displayName="admin_Office365UsersCoEConnection" solution="Active" id.connectionreferencelogicalname="admin_Office365UsersCoEConnection" />
        <Dependent key="8" type="29" displayName="Admin | Approval Clean Up" id="{0d0f5e5e-661f-eb11-a814-000d3a1bb7bb}" />
      </MissingDependency>
      <MissingDependency>
        <Required key="12" type="connectionreference" displayName="admin_PowerAppsforAdminsCoEConnection" solution="Active" id.connectionreferencelogicalname="admin_PowerAppsforAdminsCoEConnection" />
        <Dependent key="8" type="29" displayName="Admin | Approval Clean Up" id="{0d0f5e5e-661f-eb11-a814-000d3a1bb7bb}" />
      </MissingDependency>
      <MissingDependency>
        <Required key="2" type="1" schemaName="admin_maker" displayName="Maker" solution="Active" />
        <Dependent key="13" type="29" displayName="Microsoft Teams Admin  | Weekly Clean Up of Microsoft Teams environments" id="{708e4fc8-5e23-eb11-a813-000d3a1bb495}" />
      </MissingDependency>
      <MissingDependency>
        <Required key="3" type="1" schemaName="admin_environment" displayName="Environment" solution="Active" />
        <Dependent key="13" type="29" displayName="Microsoft Teams Admin  | Weekly Clean Up of Microsoft Teams environments" id="{708e4fc8-5e23-eb11-a813-000d3a1bb495}" />
      </MissingDependency>
      <MissingDependency>
        <Required key="4" type="connectionreference" displayName="admin_CDSMainCoETeamsIntegration" solution="Active" id.connectionreferencelogicalname="admin_CDSMainCoETeamsIntegration" />
        <Dependent key="13" type="29" displayName="Microsoft Teams Admin  | Weekly Clean Up of Microsoft Teams environments" id="{708e4fc8-5e23-eb11-a813-000d3a1bb495}" />
      </MissingDependency>
      <MissingDependency>
        <Required key="6" type="connectionreference" displayName="admin_CDSCoETeamsIntegration" solution="Active" id.connectionreferencelogicalname="admin_CDSCoETeamsIntegration" />
        <Dependent key="13" type="29" displayName="Microsoft Teams Admin  | Weekly Clean Up of Microsoft Teams environments" id="{708e4fc8-5e23-eb11-a813-000d3a1bb495}" />
      </MissingDependency>
      <MissingDependency>
        <Required key="5" type="connectionreference" displayName="admin_MicrosoftTeamsCoEConnection" solution="Active" id.connectionreferencelogicalname="admin_MicrosoftTeamsCoEConnection" />
        <Dependent key="13" type="29" displayName="Microsoft Teams Admin  | Weekly Clean Up of Microsoft Teams environments" id="{708e4fc8-5e23-eb11-a813-000d3a1bb495}" />
      </MissingDependency>
      <MissingDependency>
        <Required key="11" type="connectionreference" displayName="admin_Office365UsersCoEConnection" solution="Active" id.connectionreferencelogicalname="admin_Office365UsersCoEConnection" />
        <Dependent key="14" type="29" displayName="Admin | App Archive and Clean Up - Start Approval" id="{10610458-cbee-e911-a86a-000d3a37207b}" />
      </MissingDependency>
      <MissingDependency>
        <Required key="15" type="connectionreference" displayName="admin_Office365OutlookCoEConnection" solution="Active" id.connectionreferencelogicalname="admin_Office365OutlookCoEConnection" />
        <Dependent key="14" type="29" displayName="Admin | App Archive and Clean Up - Start Approval" id="{10610458-cbee-e911-a86a-000d3a37207b}" />
      </MissingDependency>
      <MissingDependency>
        <Required key="12" type="connectionreference" displayName="admin_PowerAppsforAdminsCoEConnection" solution="Active" id.connectionreferencelogicalname="admin_PowerAppsforAdminsCoEConnection" />
        <Dependent key="14" type="29" displayName="Admin | App Archive and Clean Up - Start Approval" id="{10610458-cbee-e911-a86a-000d3a37207b}" />
      </MissingDependency>
      <MissingDependency>
        <Required key="15" type="connectionreference" displayName="admin_Office365OutlookCoEConnection" solution="Active" id.connectionreferencelogicalname="admin_Office365OutlookCoEConnection" />
        <Dependent key="16" type="29" displayName="Admin | Flow Archive and Clean Up - Start Approval" id="{27700ed2-db1e-eb11-a813-000d3a1bb495}" />
      </MissingDependency>
      <MissingDependency>
        <Required key="10" type="connectionreference" displayName="admin_PowerAutomateManagementCoEConnection" solution="Active" id.connectionreferencelogicalname="admin_PowerAutomateManagementCoEConnection" />
        <Dependent key="16" type="29" displayName="Admin | Flow Archive and Clean Up - Start Approval" id="{27700ed2-db1e-eb11-a813-000d3a1bb495}" />
      </MissingDependency>
      <MissingDependency>
        <Required key="11" type="connectionreference" displayName="admin_Office365UsersCoEConnection" solution="Active" id.connectionreferencelogicalname="admin_Office365UsersCoEConnection" />
        <Dependent key="16" type="29" displayName="Admin | Flow Archive and Clean Up - Start Approval" id="{27700ed2-db1e-eb11-a813-000d3a1bb495}" />
      </MissingDependency>
      <MissingDependency>
        <Required key="15" type="connectionreference" displayName="admin_Office365OutlookCoEConnection" solution="Active" id.connectionreferencelogicalname="admin_Office365OutlookCoEConnection" />
        <Dependent key="17" type="29" displayName="Admin | Compliance detail request" id="{11f2ff3d-0987-e911-a856-000d3a372932}" />
      </MissingDependency>
      <MissingDependency>
        <Required key="18" type="connectionreference" displayName="admin_CDSCoEConnection" solution="Active" id.connectionreferencelogicalname="admin_CDSCoEConnection" />
        <Dependent key="17" type="29" displayName="Admin | Compliance detail request" id="{11f2ff3d-0987-e911-a856-000d3a372932}" />
      </MissingDependency>
      <MissingDependency>
        <Required key="11" type="connectionreference" displayName="admin_Office365UsersCoEConnection" solution="Active" id.connectionreferencelogicalname="admin_Office365UsersCoEConnection" />
        <Dependent key="17" type="29" displayName="Admin | Compliance detail request" id="{11f2ff3d-0987-e911-a856-000d3a372932}" />
      </MissingDependency>
      <MissingDependency>
        <Required key="15" type="connectionreference" displayName="admin_Office365OutlookCoEConnection" solution="Active" id.connectionreferencelogicalname="admin_Office365OutlookCoEConnection" />
        <Dependent key="19" type="29" displayName="Admin | Check Approvals" id="{c7982cc4-3024-eb11-a813-000d3a8c389b}" />
      </MissingDependency>
      <MissingDependency>
        <Required key="0" type="1" schemaName="admin_coesettings" displayName="COE Settings" solution="Active" />
        <Dependent key="20" type="300" schemaName="admin_powerappcreatorportal_046cc" displayName="Developer Compliance Center" />
      </MissingDependency>
      <MissingDependency>
        <Required key="21" type="1" schemaName="admin_flow" displayName="Flow" solution="Active" />
        <Dependent key="20" type="300" schemaName="admin_powerappcreatorportal_046cc" displayName="Developer Compliance Center" />
      </MissingDependency>
      <MissingDependency>
        <Required key="22" type="1" schemaName="admin_app" displayName="PowerApps App" solution="Active" />
        <Dependent key="20" type="300" schemaName="admin_powerappcreatorportal_046cc" displayName="Developer Compliance Center" />
      </MissingDependency>
      <MissingDependency>
        <Required key="3" type="1" schemaName="admin_environment" displayName="Environment" solution="Active" />
        <Dependent key="20" type="300" schemaName="admin_powerappcreatorportal_046cc" displayName="Developer Compliance Center" />
      </MissingDependency>
      <MissingDependency>
        <Required key="2" type="1" schemaName="admin_maker" displayName="Maker" solution="Active" />
        <Dependent key="20" type="300" schemaName="admin_powerappcreatorportal_046cc" displayName="Developer Compliance Center" />
      </MissingDependency>
      <MissingDependency>
        <Required key="23" type="1" schemaName="admin_pva" displayName="Chatbot" solution="Active" />
        <Dependent key="20" type="300" schemaName="admin_powerappcreatorportal_046cc" displayName="Developer Compliance Center" />
      </MissingDependency>
      <MissingDependency>
        <Required key="24" type="1" schemaName="admin_connector" displayName="PowerApps Connector" solution="Active" />
        <Dependent key="20" type="300" schemaName="admin_powerappcreatorportal_046cc" displayName="Developer Compliance Center" />
      </MissingDependency>
      <MissingDependency>
        <Required key="25" type="61" schemaName="msdyn_/Images/AppModule_Default_Icon.png" displayName="msdyn_/Images/AppModule_Default_Icon.png" solution="AppModuleWebResources (2.5)" />
        <Dependent key="26" type="80" schemaName="admin_AppArchiveandCleanUpView" displayName="App Archive and Clean Up View" />
      </MissingDependency>
    </MissingDependencies>
  </SolutionManifest>
</ImportExportXml>