{
  "properties": {
    "connectionReferences": {
      "shared_office365": {
        "runtimeSource": "embedded",
        "connection": {
          "connectionReferenceLogicalName": "cat_sharedoffice365_4b5e1"
        },
        "api": {
          "name": "shared_office365"
        }
      },
      "shared_commondataserviceforapps": {
        "runtimeSource": "embedded",
        "connection": {
          "connectionReferenceLogicalName": "cat_CDSCurrentEnvConnectionReference"
        },
        "api": {
          "name": "shared_commondataserviceforapps"
        }
      }
    },
    "definition": {
      "$schema": "https://schema.management.azure.com/providers/Microsoft.Logic/schemas/2016-06-01/workflowdefinition.json#",
      "contentVersion": "1.0.0.0",
      "parameters": {
        "$connections": {
          "defaultValue": {},
          "type": "Object"
        },
        "$authentication": {
          "defaultValue": {},
          "type": "SecureObject"
        }
      },
      "triggers": {
        "When_a_row_is_added,_modified_or_deleted": {
          "metadata": {
            "operationMetadataId": "741858cd-90fe-4cc9-95e5-04f441085f2a"
          },
          "type": "OpenApiConnectionWebhook",
          "inputs": {
            "host": {
              "connectionName": "shared_commondataserviceforapps",
              "operationId": "SubscribeWebhookTrigger",
              "apiId": "/providers/Microsoft.PowerApps/apis/shared_commondataserviceforapps"
            },
            "parameters": {
              "subscriptionRequest/message": 3,
              "subscriptionRequest/entityname": "cat_reviewrequest",
              "subscriptionRequest/scope": 2,
              "subscriptionRequest/filteringattributes": "cat_requeststatus",
              "subscriptionRequest/filterexpression": "cat_requeststatus eq 695100002"
            },
            "authentication": "@parameters('$authentication')"
          }
        }
      },
      "actions": {
        "Run_a_Child_Flow": {
          "runAfter": {},
          "metadata": {
            "operationMetadataId": "1d08cc3f-0650-4178-a285-f68692b2d8db"
          },
          "type": "Workflow",
          "inputs": {
            "host": {
              "workflowReferenceName": "1b4af77c-41a9-eb11-b1ac-000d3a1b48db"
            },
            "body": {
              "text": "@triggerOutputs()?['body/_cat_review_value']"
            }
          }
        },
        "Send_an_email_(V2)": {
          "runAfter": {
            "Run_a_Child_Flow": [
              "Succeeded"
            ]
          },
          "metadata": {
            "operationMetadataId": "44a69b7e-60be-4abb-8c21-8ff03358728d"
          },
          "type": "OpenApiConnection",
          "inputs": {
            "host": {
              "connectionName": "shared_office365",
              "operationId": "SendEmailV2",
              "apiId": "/providers/Microsoft.PowerApps/apis/shared_office365"
            },
            "parameters": {
              "emailMessage/To": "someone@contoso.com",
              "emailMessage/Subject": "Review Results",
              "emailMessage/Body": "<p>@{outputs('Run_a_Child_Flow')?['Body']?['htmlreport']}</p>"
            },
            "authentication": "@parameters('$authentication')"
          }
        }
      },
      "outputs": {}
    },
    "templateName": null
  },
  "schemaVersion": "1.0.0.0"
}