{"properties":{"connectionReferences":{"shared_commondataservice_1":{"runtimeSource":"embedded","connection":{},"api":{"name":"shared_commondataservice"}},"shared_sharepointonline":{"runtimeSource":"embedded","connection":{},"api":{"name":"shared_sharepointonline"}},"shared_powerappsforadmins":{"runtimeSource":"embedded","connection":{},"api":{"name":"shared_powerappsforadmins"}},"shared_commondataservice_2":{"runtimeSource":"embedded","connection":{},"api":{"name":"shared_commondataservice"}},"shared_office365":{"runtimeSource":"embedded","connection":{},"api":{"name":"shared_office365"}},"shared_commondataservice":{"runtimeSource":"embedded","connection":{},"api":{"name":"shared_commondataservice"}}},"definition":{"$schema":"https://schema.management.azure.com/providers/Microsoft.Logic/schemas/2016-06-01/workflowdefinition.json#","contentVersion":"1.0.0.0","parameters":{"$connections":{"defaultValue":{},"type":"Object"},"$authentication":{"defaultValue":{},"type":"SecureObject"}},"triggers":{"When_a_record_is_created":{"type":"OpenApiConnectionWebhook","inputs":{"host":{"connectionName":"shared_commondataservice","operationId":"SubscribeOnNewItems","apiId":"/providers/Microsoft.PowerApps/apis/shared_commondataservice"},"parameters":{"dataset":"default.cds","table":"msdyn_flow_approvalresponses","scope":"Business unit"},"authentication":"@parameters('$authentication')"}}},"actions":{"List_Archive_Approval_Tasks":{"runAfter":{"Set_Variables_(from_Environment_Variables)":["Succeeded"]},"type":"OpenApiConnection","inputs":{"host":{"connectionName":"shared_commondataservice","operationId":"GetItems_V2","apiId":"/providers/Microsoft.PowerApps/apis/shared_commondataservice"},"parameters":{"dataset":"default.cds","table":"admin_archiveapprovals"},"authentication":"@parameters('$authentication')"}},"Filter_Archive_Approval_to_get_current_item":{"runAfter":{"List_Archive_Approval_Tasks":["Succeeded"]},"type":"Query","inputs":{"from":"@outputs('List_Archive_Approval_Tasks')?['body/value']","where":"@equals(item()?['admin_approvalid'], triggerOutputs()?['body/_msdyn_flow_approvalresponse_approval_value'])"}},"Parse_JSON_-_Archive_Approval_Item":{"runAfter":{"Filter_Archive_Approval_to_get_current_item":["Succeeded"]},"type":"ParseJson","inputs":{"content":"@first(body('Filter_Archive_Approval_to_get_current_item'))","schema":{"type":"object","properties":{"@@odata.id":{"type":"string"},"@@odata.etag":{"type":"string"},"ItemInternalId":{"type":"string"},"_owningbusinessunit_value":{"type":"string"},"_owningbusinessunit_type":{"type":"string"},"statecode":{"type":"integer"},"_statecode_label":{"type":"string"},"statuscode":{"type":"integer"},"_statuscode_label":{"type":"string"},"_createdby_value":{"type":"string"},"_createdby_type":{"type":"string"},"admin_name":{"type":"string"},"admin_approvalid":{"type":"string"},"createdon":{"type":"string"},"_modifiedby_value":{"type":"string"},"_modifiedby_type":{"type":"string"},"admin_archiveapprovalid":{"type":"string"},"versionnumber":{"type":"integer"},"modifiedon":{"type":"string"},"_ownerid_value":{"type":"string"},"_ownerid_type":{"type":"string"},"admin_appenvironmentname":{"type":"string"},"admin_appreadonlyvalue":{"type":"string"},"admin_appname":{"type":"string"},"admin_appdisplayname":{"type":"string"},"admin_appownername":{"type":"string"},"admin_appowneremail":{"type":"string"}}}}},"Initialize_Auto_Delete_Apps":{"runAfter":{},"type":"InitializeVariable","inputs":{"variables":[{"name":"autoDeleteApps","type":"Boolean","value":"@false"}]}},"Initialize_logoUrl":{"runAfter":{"Get_Settings":["Succeeded"]},"type":"InitializeVariable","inputs":{"variables":[{"name":"logoUrl","type":"String","value":"@{first(body('Get_Settings')?['value'])?['admin_logo']}"}]}},"Get_Settings":{"runAfter":{"Initialize_variable_new_readonlyvalue":["Succeeded"]},"metadata":{"flowSystemMetadata":{"swaggerOperationId":"GetItems_V2"}},"type":"ApiConnection","inputs":{"host":{"connection":{"name":"@parameters('$connections')['shared_commondataservice_1']['connectionId']"}},"method":"get","path":"/v2/datasets/@{encodeURIComponent(encodeURIComponent('default.cds'))}/tables/@{encodeURIComponent(encodeURIComponent('admin_coesettingses'))}/items","authentication":"@parameters('$authentication')"}},"Initialize_Archive_Folder":{"runAfter":{"Initialize_Auto_Delete_Apps":["Succeeded"]},"type":"InitializeVariable","inputs":{"variables":[{"name":"archiveFolder","type":"String","value":"PowerApps Archive"}]},"description":"Initialize the folder name of the document library "},"Initialize_Archive_Site_URL_(SharePoint_Site)":{"runAfter":{"Initialize_Archive_Folder":["Succeeded"]},"type":"InitializeVariable","inputs":{"variables":[{"name":"archiveSiteUrl","type":"String"}]},"description":"Initialize the top level site URL (not including the folder path) of your Archive SharePoint Site"},"Initialize_htmlHeader_(style)":{"runAfter":{"Initialize_Archive_Site_URL_(SharePoint_Site)":["Succeeded"]},"type":"InitializeVariable","inputs":{"variables":[{"name":"htmlHeader","type":"String"}]}},"Set_Variables_(from_Environment_Variables)":{"actions":{"List_Environment_Variable_-_admin_ArchiveSiteURLSharePointSite":{"runAfter":{},"metadata":{"flowSystemMetadata":{"swaggerOperationId":"GetItems_V2"}},"type":"ApiConnection","inputs":{"host":{"connection":{"name":"@parameters('$connections')['shared_commondataservice_1']['connectionId']"}},"method":"get","path":"/v2/datasets/@{encodeURIComponent(encodeURIComponent('default.cds'))}/tables/@{encodeURIComponent(encodeURIComponent('environmentvariabledefinitions'))}/items","queries":{"$filter":"schemaname eq 'admin_ArchiveSiteURLSharePointSite'"},"authentication":"@parameters('$authentication')"}},"Set_SharePoint_Archive_Site_URL_":{"foreach":"@body('List_Environment_Variable_-_admin_ArchiveSiteURLSharePointSite')?['value']","actions":{"Set_archiveSiteUrl":{"runAfter":{},"type":"SetVariable","inputs":{"name":"archiveSiteUrl","value":"@items('Set_SharePoint_Archive_Site_URL_')?['defaultvalue']"}}},"runAfter":{"List_Environment_Variable_-_admin_ArchiveSiteURLSharePointSite":["Succeeded"]},"type":"Foreach"},"List_Environment_Variable_-_admin_ArchiveFolder":{"runAfter":{"Set_SharePoint_Archive_Site_URL_":["Succeeded"]},"metadata":{"flowSystemMetadata":{"swaggerOperationId":"GetItems_V2"}},"type":"ApiConnection","inputs":{"host":{"connection":{"name":"@parameters('$connections')['shared_commondataservice_1']['connectionId']"}},"method":"get","path":"/v2/datasets/@{encodeURIComponent(encodeURIComponent('default.cds'))}/tables/@{encodeURIComponent(encodeURIComponent('environmentvariabledefinitions'))}/items","queries":{"$filter":"schemaname eq 'admin_ArchiveFolder'"},"authentication":"@parameters('$authentication')"}},"Set_SharePoint_Archive_Folder_Variable":{"foreach":"@body('List_Environment_Variable_-_admin_ArchiveFolder')?['value']","actions":{"Set_archiveFolder":{"runAfter":{},"type":"SetVariable","inputs":{"name":"archiveFolder","value":"@items('Set_SharePoint_Archive_Folder_Variable')?['defaultvalue']"}}},"runAfter":{"List_Environment_Variable_-_admin_ArchiveFolder":["Succeeded"]},"type":"Foreach"},"List_Environment_Variable_-_admin_eMailHeaderStyle":{"runAfter":{"Set_SharePoint_Archive_Folder_Variable":["Succeeded"]},"metadata":{"flowSystemMetadata":{"swaggerOperationId":"GetItems_V2"}},"type":"ApiConnection","inputs":{"host":{"connection":{"name":"@parameters('$connections')['shared_commondataservice_1']['connectionId']"}},"method":"get","path":"/v2/datasets/@{encodeURIComponent(encodeURIComponent('default.cds'))}/tables/@{encodeURIComponent(encodeURIComponent('environmentvariabledefinitions'))}/items","queries":{"$filter":"schemaname eq 'admin_eMailHeaderStyle'"},"authentication":"@parameters('$authentication')"}},"Set_HTML_Header_":{"foreach":"@body('List_Environment_Variable_-_admin_eMailHeaderStyle')?['value']","actions":{"Set_htmlHeader":{"runAfter":{},"type":"SetVariable","inputs":{"name":"htmlHeader","value":"@items('Set_HTML_Header_')?['defaultvalue']"}}},"runAfter":{"List_Environment_Variable_-_admin_eMailHeaderStyle":["Succeeded"]},"type":"Foreach"},"List_Environment_Variable_-_admin_AdminMail":{"runAfter":{"Set_HTML_Header_":["Succeeded"]},"metadata":{"flowSystemMetadata":{"swaggerOperationId":"GetItems_V2"}},"type":"ApiConnection","inputs":{"host":{"connection":{"name":"@parameters('$connections')['shared_commondataservice_1']['connectionId']"}},"method":"get","path":"/v2/datasets/@{encodeURIComponent(encodeURIComponent('default.cds'))}/tables/@{encodeURIComponent(encodeURIComponent('environmentvariabledefinitions'))}/items","queries":{"$filter":"schemaname eq 'admin_AdminMail'"},"authentication":"@parameters('$authentication')"}},"Set_Admin_Mail_Variable":{"foreach":"@body('List_Environment_Variable_-_admin_AdminMail')?['value']","actions":{"Set_variable":{"runAfter":{},"type":"SetVariable","inputs":{"name":"adminMail","value":"@items('Set_Admin_Mail_Variable')?['defaultvalue']"}}},"runAfter":{"List_Environment_Variable_-_admin_AdminMail":["Succeeded"]},"type":"Foreach"}},"runAfter":{"Initialize_logoUrl":["Succeeded"]},"type":"Scope"},"Check_Approval_Status":{"actions":{"Approve_Archive_-_Upload_msapp_file_to_SharePoint":{"runAfter":{"Approve_Archive_-_get_msapp_file_content":["Succeeded"]},"metadata":{"flowSystemMetadata":{"swaggerOperationId":"CreateFile"}},"type":"ApiConnection","inputs":{"host":{"connection":{"name":"@parameters('$connections')['shared_sharepointonline']['connectionId']"}},"method":"post","body":"@body('Approve_Archive_-_get_msapp_file_content')","path":"/datasets/@{encodeURIComponent(encodeURIComponent(variables('archiveSiteUrl')))}/files","queries":{"folderPath":"@variables('archiveFolder')","name":"@{body('Parse_JSON_-_Archive_Approval_Item')?['admin_appdisplayname']}-@{formatDateTime(utcnow(), 'ddMMMyyyy')}.msapp","queryParametersSingleEncoded":true},"authentication":"@parameters('$authentication')"}},"Check_Auto_Remove_App":{"actions":{"Approve_Archive_-_Remove_App":{"runAfter":{},"metadata":{"flowSystemMetadata":{"swaggerOperationId":"Remove-AdminApp"}},"type":"ApiConnection","inputs":{"host":{"connection":{"name":"@parameters('$connections')['shared_powerappsforadmins']['connectionId']"}},"method":"delete","path":"/providers/Microsoft.PowerApps/scopes/admin/environments/@{encodeURIComponent(body('Parse_JSON_-_Archive_Approval_Item')?['admin_appenvironmentname'])}/apps/@{encodeURIComponent(body('Parse_JSON_-_Archive_Approval_Item')?['admin_appname'])}","queries":{"api-version":"2016-11-01"},"authentication":"@parameters('$authentication')"}}},"runAfter":{"Approve_Archive_-_Upload_msapp_file_to_SharePoint":["Succeeded"]},"expression":{"equals":["@variables('autoDeleteApps')","@true"]},"type":"If"},"Update_Archive_Approval_Record_-_Approve":{"runAfter":{"Check_Auto_Remove_App":["Succeeded"]},"metadata":{"flowSystemMetadata":{"swaggerOperationId":"PatchItem_V2"}},"type":"ApiConnection","inputs":{"host":{"connection":{"name":"@parameters('$connections')['shared_commondataservice_2']['connectionId']"}},"method":"patch","body":{"admin_approvalcomment":"@triggerOutputs()?['body/msdyn_flow_approvalresponse_comments']","admin_approvalresponse":"@triggerOutputs()?['body/msdyn_flow_approvalresponse_response']","admin_archiveurl":"@{variables('archiveSiteUrl')}@{body('Approve_Archive_-_Upload_msapp_file_to_SharePoint')?['Path']}","_ownerid_type":""},"path":"/v2/datasets/@{encodeURIComponent(encodeURIComponent('default.cds'))}/tables/@{encodeURIComponent(encodeURIComponent('admin_archiveapprovals'))}/items/@{encodeURIComponent(encodeURIComponent(body('Parse_JSON_-_Archive_Approval_Item')?['ItemInternalId']))}","authentication":"@parameters('$authentication')"}},"Re-Fetch_the_App_as_admin_to_regenerate_app's_\"readonlyValue\"":{"runAfter":{},"type":"ApiConnection","inputs":{"host":{"connection":{"name":"@parameters('$connections')['shared_powerappsforadmins']['connectionId']"}},"method":"get","path":"/providers/Microsoft.PowerApps/scopes/admin/environments/@{encodeURIComponent(body('Parse_JSON_-_Archive_Approval_Item')?['admin_appenvironmentname'])}/apps/@{encodeURIComponent(body('Parse_JSON_-_Archive_Approval_Item')?['admin_appname'])}","queries":{"api-version":"2016-11-01"},"authentication":"@parameters('$authentication')"}},"Approve_Archive_-_get_msapp_file_content":{"runAfter":{"Set_new_readonly_value_variable":["Succeeded"]},"type":"Http","inputs":{"method":"GET","uri":"@variables('new_readonlyvalue')"}},"Set_new_readonly_value_variable":{"runAfter":{"Re-Fetch_the_App_as_admin_to_regenerate_app's_\"readonlyValue\"":["Succeeded"]},"type":"SetVariable","inputs":{"name":"new_readonlyvalue","value":"@body('Re-Fetch_the_App_as_admin_to_regenerate_app''s_\"readonlyValue\"')?['properties']?['appUris']?['documentUri']?['readonlyValue']"}}},"runAfter":{"Parse_JSON_-_Archive_Approval_Item":["Succeeded"]},"else":{"actions":{"Send_an_email_(V2)":{"runAfter":{},"metadata":{"flowSystemMetadata":{"swaggerOperationId":"SendEmailV2"}},"type":"ApiConnection","inputs":{"host":{"connection":{"name":"@parameters('$connections')['shared_office365']['connectionId']"}},"method":"post","body":{"To":"@variables('adminMail')","Subject":"Archive PowerApps for @{body('Parse_JSON_-_Archive_Approval_Item')?['admin_appdisplayname']} has been rejected","Body":"@{variables('htmlHeader')}\n<body>\n<div id='content'>\n<table id='form'>\n<tr><td><img id='logo' src='@{variables('logoUrl')}'></td></tr>\n<tr><td><p id='header'>PowerApps</p></td></tr>\n<tr id='ribbon'><td>\n<table id='ribbonContent'>\n<tr><td>Auto-Archive .</td>\n<td><img src='https://az158878.vo.msecnd.net/marketing/Partner_21474836617/Product_42949681655/Asset_5497565b-7b50-4cea-98a0-3814524d4228/Windows300x300.png' height=60></td>\n</tr></table></td></tr>\n<tr id='message'><td>\n\n<p>@{body('Parse_JSON_-_Archive_Approval_Item')?['admin_appownername']} (@{body('Parse_JSON_-_Archive_Approval_Item')?['admin_appowneremail']}) was recently prompted to archive the following app:<br>\n<br>\n<strong>Display Name</strong>: @{body('Parse_JSON_-_Archive_Approval_Item')?['admin_appdisplayname']}<br>\n<strong>Environment</strong>:  @{body('Parse_JSON_-_Archive_Approval_Item')?['admin_appenvironmentname']}<br>\n<strong>App ID</strong>: @{body('Parse_JSON_-_Archive_Approval_Item')?['admin_appname']}<br>\n<br>\nThe request was archiving was rejected by the app owner with the following reason: @{triggerOutputs()?['body/msdyn_flow_approvalresponse_comments']}<br>\n</p>\n</li>\n</ol>\n</p>\n</td></tr>\n</table>\n</div>\n</body>","Importance":"Normal"},"path":"/v2/Mail","authentication":"@parameters('$authentication')"}},"Update_Archive_Approval_Record_-_Reject":{"runAfter":{"Send_an_email_(V2)":["Succeeded"]},"metadata":{"flowSystemMetadata":{"swaggerOperationId":"PatchItem_V2"}},"type":"ApiConnection","inputs":{"host":{"connection":{"name":"@parameters('$connections')['shared_commondataservice_2']['connectionId']"}},"method":"patch","body":{"admin_approvalcomment":"@triggerOutputs()?['body/msdyn_flow_approvalresponse_comments']","admin_approvalresponse":"@triggerOutputs()?['body/msdyn_flow_approvalresponse_response']","_ownerid_type":""},"path":"/v2/datasets/@{encodeURIComponent(encodeURIComponent('default.cds'))}/tables/@{encodeURIComponent(encodeURIComponent('admin_archiveapprovals'))}/items/@{encodeURIComponent(encodeURIComponent(body('Parse_JSON_-_Archive_Approval_Item')?['ItemInternalId']))}","authentication":"@parameters('$authentication')"}}}},"expression":{"and":[{"equals":["@triggerOutputs()?['body/msdyn_flow_approvalresponse_response']","Approve"]},{"greaterOrEquals":["@length(body('Filter_Archive_Approval_to_get_current_item'))",1]}]},"type":"If"},"Initialize_adminMail":{"runAfter":{"Initialize_htmlHeader_(style)":["Succeeded"]},"type":"InitializeVariable","inputs":{"variables":[{"name":"adminMail","type":"String"}]}},"Initialize_variable_new_readonlyvalue":{"runAfter":{"Initialize_adminMail":["Succeeded"]},"type":"InitializeVariable","inputs":{"variables":[{"name":"new_readonlyvalue","type":"string"}]}}},"outputs":{}}},"schemaVersion":"1.0.0.0"}