{"properties":{"connectionReferences":{"shared_commondataserviceforapps":{"runtimeSource":"embedded","connection":{"connectionReferenceLogicalName":"cat_CDSCurrentEnvConnectionReference"},"api":{"name":"shared_commondataserviceforapps"}}},"definition":{"$schema":"https://schema.management.azure.com/providers/Microsoft.Logic/schemas/2016-06-01/workflowdefinition.json#","contentVersion":"1.0.0.0","parameters":{"$connections":{"defaultValue":{},"type":"Object"},"$authentication":{"defaultValue":{},"type":"SecureObject"}},"triggers":{"manual":{"type":"Request","kind":"Button","inputs":{"schema":{"type":"object","properties":{"text":{"title":"Review","type":"string","x-ms-dynamically-added":true,"description":"Please enter your input","x-ms-content-hint":"TEXT"}},"required":["text"]}}}},"actions":{"Guid_review":{"runAfter":{},"type":"InitializeVariable","inputs":{"variables":[{"name":"Guid_review","type":"string","value":"@triggerBody()['text']"}]}},"VarStyles":{"runAfter":{"Guid_review":["Succeeded"]},"type":"InitializeVariable","inputs":{"variables":[{"name":"VarStyles","type":"object","value":{"MainStyleH2":"font-family: &quot;Segoe UI&quot;, &quot;Open Sans&quot;, sans-serif;","SquareText":"margin-left:20px;display:inline;font-family: &quot;Segoe UI&quot;, &quot;Open Sans&quot;, sans-serif; font-size: 12pt; color: rgb(102, 102, 102); font-weight: normal; font-style: normal; text-align: left; line-height: 1.2;","PatternTitle":"position: relative; height: 21px; margin-top: 10px;font-family: &quot;Segoe UI&quot;, &quot;Open Sans&quot;, sans-serif; font-size: 12pt; color: rgb(0, 0, 0); font-weight: 600; font-style: normal; text-align: left; padding: 0px; line-height: 1.2; overflow-y: hidden;","PatternText":"position: relative; height: 21px; margin-top: 10px;font-family: &quot;Open Sans&quot;, sans-serif; font-size: 11pt; color: rgb(0, 0, 0); font-weight: normal; font-style: normal; text-align: left; padding: 0px; line-height: 1.3; overflow-y: hidden;","CommentsHeader":"font-family: &quot;Segoe UI&quot;, &quot;Open Sans&quot;, sans-serif; font-size: 12pt; color: rgb(102, 102, 102); font-weight: normal; font-style: normal; text-align: left; padding-top: 16px; line-height: 1.2; overflow-y: hidden;","CommentsText1":"position: relative; width: 99%; min-height: 51px; margin-top: 10px;border-style: solid; border-width: 0px; border-color: rgb(166, 166, 166); margin: -0.5px;","CommentsText2":"font-size: 11pt; font-family: &quot;Segoe UI&quot;, &quot;Open Sans&quot;, sans-serif; color: rgb(0, 0, 0);","FormulaHeader":"position: relative; width: 500px; height: 40px; margin-top: 10px;font-family: &quot;Segoe UI&quot;, &quot;Open Sans&quot;, sans-serif; font-size: 12pt; color: rgb(102, 102, 102); font-weight: normal; font-style: normal; text-align: left; padding: 0px; line-height: 1.2; overflow-y: hidden;","Bloc1Header":"position: relative; width: 99%;min-height:200px; margin-top: 10px;","ObjectsTitles":"position: absolute; top: 0px; left: 15px; width: 227px; height: 27px;font-family: &quot;Segoe UI&quot;, &quot;Open Sans&quot;, sans-serif; font-size: 10pt; color: rgb(48, 48, 48); font-weight: normal; font-style: normal; text-align: left; padding: 0px; line-height: 1.2; overflow-y: hidden;","PolygonStyle":"position: absolute; top: 15px; left: 20%; width: 69px; height: 25px;","ObjectsTitles2":"position: absolute; top: 0px; left: 30%; width: 227px; height: 27px;font-family: &quot;Segoe UI&quot;, &quot;Open Sans&quot;, sans-serif; font-size: 10pt; color: rgb(48, 48, 48); font-weight: normal; font-style: normal; text-align: left; padding: 0px; line-height: 1.2; overflow-y: hidden;","ObjectsTitles3":"position: absolute; top: 0px; left: 65%; width: 227px; height: 27px;font-family: &quot;Segoe UI&quot;, &quot;Open Sans&quot;, sans-serif; font-size: 10pt; color: rgb(48, 48, 48); font-weight: normal; font-style: normal; text-align: left; padding: 0px; line-height: 1.2; overflow-y: hidden;","ScreenName":"position: absolute; top: 21px; left: 15px; width: 295px; height: 23px;font-family: &quot;Segoe UI&quot;, &quot;Open Sans&quot;, sans-serif; font-size: 12pt; color: rgb(48, 48, 48); font-weight: 600; font-style: normal; text-align: left; padding: 0px; line-height: 1.2; overflow-y: hidden;","CtrlName":"position: absolute; top: 21px; left: 30%; width: 374px; height: 23px;font-family: &quot;Segoe UI&quot;, &quot;Open Sans&quot;, sans-serif; font-size: 12pt; color: rgb(48, 48, 48); font-weight: 600; font-style: normal; text-align: left; padding: 0px; line-height: 1.2; overflow-y: hidden;","PropertyName":"position: absolute; top: 21px; left: 65%; width: 580px; height: 23px;font-family: &quot;Segoe UI&quot;, &quot;Open Sans&quot;, sans-serif; font-size: 12pt; color: rgb(48, 48, 48); font-weight: 600; font-style: normal; text-align: left; padding: 0px; line-height: 1.2; overflow-y: hidden;","PropertyCode":"position: absolute; top: 57px; left: 0px; width: 100%; font-size: 11pt; font-family: &quot;Segoe UI&quot;, &quot;Open Sans&quot;, sans-serif; color: rgb(0, 0, 0);","CategoryName":"position: relative;width:100%; margin-bottom: 10px;font-family: &quot;Segoe UI&quot;, &quot;Open Sans&quot;, sans-serif; font-size: 9pt;color:#333333; font-style: normal; text-align: left;","ReferencesHeader":"position: relative; width: 500px; height: 20px; margin-top: 0px;font-family: &quot;Segoe UI&quot;, &quot;Open Sans&quot;, sans-serif; font-size: 12pt; color: rgb(102, 102, 102); font-weight: normal; font-style: normal; text-align: left; padding: 0px; line-height: 1.2; overflow-y: hidden;","TexteReference":"position: relative;text-decoration: underline; width: 500px; height: 20px; margin-top: 0px;font-family: &quot;Segoe UI&quot;, &quot;Open Sans&quot;, sans-serif; font-size: 12pt; color: rgb(22, 32, 182); font-weight: normal; font-style: normal; text-align: left; padding: 0px; line-height: 1.2; overflow-y: hidden;"}}]}},"LbHtml":{"runAfter":{"VarStyles":["Succeeded"]},"type":"InitializeVariable","inputs":{"variables":[{"name":"Lb_Html","type":"string"}]}},"LbComments":{"runAfter":{"LbHtml":["Succeeded"]},"type":"InitializeVariable","inputs":{"variables":[{"name":"LbComments","type":"string"}]}},"GetData":{"actions":{"GetReview":{"runAfter":{},"type":"OpenApiConnection","inputs":{"host":{"connectionName":"shared_commondataserviceforapps","operationId":"GetItem","apiId":"/providers/Microsoft.PowerApps/apis/shared_commondataserviceforapps"},"parameters":{"entityName":"cat_reviews","recordId":"@variables('Guid_review')"},"authentication":{"type":"Raw","value":"@json(decodeBase64(triggerOutputs().headers['X-MS-APIM-Tokens']))['$ConnectionKey']"}}},"GetReviewItems":{"runAfter":{"GetReview":["Succeeded"]},"type":"OpenApiConnection","inputs":{"host":{"connectionName":"shared_commondataserviceforapps","operationId":"ListRecords","apiId":"/providers/Microsoft.PowerApps/apis/shared_commondataserviceforapps"},"parameters":{"entityName":"cat_reviewitems","$filter":"_cat_review_value eq '@{variables('Guid_review')}' and (cat_reviewitemstatus eq 695100003 or cat_reviewitemstatus eq 695100002)"},"authentication":{"type":"Raw","value":"@json(decodeBase64(triggerOutputs().headers['X-MS-APIM-Tokens']))['$ConnectionKey']"}}},"GetPatterns":{"runAfter":{"GetReviewItems":["Succeeded"]},"type":"OpenApiConnection","inputs":{"host":{"connectionName":"shared_commondataserviceforapps","operationId":"ListRecords","apiId":"/providers/Microsoft.PowerApps/apis/shared_commondataserviceforapps"},"parameters":{"entityName":"cat_patterns"},"authentication":{"type":"Raw","value":"@json(decodeBase64(triggerOutputs().headers['X-MS-APIM-Tokens']))['$ConnectionKey']"}}}},"runAfter":{"LbComments":["Succeeded"]},"type":"Scope"},"LbHeader":{"runAfter":{"GetData":["Succeeded"]},"type":"InitializeVariable","inputs":{"variables":[{"name":"LbHeader","type":"string","value":"<div style='margin-bottom:5px'>\n<h2 style='@{variables('VarStyles')?['MainStyleH2']}'>Review repport : @{outputs('GetReview')?['body/cat_name']}</h2>\n</div>\n"}]}},"InitLb_Html":{"runAfter":{"LbHeader":["Succeeded"]},"type":"SetVariable","inputs":{"name":"Lb_Html","value":"@{variables('LbHeader')}"}},"LbOldCategory":{"runAfter":{"InitLb_Html":["Succeeded"]},"type":"InitializeVariable","inputs":{"variables":[{"name":"LbOldCategory","type":"string","value":"old"}]}},"LbHtmlCategory":{"runAfter":{"LbOldCategory":["Succeeded"]},"type":"InitializeVariable","inputs":{"variables":[{"name":"LbHtmlCategory","type":"string","value":"null"}]}},"LbHtmlElement":{"runAfter":{"LbHtmlCategory":["Succeeded"]},"type":"InitializeVariable","inputs":{"variables":[{"name":"LbHtmlElement","type":"string"}]}},"LbHtmlComment":{"runAfter":{"LbHtmlElement":["Succeeded"]},"type":"InitializeVariable","inputs":{"variables":[{"name":"LbHtmlComment","type":"string"}]}},"LbHtmlCodeParts":{"runAfter":{"LbHtmlComment":["Succeeded"]},"type":"InitializeVariable","inputs":{"variables":[{"name":"LbHtmlCodeParts","type":"string"}]}},"LbHtmlReferences":{"runAfter":{"LbHtmlCodeParts":["Succeeded"]},"type":"InitializeVariable","inputs":{"variables":[{"name":"LbHtmlReferences","type":"string"}]}},"VarForTesting":{"runAfter":{"LbHtmlReferences":["Succeeded"]},"type":"InitializeVariable","inputs":{"variables":[{"name":"VarForTesting","type":"string"}]}},"ForEachItem":{"foreach":"@outputs('GetPatterns')?['body/value']","actions":{"ResetLbHtmlCategory":{"runAfter":{},"type":"SetVariable","inputs":{"name":"LbHtmlCategory","value":"<div  style=\"@{variables('VarStyles')?['CategoryName']}\">\n\t@{items('ForEachItem')?['cat_category@OData.Community.Display.V1.FormattedValue']}\n</div>"}},"FilterOnItems":{"runAfter":{"ResetLbHtmlCategory":["Succeeded"]},"type":"Query","inputs":{"from":"@outputs('GetReviewItems')?['body/value']","where":"@equals(item()?['_cat_pattern_value'], items('ForEachItem')?['cat_patternid'])"}},"ForeachSubItem":{"foreach":"@body('FilterOnItems')","actions":{"SetHtmlElement":{"runAfter":{},"type":"SetVariable","inputs":{"name":"LbHtmlElement","value":"\n<div style=\"margin-top:20px;position: relative; padding: 0px;height:21px; width: 100%; margin-bottom: 10px; font-family: 'Segoe UI', 'Open Sans', sans-serif; font-size: 13pt; font-weight: 600; font-style: normal; text-align: left;\">\n\t\n             <div style=\"float:left;background:@{if(equals(items('ForeachSubItem')?['cat_reviewitemstatus@OData.Community.Display.V1.FormattedValue'], 'PASS'), 'rgba(0, 255, 0, 1)', if(equals(items('ForeachSubItem')?['cat_reviewitemstatus@OData.Community.Display.V1.FormattedValue'], 'FAIL'), 'rgba(255, 0, 0, 1)', 'rgba(150, 150, 150, 1)'))};width:20px;height:20px;border-radius:10px\"></div>\n             <div style=\"float:left;margin-left:10px\">@{items('ForeachSubItem')?['cat_reviewitemstatus@OData.Community.Display.V1.FormattedValue']} </div>\n</div>\n<div  style=\"@{variables('VarStyles')?['CategoryName']}\">\n\t@{items('ForEachItem')?['cat_category@OData.Community.Display.V1.FormattedValue']}\n</div>\n\t  <div  style=\"@{variables('VarStyles')?['PatternTitle']}\">\n\t\t\t@{items('ForEachItem')?['cat_title']}\n\t  </div>\n\t\t  \n\t  <div  style=\"@{variables('VarStyles')?['PatternText']}\">\n\t\t\t@{items('ForEachItem')?['cat_description']}\n\t  </div >"}},"CommentOrNot":{"actions":{"SetLbHtmlComment":{"runAfter":{},"type":"SetVariable","inputs":{"name":"LbHtmlComment","value":"<div  style='@{variables('VarStyles')?['CommentsHeader']}'>\n\t\tCOMMENTS\n\t  </div>\n\t  <div  style='@{variables('VarStyles')?['CommentsText1']}'>\n\t\t  <div style='@{variables('VarStyles')?['CommentsText2']}'>\n\t\t\t<p>@{items('ForeachSubItem')?['cat_comment']}</p>\n\t\t  </div>\n\t  </div>"}}},"runAfter":{"Define_Variable_2":["Succeeded"]},"else":{"actions":{"EmptyLbHtmlComment":{"runAfter":{},"type":"SetVariable","inputs":{"name":"LbHtmlComment","value":"  "}}}},"expression":{"greater":["@length(variables('VarForTesting'))",0]},"type":"If"},"Condition":{"actions":{"Define_a_variable":{"runAfter":{},"type":"SetVariable","inputs":{"name":"LbHtmlCodeParts","value":"<div style='@{variables('VarStyles')?['FormulaHeader']}'>\n\t\tFORMULAS WHERE THIS IS AN ISSUE IN YOUR CODE\n\t  </div>\n\n"}}},"runAfter":{"GetCodeParts":["Succeeded"]},"else":{"actions":{"ResetHtmlCodeParts":{"runAfter":{},"type":"SetVariable","inputs":{"name":"LbHtmlCodeParts","value":"<div id='container'>"}}}},"expression":{"greater":["@length(outputs('GetCodeParts')?['body/value'])",0]},"type":"If"},"Define_Variable_2":{"runAfter":{"SetHtmlElement":["Succeeded"]},"type":"SetVariable","inputs":{"name":"VarForTesting","value":"@{items('ForeachSubItem')?['cat_comment']}"}},"GetCodeParts":{"runAfter":{"CommentOrNot":["Succeeded"]},"type":"OpenApiConnection","inputs":{"host":{"connectionName":"shared_commondataserviceforapps","operationId":"ListRecords","apiId":"/providers/Microsoft.PowerApps/apis/shared_commondataserviceforapps"},"parameters":{"entityName":"cat_rev_codepartses","$filter":"_cat_fk_codepart_reviewitem_value eq '@{items('ForeachSubItem')?['cat_reviewitemid']}'"},"authentication":{"type":"Raw","value":"@json(decodeBase64(triggerOutputs().headers['X-MS-APIM-Tokens']))['$ConnectionKey']"}}},"ForEachCodePart_2":{"foreach":"@outputs('GetCodeParts')?['body/value']","actions":{"AddCodePart_2":{"runAfter":{},"type":"AppendToStringVariable","inputs":{"name":"LbHtmlCodeParts","value":"         <table style=\"font-family: \"Segoe UI\", \"Open Sans\", sans-serif;text-align: left; border-collapse: collapse; width: 100%;\">\n<tbody>\n<tr style=\"background: rgba(240,240,240,1); padding: 8px; border: 1px solid rgba(240,240,240,1);\">\n<th>Screen</th>\n<th>Control</th>\n<th>Property</th>\n</tr>\n<tr style=\"padding: 8px; border: 1px solid rgba(240,240,240,1);\">\n<td style=\"width:33%\">@{items('ForEachCodePart_2')?['cat_lb_screenname']}</td>\n<td style=\"width:33%\">@{items('ForEachCodePart_2')?['cat_lb_controlname']}</td>\n<td style=\"width:33%\">@{items('ForEachCodePart_2')?['cat_lb_propertyname']}</td>\n\t\t\t\t\t  </tr>\n<tr>\n  <td colspan=3> \n@{if(lessOrEquals(length(items('ForEachCodePart_2')?['cat_lb_code']), 851), items('ForEachCodePart_2')?['cat_lb_code'], substring(items('ForEachCodePart_2')?['cat_lb_code'], 0, 850))}\n    <td>\n</tr>\n</tbody>\n</table>"}}},"runAfter":{"Condition":["Succeeded"]},"type":"Foreach"}},"runAfter":{"FilterOnItems":["Succeeded"]},"type":"Foreach"},"EmptyLbHtmlReferences":{"runAfter":{"ListReferences":["Succeeded"]},"type":"SetVariable","inputs":{"name":"LbHtmlReferences","value":" "}},"ForEachReference":{"foreach":"@outputs('ListReferences')?['body/value']","actions":{"AddRessource":{"runAfter":{},"type":"AppendToStringVariable","inputs":{"name":"LbHtmlReferences","value":"<div style=\"@{variables('VarStyles')?['TexteReference']}\">\n\t\t\t<a href='@{items('ForEachReference')?['cat_url']}'>@{items('ForEachReference')?['crfd9_lb_nomressource']}</a>\n\t\t</div>"}}},"runAfter":{"AreThereReferences":["Succeeded"]},"type":"Foreach"},"AreThereReferences":{"actions":{"SetHtmlreferences":{"runAfter":{},"type":"SetVariable","inputs":{"name":"LbHtmlReferences","value":"<div style=\"@{variables('VarStyles')?['ReferencesHeader']}\">\n\t\t\tLEARNING RESOURCES\n\t\t</div>"}}},"runAfter":{"EmptyLbHtmlReferences":["Succeeded"]},"expression":{"greater":["@length(outputs('ListReferences')?['body/value'])",0]},"type":"If"},"AddElements":{"runAfter":{"AreThereReferences_2":["Succeeded"]},"type":"AppendToStringVariable","inputs":{"name":"Lb_Html","value":"@variables('LbHtmlElement')"}},"AddComments":{"runAfter":{"AddElements":["Succeeded"]},"type":"AppendToStringVariable","inputs":{"name":"Lb_Html","value":"@variables('LbHtmlComment')"}},"AddCodeParts":{"runAfter":{"AddComments":["Succeeded"]},"type":"AppendToStringVariable","inputs":{"name":"Lb_Html","value":"@variables('LbHtmlCodeParts')"}},"AddReferences":{"runAfter":{"AddCodeParts":["Succeeded"]},"type":"AppendToStringVariable","inputs":{"name":"Lb_Html","value":"@variables('LbHtmlReferences')"}},"AreThereReferences_2":{"actions":{"SetHtmlreferences_2":{"runAfter":{},"type":"AppendToStringVariable","inputs":{"name":"LbHtmlReferences","value":"<div style=\"position: relative;text-decoration: underline; width: 100%; height: 10px; margin-top: 0px;font-family: &quot;Segoe UI&quot;, &quot;Open Sans&quot;, sans-serif; font-size: 12pt; color: rgb(22, 32, 182); font-weight: normal; font-style: normal; text-align: left; padding: 0px; line-height: 1.2; overflow-y: hidden;\">\n\t\t\t<hr/>\n\t\t</div>\n\t\t<div style=\"position: relative;text-decoration: underline; width: 500px; height: 30px; margin-top: 0px;font-family: &quot;Segoe UI&quot;, &quot;Open Sans&quot;, sans-serif; font-size: 12pt; color: rgb(22, 32, 182); font-weight: normal; font-style: normal; text-align: left; padding: 0px; line-height: 1.2; overflow-y: hidden;\">\n\t\t\t\n\t\t</div>"}}},"runAfter":{"ForEachReference":["Succeeded"]},"expression":{"greater":["@length(outputs('ListReferences')?['body/value'])",0]},"type":"If"},"AddDivs":{"runAfter":{"AddReferences":["Succeeded"]},"type":"AppendToStringVariable","inputs":{"name":"Lb_Html","value":"</div></div>"}},"ListReferences":{"runAfter":{"ForeachSubItem":["Succeeded"]},"type":"OpenApiConnection","inputs":{"host":{"connectionName":"shared_commondataserviceforapps","operationId":"ListRecords","apiId":"/providers/Microsoft.PowerApps/apis/shared_commondataserviceforapps"},"parameters":{"entityName":"cat_resources","$filter":"_cat_pattern_value eq '@{items('ForEachItem')?['cat_patternid']}'"},"authentication":{"type":"Raw","value":"@json(decodeBase64(triggerOutputs().headers['X-MS-APIM-Tokens']))['$ConnectionKey']"}}}},"runAfter":{"VarForTesting":["Succeeded"]},"type":"Foreach"},"Respond_to_a_PowerApp_or_flow":{"runAfter":{"ForEachItem":["Succeeded"]},"type":"Response","kind":"PowerApp","inputs":{"statusCode":200,"body":{"htmlreport":"<!DOCTYPE html PUBLIC \"-//W3C//DTD XHTML 1.0 Transitional//EN\" \"http://www.w3.org/TR/xhtml1/DTD/xhtml1-transitional.dtd\"><!DOCTYPE html PUBLIC \"-//W3C//DTD XHTML 1.0 Transitional//EN\" \"http://www.w3.org/TR/xhtml1/DTD/xhtml1-transitional.dtd\">\n\n<html>\n  <body>\n@{variables('Lb_Html')}\n</body>\n</html>","reviewname":"@outputs('GetReview')?['body/cat_name']"},"schema":{"type":"object","properties":{"htmlreport":{"title":"HtmlReport","x-ms-dynamically-added":true,"type":"string"},"reviewname":{"title":"ReviewName","x-ms-dynamically-added":true,"type":"string"}}}}}},"outputs":{}}},"schemaVersion":"1.0.0.0"}