<ImportExportXml version="9.2.21022.137" SolutionPackageVersion="9.2" languagecode="1033" generatedBy="CrmLive" xmlns:xsi="http://www.w3.org/2001/XMLSchema-instance">
  <SolutionManifest>
    <UniqueName>ArchitectureReview</UniqueName>
    <LocalizedNames>
      <LocalizedName description="Power Apps Review Solution" languagecode="1033" />
    </LocalizedNames>
    <Descriptions />
    <Version>1.0.0.2</Version>
    <Managed>0</Managed>
    <Publisher>
      <UniqueName>PowerCat</UniqueName>
      <LocalizedNames>
        <LocalizedName description="PowerCAT" languagecode="1033" />
      </LocalizedNames>
      <Descriptions>
        <Description description="PowerCAT" languagecode="1033" />
      </Descriptions>
      <EMailAddress xsi:nil="true"></EMailAddress>
      <SupportingWebsiteUrl xsi:nil="true"></SupportingWebsiteUrl>
      <CustomizationPrefix>cat</CustomizationPrefix>
      <CustomizationOptionValuePrefix>69510</CustomizationOptionValuePrefix>
      <Addresses>
        <Address>
          <AddressNumber>1</AddressNumber>
          <AddressTypeCode>1</AddressTypeCode>
          <City xsi:nil="true"></City>
          <County xsi:nil="true"></County>
          <Country xsi:nil="true"></Country>
          <Fax xsi:nil="true"></Fax>
          <FreightTermsCode xsi:nil="true"></FreightTermsCode>
          <ImportSequenceNumber xsi:nil="true"></ImportSequenceNumber>
          <Latitude xsi:nil="true"></Latitude>
          <Line1 xsi:nil="true"></Line1>
          <Line2 xsi:nil="true"></Line2>
          <Line3 xsi:nil="true"></Line3>
          <Longitude xsi:nil="true"></Longitude>
          <Name xsi:nil="true"></Name>
          <PostalCode xsi:nil="true"></PostalCode>
          <PostOfficeBox xsi:nil="true"></PostOfficeBox>
          <PrimaryContactName xsi:nil="true"></PrimaryContactName>
          <ShippingMethodCode>1</ShippingMethodCode>
          <StateOrProvince xsi:nil="true"></StateOrProvince>
          <Telephone1 xsi:nil="true"></Telephone1>
          <Telephone2 xsi:nil="true"></Telephone2>
          <Telephone3 xsi:nil="true"></Telephone3>
          <TimeZoneRuleVersionNumber xsi:nil="true"></TimeZoneRuleVersionNumber>
          <UPSZone xsi:nil="true"></UPSZone>
          <UTCOffset xsi:nil="true"></UTCOffset>
          <UTCConversionTimeZoneCode xsi:nil="true"></UTCConversionTimeZoneCode>
        </Address>
        <Address>
          <AddressNumber>2</AddressNumber>
          <AddressTypeCode>1</AddressTypeCode>
          <City xsi:nil="true"></City>
          <County xsi:nil="true"></County>
          <Country xsi:nil="true"></Country>
          <Fax xsi:nil="true"></Fax>
          <FreightTermsCode xsi:nil="true"></FreightTermsCode>
          <ImportSequenceNumber xsi:nil="true"></ImportSequenceNumber>
          <Latitude xsi:nil="true"></Latitude>
          <Line1 xsi:nil="true"></Line1>
          <Line2 xsi:nil="true"></Line2>
          <Line3 xsi:nil="true"></Line3>
          <Longitude xsi:nil="true"></Longitude>
          <Name xsi:nil="true"></Name>
          <PostalCode xsi:nil="true"></PostalCode>
          <PostOfficeBox xsi:nil="true"></PostOfficeBox>
          <PrimaryContactName xsi:nil="true"></PrimaryContactName>
          <ShippingMethodCode>1</ShippingMethodCode>
          <StateOrProvince xsi:nil="true"></StateOrProvince>
          <Telephone1 xsi:nil="true"></Telephone1>
          <Telephone2 xsi:nil="true"></Telephone2>
          <Telephone3 xsi:nil="true"></Telephone3>
          <TimeZoneRuleVersionNumber xsi:nil="true"></TimeZoneRuleVersionNumber>
          <UPSZone xsi:nil="true"></UPSZone>
          <UTCOffset xsi:nil="true"></UTCOffset>
          <UTCConversionTimeZoneCode xsi:nil="true"></UTCConversionTimeZoneCode>
        </Address>
      </Addresses>
    </Publisher>
    <RootComponents>
      <RootComponent type="1" schemaName="cat_pattern" behavior="0" />
      <RootComponent type="1" schemaName="cat_resource" behavior="0" />
      <RootComponent type="1" schemaName="cat_review" behavior="0" />
      <RootComponent type="1" schemaName="cat_reviewitem" behavior="0" />
      <RootComponent type="1" schemaName="cat_rev_appcheckermessagesarguments" behavior="0" />
      <RootComponent type="1" schemaName="cat_rev_appcheckerresult_review" behavior="0" />
      <RootComponent type="1" schemaName="cat_rev_appchecker_howtofix" behavior="0" />
      <RootComponent type="1" schemaName="cat_rev_appchecker_locations" behavior="0" />
      <RootComponent type="1" schemaName="cat_rev_appchecker_logicallocations" behavior="0" />
      <RootComponent type="1" schemaName="cat_rev_appchecker_results" behavior="0" />
      <RootComponent type="1" schemaName="cat_rev_appchecker_rulesreferences" behavior="0" />
      <RootComponent type="1" schemaName="cat_rev_applications" behavior="0" />
      <RootComponent type="1" schemaName="cat_rev_appsettings" behavior="0" />
      <RootComponent type="1" schemaName="cat_rev_codeparts" behavior="0" />
      <RootComponent type="1" schemaName="cat_rev_controls" behavior="0" />
      <RootComponent type="1" schemaName="cat_rev_customers" behavior="0" />
      <RootComponent type="1" schemaName="cat_rev_datasources" behavior="0" />
      <RootComponent type="1" schemaName="cat_rev_mediafiles" behavior="0" />
      <RootComponent type="1" schemaName="cat_rev_propertiescode" behavior="0" />
      <RootComponent type="1" schemaName="cat_rev_screennavigationtime" behavior="0" />
      <RootComponent type="1" schemaName="cat_rev_screens" behavior="0" />
      <RootComponent type="1" schemaName="cat_rev_slowqueries" behavior="0" />
      <RootComponent type="1" schemaName="cat_rev_worklog" behavior="0" />
      <RootComponent type="9" schemaName="cat_apptype" behavior="0" />
      <RootComponent type="9" schemaName="cat_category" behavior="0" />
      <RootComponent type="9" schemaName="cat_chc_applicationbusiness" behavior="0" />
      <RootComponent type="9" schemaName="cat_chc_categoryproperty" behavior="0" />
      <RootComponent type="9" schemaName="cat_chc_statusimport" behavior="0" />
      <RootComponent type="9" schemaName="cat_datasource" behavior="0" />
      <RootComponent type="9" schemaName="cat_gr_statuspattern" behavior="0" />
      <RootComponent type="9" schemaName="cat_reviewitemstatus" behavior="0" />
      <RootComponent type="9" schemaName="cat_reviewstatus" behavior="0" />
      <RootComponent type="9" schemaName="cat_reviewtype" behavior="0" />
      <RootComponent type="29" id="{08095975-e856-eb11-a812-000d3a8cc191}" behavior="0" />
      <RootComponent type="29" id="{f2e56dc5-1345-eb11-a813-000d3a8cc191}" behavior="0" />
      <RootComponent type="60" id="{0728e896-3cd5-48f8-b0c0-5f80869cc046}" behavior="0" />
      <RootComponent type="60" id="{0d3d18bc-b454-eb11-a812-000d3a8cc191}" behavior="0" />
      <RootComponent type="60" id="{2845495f-5604-4506-ab3c-6159d9afdd3d}" behavior="0" />
      <RootComponent type="60" id="{faa2862e-3c43-eb11-a813-000d3a8cc191}" behavior="0" />
      <RootComponent type="61" schemaName="cat_patterns_rules" behavior="0" />
      <RootComponent type="62" schemaName="cat_CodeReviewAdmin" behavior="0" />
      <RootComponent type="80" schemaName="cat_CodeReviewAdmin" behavior="0" />
      <RootComponent type="91" id="{ab9fbf32-459c-4419-b647-ff3bf2d88797}" schemaName="Net.Formulas.Tools, Version=1.0.0.0, Culture=neutral, PublicKeyToken=c7515723cf8cdfb2" behavior="0" />
      <RootComponent type="92" id="{1064a012-5883-eb11-a812-000d3a4f5d14}" behavior="0" />
      <RootComponent type="92" id="{11c9ac9f-5783-eb11-a812-000d3a4f5d14}" behavior="0" />
      <RootComponent type="92" id="{205018f8-5683-eb11-a812-000d3a4f5d14}" behavior="0" />
      <RootComponent type="92" id="{7adbae8e-5883-eb11-a812-000d3a4f5d14}" behavior="0" />
      <RootComponent type="92" id="{95259b3f-5883-eb11-a812-000d3a4f5d14}" behavior="0" />
      <RootComponent type="92" id="{9d57b370-5883-eb11-a812-000d3a4f5d14}" behavior="0" />
      <RootComponent type="92" id="{a973fe24-5783-eb11-a812-000d3a4f5d14}" behavior="0" />
      <RootComponent type="92" id="{f4f50973-5783-eb11-a812-000d3a4f5d14}" behavior="0" />
      <RootComponent type="300" schemaName="cat_archreview_ad455" behavior="0" />
    </RootComponents>
    <MissingDependencies>
      <MissingDependency>
        <Required key="0" type="61" schemaName="msdyn_/Images/AppModule_Default_Icon.png" displayName="msdyn_/Images/AppModule_Default_Icon.png" solution="AppModuleWebResources (2.5)" />
        <Dependent key="1" type="80" schemaName="cat_CodeReviewAdmin" displayName="CodeReviewAdmin" />
      </MissingDependency>
    </MissingDependencies>
  </SolutionManifest>
</ImportExportXml>