<environmentvariabledefinition schemaname="admin_DeveloperComplianceCenterURL">
  <description default="URL to Developer Compliance Center Canvas App">
    <label description="URL to Developer Compliance Center Canvas App" languagecode="1033" />
  </description>
  <displayname default="Developer Compliance Center URL">
    <label description="Developer Compliance Center URL" languagecode="1033" />
  </displayname>
  <introducedversion>1.22</introducedversion>
  <iscustomizable>1</iscustomizable>
  <isrequired>0</isrequired>
  <type>100000000</type>
</environmentvariabledefinition>