{"properties":{"connectionReferences":{"shared_commondataservice_1":{"runtimeSource":"embedded","connection":{"connectionReferenceLogicalName":"admin_CoEv3SyncTemplatesCDS"},"api":{"name":"shared_commondataservice"}},"shared_commondataserviceforapps_1":{"impersonation":{},"runtimeSource":"embedded","connection":{"connectionReferenceLogicalName":"admin_CoEv3SyncTemplatesCurrent"},"api":{"name":"shared_commondataserviceforapps"}},"shared_commondataserviceforapps":{"impersonation":{},"runtimeSource":"embedded","connection":{"connectionReferenceLogicalName":"admin_CDSCurrentEnvironmentCoEConnection"},"api":{"name":"shared_commondataserviceforapps"}},"shared_office365users_2":{"runtimeSource":"embedded","connection":{"connectionReferenceLogicalName":"admin_CoEv3SyncTemplatesUsers"},"api":{"name":"shared_office365users"}}},"definition":{"$schema":"https://schema.management.azure.com/providers/Microsoft.Logic/schemas/2016-06-01/workflowdefinition.json#","contentVersion":"1.0.0.0","parameters":{"$connections":{"defaultValue":{},"type":"Object"},"$authentication":{"defaultValue":{},"type":"SecureObject"}},"triggers":{"When_a_record_is_created_or_updated":{"type":"OpenApiConnectionWebhook","inputs":{"host":{"apiId":"/providers/Microsoft.PowerApps/apis/shared_commondataserviceforapps","connectionName":"shared_commondataserviceforapps_1","operationId":"SubscribeWebhookTrigger"},"parameters":{"subscriptionRequest/message":4,"subscriptionRequest/entityname":"admin_environment","subscriptionRequest/scope":4,"subscriptionRequest/name":"8091a1f0-1042-eb11-a813-000d3a8f4ad6"},"authentication":"@parameters('$authentication')"}}},"actions":{"Check_if_Desktop_Flows_can_be_retrieved_for_this_environment":{"actions":{"Terminate,_inquiry__not_supported":{"runAfter":{},"type":"Terminate","inputs":{"runStatus":"Succeeded"}}},"runAfter":{},"expression":{"or":[{"equals":["@triggerOutputs()?['body/admin_environmentdeleted']","@true"]},{"equals":["@triggerOutputs()?['body/admin_hascds']","@false"]},{"equals":["@triggerOutputs()?['body/admin_environmentsku']","Teams"]},{"equals":["@triggerOutputs()?['body/admin_environmentsku']","Developer"]}]},"type":"If"},"Get_RPAs_and_Exit_if_no_RPAs_in_envt_or_if_no_permissions":{"actions":{"Terminate_if_no_access":{"runAfter":{"List_Desktop_Flows":["Failed"]},"type":"Terminate","inputs":{"runStatus":"Failed","runError":{"code":"404","message":"Unauthorized"}}},"Count_bots":{"actions":{"Quit_if_no_bots":{"runAfter":{},"type":"Terminate","inputs":{"runStatus":"Succeeded"}}},"runAfter":{"Terminate_if_no_access":["Skipped"]},"expression":{"equals":["@length(body('List_Desktop_Flows')?['value'])",0]},"type":"If"},"List_Desktop_Flows":{"runAfter":{},"type":"OpenApiConnection","inputs":{"host":{"apiId":"/providers/Microsoft.PowerApps/apis/shared_commondataservice","connectionName":"shared_commondataservice_1","operationId":"GetItems_V2"},"parameters":{"dataset":"@triggerOutputs()?['body/admin_environmentcdsmetadataname']","table":"workflows","$filter":"category eq 6 and uiflowtype ne 101"},"retryPolicy":{"type":"exponential","count":10,"interval":"PT10S"},"authentication":"@parameters('$authentication')"},"runtimeConfiguration":{"paginationPolicy":{"minimumItemCount":100000}}}},"runAfter":{"Check_if_Desktop_Flows_can_be_retrieved_for_this_environment":["Succeeded"]},"type":"Scope"},"Initialize_variable_flowEnvironment":{"runAfter":{"Initialize_variable_DesktopFlowNeedsUpdateToCoE":["Succeeded"]},"type":"InitializeVariable","inputs":{"variables":[{"name":"flowEnvironment","type":"string"}]},"description":"Environment location specific Flow URL - remember / at the end"},"Set_Env_Var_-_PowerAutomateEnvironmentVariable":{"actions":{"ListDefns-PowerAutomateEnvironmentVariable":{"runAfter":{},"type":"OpenApiConnection","inputs":{"host":{"apiId":"/providers/Microsoft.PowerApps/apis/shared_commondataserviceforapps","connectionName":"shared_commondataserviceforapps_1","operationId":"ListRecords"},"parameters":{"entityName":"environmentvariabledefinitions","$select":"environmentvariabledefinitionid, defaultvalue","$filter":"schemaname eq 'admin_PowerAutomateEnvironmentVariable'"},"retryPolicy":{"type":"exponential","count":10,"interval":"PT10S"},"authentication":"@parameters('$authentication')"},"runtimeConfiguration":{"paginationPolicy":{"minimumItemCount":100000}}},"GetDefnID-PowerAutomateEnvironmentVariable":{"runAfter":{"ListDefns-PowerAutomateEnvironmentVariable":["Succeeded"]},"type":"Compose","inputs":"@first(body('ListDefns-PowerAutomateEnvironmentVariable')?['value'])?['environmentvariabledefinitionid']"},"ListCurrents-PowerAutomateEnvironmentVariable":{"runAfter":{"GetDefnID-PowerAutomateEnvironmentVariable":["Succeeded"]},"type":"OpenApiConnection","inputs":{"host":{"apiId":"/providers/Microsoft.PowerApps/apis/shared_commondataserviceforapps","connectionName":"shared_commondataserviceforapps_1","operationId":"ListRecords"},"parameters":{"entityName":"environmentvariablevalues","$select":"value","$filter":"_environmentvariabledefinitionid_value eq @{outputs('GetDefnID-PowerAutomateEnvironmentVariable')}"},"retryPolicy":{"type":"exponential","count":10,"interval":"PT10S"},"authentication":"@parameters('$authentication')"},"runtimeConfiguration":{"paginationPolicy":{"minimumItemCount":100000}}},"flowEnvironment_-__if_no_Current,_use_Default":{"actions":{"Set_flowEnvironment_-_CurrentValue":{"runAfter":{},"type":"SetVariable","inputs":{"name":"flowEnvironment","value":"@{first(body('ListCurrents-PowerAutomateEnvironmentVariable')?['value'])?['Value']}"}}},"runAfter":{"ListCurrents-PowerAutomateEnvironmentVariable":["Succeeded"]},"else":{"actions":{"Set_flowEnvironment_-_DefaultValue":{"runAfter":{},"type":"SetVariable","inputs":{"name":"flowEnvironment","value":"@{first(body('ListDefns-PowerAutomateEnvironmentVariable')?['value'])?['defaultvalue']}"}},"flowEnvironment_-_if_no_Default,_fail_here":{"actions":{"flowEnvironment_-_Flow_cannot_succeed_without_this_variable":{"runAfter":{},"type":"Terminate","inputs":{"runStatus":"Failed","runError":{"code":"404","message":"No value found for required Env Variable. "}}}},"runAfter":{"Set_flowEnvironment_-_DefaultValue":["Succeeded"]},"expression":{"equals":["@empty(variables('flowEnvironment'))","@true"]},"type":"If"}}},"expression":{"greaterOrEquals":["@length(body('ListCurrents-PowerAutomateEnvironmentVariable')?['value'])",1]},"type":"If"}},"runAfter":{"Initialize_variable_fullInventory":["Succeeded"]},"type":"Scope"},"Put_Desktop_Flows_in_CoE":{"actions":{"For_each_Desktop_Flow":{"foreach":"@outputs('List_Desktop_Flows')?['body/value']","actions":{"Parse_RPA_JSON":{"runAfter":{"Reset_DesktopFlowNeedsUpdateToCoE":["Succeeded"]},"type":"ParseJson","inputs":{"content":"@items('For_each_Desktop_Flow')?['clientdata']","schema":{"type":"object","properties":{"schemaVersion":{"type":"string"},"targets":{"type":"object","properties":{"schema":{"type":"object","properties":{"properties":{"type":"object","properties":{"XD22JMjhEkyAAS8lVpFe+w==":{"type":"object","properties":{"name":{"type":"string"},"path":{"type":"string"},"version":{"type":"string"},"processId":{"type":"integer"},"icon":{"type":"string"},"mainWindowTitle":{"type":"string"},"systemConfiguration":{"type":"object","properties":{"keyboard":{"type":"object","properties":{"layoutId":{"type":"string"}}},"screen":{"type":"object","properties":{"width":{"type":"integer"},"height":{"type":"integer"},"scale":{"type":"integer"}}}}},"automationType":{"type":"string"}}}}}}}}}}}}},"Reset_isNewToCoE":{"runAfter":{},"type":"SetVariable","inputs":{"name":"isNewToCoE","value":"@false"}},"Get_Desktop_Flow_from_CoE":{"runAfter":{"Get_Desktop_Flow_Owner":["Succeeded"]},"type":"OpenApiConnection","inputs":{"host":{"apiId":"/providers/Microsoft.PowerApps/apis/shared_commondataserviceforapps","connectionName":"shared_commondataserviceforapps","operationId":"GetItem"},"parameters":{"entityName":"admin_rpas","recordId":"@items('For_each_Desktop_Flow')?['ItemInternalId']","$select":"admin_name, admin_rpamodifiedon"},"retryPolicy":{"type":"exponential","count":10,"interval":"PT10S"},"authentication":"@parameters('$authentication')"}},"Set_isNewToCoE_to_true":{"runAfter":{"Get_Desktop_Flow_from_CoE":["Failed"]},"type":"SetVariable","inputs":{"name":"isNewToCoE","value":"@true"}},"Update_or_Insert_Desktop_flow_and_Owner":{"actions":{"See_if_DesktopFlowNeedsUpdateToCoE":{"actions":{"CoE_ModifiedOn":{"runAfter":{},"type":"Compose","inputs":"@coalesce(formatDateTime(outputs('Get_Desktop_Flow_from_CoE')?['body/admin_rpamodifiedon'], 'yyyy-MM-dd HH:mm:ss'), '')"},"Condition":{"actions":{"Set_DesktopFlowNeedsUPdateToCoE_to_true":{"runAfter":{},"type":"SetVariable","inputs":{"name":"DesktopFlowNeedsUpdateToCoE","value":"@true"}}},"runAfter":{"Catch_case_where_product_last_modified_date_is_null":["Succeeded","Skipped"]},"expression":{"or":[{"equals":["@variables('fullInventory')","yes"]},{"equals":["@variables('DesktopFlowNeedsUpdateToCoE')","@true"]},{"less":["@outputs('CoE_ModifiedOn')","@outputs('Desktop_Flow_Modified_On')"]}]},"type":"If"},"Desktop_Flow_Modified_On":{"runAfter":{"Catch_case_where_coe_last_modified_date_is_null_":["Succeeded","Skipped"]},"type":"Compose","inputs":"@formatDateTime(items('For_each_Desktop_Flow')?['modifiedon'], 'yyyy-MM-dd HH:mm:ss')"},"Catch_case_where_coe_last_modified_date_is_null_":{"runAfter":{"CoE_ModifiedOn":["Failed"]},"type":"SetVariable","inputs":{"name":"DesktopFlowNeedsUpdateToCoE","value":"@true"}},"Catch_case_where_product_last_modified_date_is_null":{"runAfter":{"Desktop_Flow_Modified_On":["Failed"]},"type":"SetVariable","inputs":{"name":"DesktopFlowNeedsUpdateToCoE","value":"@true"}}},"runAfter":{},"type":"Scope"},"Only_proceed_if_changed_since_last_updated_in_CoE_or_FullInventory":{"actions":{"Get_Desktop_Flow_owner_profile":{"runAfter":{},"type":"OpenApiConnection","inputs":{"host":{"apiId":"/providers/Microsoft.PowerApps/apis/shared_office365users","connectionName":"shared_office365users_2","operationId":"UserProfile_V2"},"parameters":{"id":"@body('Get_Desktop_Flow_Owner')?['azureactivedirectoryobjectid']","$select":"city,country,department,jobTitle,officeLocation,statusCode,userPrincipalName, displayName, id"},"retryPolicy":{"type":"exponential","count":10,"interval":"PT10S"},"authentication":"@parameters('$authentication')"}},"Switch_Get_Desktop_Flow_owner_-_Status":{"runAfter":{"Get_Desktop_Flow_owner_profile":["Succeeded","Failed"]},"cases":{"Case":{"case":200,"actions":{"Find_Desktop_Flow_Maker":{"runAfter":{},"type":"OpenApiConnection","inputs":{"host":{"apiId":"/providers/Microsoft.PowerApps/apis/shared_commondataserviceforapps","connectionName":"shared_commondataserviceforapps_1","operationId":"ListRecords"},"parameters":{"entityName":"admin_makers","$select":"admin_makerid","$filter":"admin_makerid eq @{outputs('Get_Desktop_Flow_owner_profile')?['body/id']}"},"retryPolicy":{"type":"exponential","count":10,"interval":"PT10S"},"authentication":"@parameters('$authentication')"},"runtimeConfiguration":{"paginationPolicy":{"minimumItemCount":100000}}},"Update_or_Insert_Desktop_flows_Maker":{"actions":{"Update_Bot_Maker":{"runAfter":{},"type":"OpenApiConnection","inputs":{"host":{"apiId":"/providers/Microsoft.PowerApps/apis/shared_commondataserviceforapps","connectionName":"shared_commondataserviceforapps_1","operationId":"UpdateRecord"},"parameters":{"entityName":"admin_makers","recordId":"@outputs('Get_Desktop_Flow_owner_profile')?['body/id']","item/admin_displayname":"@outputs('Get_Desktop_Flow_owner_profile')?['body/displayName']","item/admin_city":"@outputs('Get_Desktop_Flow_owner_profile')?['body/city']","item/admin_country":"@outputs('Get_Desktop_Flow_owner_profile')?['body/country']","item/admin_department":"@outputs('Get_Desktop_Flow_owner_profile')?['body/department']","item/admin_jobtitle":"@outputs('Get_Desktop_Flow_owner_profile')?['body/jobTitle']","item/admin_makerisorphaned":false,"item/admin_office":"@outputs('Get_Desktop_Flow_owner_profile')?['body/officeLocation']","item/admin_userprincipalname":"@outputs('Get_Desktop_Flow_owner_profile')?['body/userPrincipalName']"},"retryPolicy":{"type":"exponential","count":10,"interval":"PT10S"},"authentication":"@parameters('$authentication')"}}},"runAfter":{"Find_Desktop_Flow_Maker":["Succeeded"]},"else":{"actions":{"Create_Bot_Maker":{"runAfter":{},"type":"OpenApiConnection","inputs":{"host":{"apiId":"/providers/Microsoft.PowerApps/apis/shared_commondataserviceforapps","connectionName":"shared_commondataserviceforapps_1","operationId":"CreateRecord"},"parameters":{"entityName":"admin_makers","item/admin_displayname":"@outputs('Get_Desktop_Flow_owner_profile')?['body/displayName']","item/admin_city":"@outputs('Get_Desktop_Flow_owner_profile')?['body/city']","item/admin_country":"@outputs('Get_Desktop_Flow_owner_profile')?['body/country']","item/admin_department":"@outputs('Get_Desktop_Flow_owner_profile')?['body/department']","item/admin_jobtitle":"@outputs('Get_Desktop_Flow_owner_profile')?['body/jobTitle']","item/admin_makerid":"@outputs('Get_Desktop_Flow_owner_profile')?['body/id']","item/admin_makerisorphaned":false,"item/admin_office":"@outputs('Get_Desktop_Flow_owner_profile')?['body/officeLocation']","item/admin_userprincipalname":"@outputs('Get_Desktop_Flow_owner_profile')?['body/userPrincipalName']"},"retryPolicy":{"type":"exponential","count":10,"interval":"PT10S"},"authentication":"@parameters('$authentication')"}}}},"expression":{"greater":["@length(outputs('Find_Desktop_Flow_Maker')?['body/value'])",0]},"type":"If"},"Update_Desktop_Flow":{"runAfter":{"Update_or_Insert_Desktop_flows_Maker":["Succeeded"]},"type":"OpenApiConnection","inputs":{"host":{"apiId":"/providers/Microsoft.PowerApps/apis/shared_commondataserviceforapps","connectionName":"shared_commondataserviceforapps_1","operationId":"UpdateRecord"},"parameters":{"entityName":"admin_rpas","recordId":"@items('For_each_Desktop_Flow')?['ItemInternalId']","item/admin_name":"@items('For_each_Desktop_Flow')?['workflowid']","item/admin_rpacreatedon":"@items('For_each_Desktop_Flow')?['createdon']","item/admin_displayname":"@items('For_each_Desktop_Flow')?['name']","item/admin_DesktopflowEnvironment@odata.bind":"admin_environments(@{triggerBody()?['admin_environmentid']})","item/admin_rpaenvironment":"@triggerOutputs()?['body/admin_displayname']","item/admin_rpaisorphaned":"No","item/admin_rpamodifiedon":"@items('For_each_Desktop_Flow')?['modifiedon']","item/admin_RPAOwner@odata.bind":"admin_makers(@{outputs('Get_Desktop_Flow_owner_profile')?['body/id']})","item/admin_rpastate":"@items('For_each_Desktop_Flow')?['_componentstate_label']","item/admin_uiflowtype":"@items('For_each_Desktop_Flow')?['_uiflowtype_label']","item/admin_url":"@body('Parse_RPA_JSON')?['properties']?['definition']?['url']"},"retryPolicy":{"type":"exponential","count":10,"interval":"PT10S"},"authentication":"@parameters('$authentication')"}}}},"Case_2":{"case":400,"actions":{"Update_Desktop_Flow_(Orphaned)":{"runAfter":{},"type":"OpenApiConnection","inputs":{"host":{"apiId":"/providers/Microsoft.PowerApps/apis/shared_commondataserviceforapps","connectionName":"shared_commondataserviceforapps_1","operationId":"UpdateRecord"},"parameters":{"entityName":"admin_rpas","recordId":"@items('For_each_Desktop_Flow')?['ItemInternalId']","item/admin_name":"@items('For_each_Desktop_Flow')?['workflowid']","item/admin_rpacreatedon":"@items('For_each_Desktop_Flow')?['createdon']","item/admin_displayname":"@items('For_each_Desktop_Flow')?['name']","item/admin_DesktopflowEnvironment@odata.bind":"admin_environments(@{triggerBody()?['admin_environmentid']})","item/admin_rpaenvironment":"@triggerOutputs()?['body/admin_displayname']","item/admin_rpaisorphaned":"Yes","item/admin_rpamodifiedon":"@items('For_each_Desktop_Flow')?['modifiedon']","item/admin_rpastate":"@items('For_each_Desktop_Flow')?['_componentstate_label']","item/admin_uiflowtype":"@items('For_each_Desktop_Flow')?['_uiflowtype_label']","item/admin_url":"@body('Parse_RPA_JSON')?['properties']?['definition']?['url']"},"retryPolicy":{"type":"exponential","count":10,"interval":"PT10S"},"authentication":"@parameters('$authentication')"}}}}},"default":{"actions":{}},"expression":"@outputs('Get_Desktop_Flow_owner_profile')['statusCode']","type":"Switch"}},"runAfter":{"See_if_DesktopFlowNeedsUpdateToCoE":["Succeeded"]},"expression":{"equals":["@variables('DesktopFlowNeedsUpdateToCoE')","@true"]},"type":"If"}},"runAfter":{"Set_isNewToCoE_to_true":["Succeeded","Skipped"]},"else":{"actions":{"Get_user_profile_(V2)_New":{"runAfter":{},"type":"OpenApiConnection","inputs":{"host":{"apiId":"/providers/Microsoft.PowerApps/apis/shared_office365users","connectionName":"shared_office365users_2","operationId":"UserProfile_V2"},"parameters":{"id":"@body('Get_Desktop_Flow_Owner')?['azureactivedirectoryobjectid']","$select":"city,country,department,jobTitle,officeLocation,statusCode,userPrincipalName, displayName, id"},"retryPolicy":{"type":"exponential","count":10,"interval":"PT10S"},"authentication":"@parameters('$authentication')"}},"Switch_Get_Desktop_Flow_owner_(new)_-_Status":{"runAfter":{"Get_user_profile_(V2)_New":["Succeeded","Failed"]},"cases":{"200_Success":{"case":200,"actions":{"Find__Desktop_Flow_Maker_New":{"runAfter":{},"type":"OpenApiConnection","inputs":{"host":{"apiId":"/providers/Microsoft.PowerApps/apis/shared_commondataserviceforapps","connectionName":"shared_commondataserviceforapps_1","operationId":"ListRecords"},"parameters":{"entityName":"admin_makers","$select":"admin_makerid","$filter":"admin_makerid eq @{outputs('Get_user_profile_(V2)_New')?['body/id']}"},"retryPolicy":{"type":"exponential","count":10,"interval":"PT10S"},"authentication":"@parameters('$authentication')"},"runtimeConfiguration":{"paginationPolicy":{"minimumItemCount":100000}}},"Update_or_Insert__Desktop_Flow_Maker_New":{"actions":{"Update_Bot_Maker_New":{"runAfter":{},"type":"OpenApiConnection","inputs":{"host":{"apiId":"/providers/Microsoft.PowerApps/apis/shared_commondataserviceforapps","connectionName":"shared_commondataserviceforapps_1","operationId":"UpdateRecord"},"parameters":{"entityName":"admin_makers","recordId":"@outputs('Get_user_profile_(V2)_New')?['body/id']","item/admin_displayname":"@outputs('Get_user_profile_(V2)_New')?['body/displayName']","item/admin_city":"@outputs('Get_user_profile_(V2)_New')?['body/city']","item/admin_country":"@outputs('Get_user_profile_(V2)_New')?['body/country']","item/admin_department":"@outputs('Get_user_profile_(V2)_New')?['body/department']","item/admin_jobtitle":"@outputs('Get_user_profile_(V2)_New')?['body/jobTitle']","item/admin_makerisorphaned":false,"item/admin_office":"@outputs('Get_user_profile_(V2)_New')?['body/officeLocation']","item/admin_userprincipalname":"@outputs('Get_user_profile_(V2)_New')?['body/userPrincipalName']"},"retryPolicy":{"type":"exponential","count":10,"interval":"PT10S"},"authentication":"@parameters('$authentication')"}}},"runAfter":{"Find__Desktop_Flow_Maker_New":["Succeeded"]},"else":{"actions":{"Create_Bot_Maker_New":{"runAfter":{},"type":"OpenApiConnection","inputs":{"host":{"apiId":"/providers/Microsoft.PowerApps/apis/shared_commondataserviceforapps","connectionName":"shared_commondataserviceforapps_1","operationId":"CreateRecord"},"parameters":{"entityName":"admin_makers","item/admin_displayname":"@outputs('Get_user_profile_(V2)_New')?['body/displayName']","item/admin_city":"@outputs('Get_user_profile_(V2)_New')?['body/city']","item/admin_country":"@outputs('Get_user_profile_(V2)_New')?['body/country']","item/admin_department":"@outputs('Get_user_profile_(V2)_New')?['body/department']","item/admin_jobtitle":"@outputs('Get_user_profile_(V2)_New')?['body/jobTitle']","item/admin_makerid":"@outputs('Get_user_profile_(V2)_New')?['body/id']","item/admin_makerisorphaned":false,"item/admin_office":"@outputs('Get_user_profile_(V2)_New')?['body/officeLocation']","item/admin_userprincipalname":"@outputs('Get_user_profile_(V2)_New')?['body/userPrincipalName']"},"retryPolicy":{"type":"exponential","count":10,"interval":"PT10S"},"authentication":"@parameters('$authentication')"}}}},"expression":{"greater":["@length(outputs('Find__Desktop_Flow_Maker_New')?['body/value'])",0]},"type":"If"},"Create_Desktop_Flow":{"runAfter":{"Update_or_Insert__Desktop_Flow_Maker_New":["Succeeded"]},"type":"OpenApiConnection","inputs":{"host":{"apiId":"/providers/Microsoft.PowerApps/apis/shared_commondataserviceforapps","connectionName":"shared_commondataserviceforapps_1","operationId":"CreateRecord"},"parameters":{"entityName":"admin_rpas","item/admin_name":"@items('For_each_Desktop_Flow')?['workflowid']","item/admin_rpacreatedon":"@items('For_each_Desktop_Flow')?['createdon']","item/admin_displayname":"@items('For_each_Desktop_Flow')?['name']","item/admin_DesktopflowEnvironment@odata.bind":"admin_environments(@{triggerBody()?['admin_environmentid']})","item/admin_rpaenvironment":"@triggerOutputs()?['body/admin_displayname']","item/admin_rpaisorphaned":"no","item/admin_rpamodifiedon":"@items('For_each_Desktop_Flow')?['modifiedon']","item/admin_RPAOwner@odata.bind":"admin_makers(@{outputs('Get_user_profile_(V2)_New')?['body/id']})","item/admin_rpastate":"@items('For_each_Desktop_Flow')?['_componentstate_label']","item/admin_uiflowtype":"@items('For_each_Desktop_Flow')?['_uiflowtype_label']","item/admin_rpaid":"@items('For_each_Desktop_Flow')?['ItemInternalId']","item/admin_url":"@body('Parse_RPA_JSON')?['properties']?['definition']?['url']"},"retryPolicy":{"type":"exponential","count":10,"interval":"PT10S"},"authentication":"@parameters('$authentication')"}}}},"404_User_Not_Found":{"case":404,"actions":{"Create__Desktop_Flow_(Orphaned)":{"runAfter":{},"type":"OpenApiConnection","inputs":{"host":{"apiId":"/providers/Microsoft.PowerApps/apis/shared_commondataserviceforapps","connectionName":"shared_commondataserviceforapps_1","operationId":"CreateRecord"},"parameters":{"entityName":"admin_rpas","item/admin_name":"@items('For_each_Desktop_Flow')?['workflowid']","item/admin_rpacreatedon":"@items('For_each_Desktop_Flow')?['createdon']","item/admin_displayname":"@items('For_each_Desktop_Flow')?['name']","item/admin_DesktopflowEnvironment@odata.bind":"admin_environments(@{triggerBody()?['admin_environmentid']})","item/admin_rpaenvironment":"@triggerOutputs()?['body/admin_displayname']","item/admin_rpaisorphaned":"yes","item/admin_rpamodifiedon":"@items('For_each_Desktop_Flow')?['modifiedon']","item/admin_rpastate":"@items('For_each_Desktop_Flow')?['_componentstate_label']","item/admin_uiflowtype":"@items('For_each_Desktop_Flow')?['_uiflowtype_label']","item/admin_rpaid":"@items('For_each_Desktop_Flow')?['ItemInternalId']","item/admin_url":"@body('Parse_RPA_JSON')?['properties']?['definition']?['url']"},"retryPolicy":{"type":"exponential","count":10,"interval":"PT10S"},"authentication":"@parameters('$authentication')"}}}}},"default":{"actions":{}},"expression":"@outputs('Get_user_profile_(V2)_New')['statusCode']","type":"Switch"}}},"expression":{"equals":["@variables('isNewToCoE')","@false"]},"type":"If"},"Reset_DesktopFlowNeedsUpdateToCoE":{"runAfter":{"Reset_isNewToCoE":["Succeeded"]},"type":"SetVariable","inputs":{"name":"DesktopFlowNeedsUpdateToCoE","value":"@false"}},"Get_Desktop_Flow_Owner":{"runAfter":{"Parse_RPA_JSON":["Succeeded"]},"type":"OpenApiConnection","inputs":{"host":{"apiId":"/providers/Microsoft.PowerApps/apis/shared_commondataservice","connectionName":"shared_commondataservice_1","operationId":"GetItem_V2"},"parameters":{"dataset":"@triggerOutputs()?['body/admin_environmentcdsmetadataname']","table":"systemusers","id":"@items('For_each_Desktop_Flow')?['_ownerid_value']"},"retryPolicy":{"type":"exponential","count":10,"interval":"PT10S"},"authentication":"@parameters('$authentication')"}}},"runAfter":{},"type":"Foreach"}},"runAfter":{"Set_Env_Var_-_FullInventory":["Succeeded"]},"type":"Scope"},"Put_Desktop_Flows_in_CoE_failed_-_Error_Handling":{"actions":{"Create_a_new_record_-_Sync_Flow_Errors":{"runAfter":{},"type":"OpenApiConnection","inputs":{"host":{"apiId":"/providers/Microsoft.PowerApps/apis/shared_commondataserviceforapps","connectionName":"shared_commondataserviceforapps_1","operationId":"CreateRecord"},"parameters":{"entityName":"admin_syncflowerrorses","item/admin_name":"Admin | Sync Template v3 (RPA)","item/admin_environmentname":"@triggerOutputs()?['body/admin_displayname']","item/admin_flowinstanceurl":"@concat(variables('flowEnvironment'), workflow()?['tags']['environmentName'], '/flows/', workflow()?['name'], '/runs/', workflow()?['run']['name'])"},"retryPolicy":{"type":"exponential","count":10,"interval":"PT10S"},"authentication":"@parameters('$authentication')"}},"Terminate":{"runAfter":{"Create_a_new_record_-_Sync_Flow_Errors":["Succeeded"]},"type":"Terminate","inputs":{"runStatus":"Failed","runError":{"code":"500","message":"Get RPAs Failed"}}}},"runAfter":{"Put_Desktop_Flows_in_CoE":["Failed"]},"type":"Scope"},"Initialize_variable_isNewToCoE":{"runAfter":{"Get_RPAs_and_Exit_if_no_RPAs_in_envt_or_if_no_permissions":["Succeeded"]},"type":"InitializeVariable","inputs":{"variables":[{"name":"isNewToCoE","type":"boolean","value":false}]}},"Initialize_variable_fullInventory":{"runAfter":{"Initialize_variable_flowEnvironment":["Succeeded"]},"type":"InitializeVariable","inputs":{"variables":[{"name":"fullInventory","type":"string","value":"No"}]},"description":"Environment location specific Flow URL - remember / at the end"},"Set_Env_Var_-_FullInventory":{"actions":{"ListDefns-FullInventory":{"runAfter":{},"type":"OpenApiConnection","inputs":{"host":{"apiId":"/providers/Microsoft.PowerApps/apis/shared_commondataserviceforapps","connectionName":"shared_commondataserviceforapps_1","operationId":"ListRecords"},"parameters":{"entityName":"environmentvariabledefinitions","$select":"environmentvariabledefinitionid, defaultvalue","$filter":"schemaname eq 'admin_FullInventory'"},"retryPolicy":{"type":"exponential","count":10,"interval":"PT10S"},"authentication":"@parameters('$authentication')"},"runtimeConfiguration":{"paginationPolicy":{"minimumItemCount":100000}}},"GetDefnID-FullInventory":{"runAfter":{"ListDefns-FullInventory":["Succeeded"]},"type":"Compose","inputs":"@first(body('ListDefns-FullInventory')?['value'])?['environmentvariabledefinitionid']"},"ListCurrents-FullInventory":{"runAfter":{"GetDefnID-FullInventory":["Succeeded"]},"type":"OpenApiConnection","inputs":{"host":{"apiId":"/providers/Microsoft.PowerApps/apis/shared_commondataserviceforapps","connectionName":"shared_commondataserviceforapps_1","operationId":"ListRecords"},"parameters":{"entityName":"environmentvariablevalues","$select":"value","$filter":"_environmentvariabledefinitionid_value eq @{outputs('GetDefnID-FullInventory')}"},"retryPolicy":{"type":"exponential","count":10,"interval":"PT10S"},"authentication":"@parameters('$authentication')"},"runtimeConfiguration":{"paginationPolicy":{"minimumItemCount":100000}}},"FullInventory_-__if_no_Current,_use_Default":{"actions":{"Set_FullInventory_-_CurrentValue":{"runAfter":{},"type":"SetVariable","inputs":{"name":"fullInventory","value":"@{first(body('ListCurrents-FullInventory')?['value'])?['Value']}"}}},"runAfter":{"ListCurrents-FullInventory":["Succeeded"]},"else":{"actions":{"Set_FullInventory_-_DefaultValue":{"runAfter":{},"type":"SetVariable","inputs":{"name":"fullInventory","value":"@{first(body('ListDefns-FullInventory')?['value'])?['defaultvalue']}"}},"Full_Inventory_-_if_no_Default,_set_to_No":{"actions":{"Set_FullInventory_-_set_No":{"runAfter":{},"type":"SetVariable","inputs":{"name":"fullInventory","value":"No"}}},"runAfter":{"Set_FullInventory_-_DefaultValue":["Succeeded"]},"expression":{"equals":["@empty(variables('fullInventory'))","@true"]},"type":"If"}}},"expression":{"greaterOrEquals":["@length(body('ListCurrents-FullInventory')?['value'])",1]},"type":"If"}},"runAfter":{"Set_Env_Var_-_PowerAutomateEnvironmentVariable":["Succeeded"]},"type":"Scope"},"Initialize_variable_DesktopFlowNeedsUpdateToCoE":{"runAfter":{"Initialize_variable_isNewToCoE":["Succeeded"]},"type":"InitializeVariable","inputs":{"variables":[{"name":"DesktopFlowNeedsUpdateToCoE","type":"boolean","value":"@false"}]}}},"outputs":{}}},"schemaVersion":"1.0.0.0"}