<manifest><control namespace="msft" constructor="UploadImageToolV1" version="0.0.3" display-name-key="UploadImageTool" description-key="Image upload tool" control-type="standard" api-version="1.2.1"><property name="value" display-name-key="value_Display_Key" description-key="value_Desc_Key" of-type="SingleLine.Text" usage="bound" required="false" /><property name="maxcontrolheight" display-name-key="Max Control Height(px)" description-key="Max Control Height (scroll will appear if control takes more space)" of-type="Whole.None" usage="input" required="false" /><property name="maxcontrolwidth" display-name-key="Max Control Width(px)" description-key="Max Control Width (scroll will appear if control takes more space)" of-type="Whole.None" usage="input" required="false" /><property name="maximageheight" display-name-key="Max Image Height(px)" description-key="Max ImageHeight (image will transform to be in this range)" of-type="Whole.None" usage="input" required="false" /><property name="maximagewidth" display-name-key="Max Image Width(px)" description-key="Max Image Width (image will transform to be in this range)" of-type="Whole.None" usage="input" required="false" /><property name="mincardwidth" display-name-key="Min Card Width(px)" description-key="Min Card Width (card will will not take less width than specified)" of-type="Whole.None" usage="input" required="false" /><property name="maxcardwidth" display-name-key="Max Card Width(px)" description-key="Max Card Width (card will will not take less width than specified)" of-type="Whole.None" usage="input" required="false" /><property name="isHorizontal" display-name-key="Is Horizontal aligment" description-key="Is Horizontal aligment - specify 1 for Horizontal, 0 or no value for Vertical (default)" of-type="Whole.None" usage="input" required="false" /><resources><code path="bundle.js" order="1" /><css path="css/UploadImageTool.css" order="1" /><img path="img/default.png" /></resources><feature-usage><uses-feature name="Device.pickFile" required="true" /><uses-feature name="Utility" required="true" /><uses-feature name="WebAPI" required="true" /></feature-usage><built-by name="pac" version="0.4.3" /></control></manifest>