<appaction uniquename="cat_NewReview!6f453bc800c14f968b285f7ed8377bc4!cat_CodeReviewConverged!cat_review!1">
  <appmoduleid>
    <uniquename>cat_CodeReviewConverged</uniquename>
  </appmoduleid>
  <buttonlabeltext default="New Review">
    <label description="New Review" languagecode="1033" />
  </buttonlabeltext>
  <buttonsequencepriority>1.0000000000</buttonsequencepriority>
  <context>1</context>
  <contextentity>
    <logicalname>cat_review</logicalname>
  </contextentity>
  <contextvalue>cat_review</contextvalue>
  <fonticon>$clientsvg:Add</fonticon>
  <hidden>0</hidden>
  <iscustomizable>1</iscustomizable>
  <location>1</location>
  <name>NewReview!6f453bc800c14f968b285f7ed8377bc4</name>
  <onclickeventformulacomponentlibrary>ec0f756b-8dff-4232-be59-e8c7dd97a767</onclickeventformulacomponentlibrary>
  <onclickeventformulacomponentlibraryid>
    <name>cat_codereviewconvergeddefaultcommandlibrary_d0157</name>
  </onclickeventformulacomponentlibraryid>
  <onclickeventformulacomponentname>6f453bc800c14f968b285f7ed8377bc4!cat_CodeReviewConverged!cat_review</onclickeventformulacomponentname>
  <onclickeventformulafunctionname>OnSelect</onclickeventformulafunctionname>
  <onclickeventjavascriptfunctionname>OpenDialog</onclickeventjavascriptfunctionname>
  <onclickeventjavascriptparameters>[]</onclickeventjavascriptparameters>
  <onclickeventjavascriptwebresourceid>
    <webresourceid>fa7e21cc-852c-ec11-b6e5-002248209036</webresourceid>
  </onclickeventjavascriptwebresourceid>
  <onclickeventtype>2</onclickeventtype>
  <statecode>0</statecode>
  <statuscode>1</statuscode>
  <type>0</type>
</appaction>