{"properties":{"connectionReferences":{"shared_powerappsforappmakers":{"runtimeSource":"embedded","connection":{"connectionReferenceLogicalName":"cat_sharedpowerappsforappmakers_dabf2"},"api":{"name":"shared_powerappsforappmakers"}},"shared_commondataserviceforapps":{"runtimeSource":"embedded","connection":{"connectionReferenceLogicalName":"cat_CDSCurrentEnvConnectionReference"},"api":{"name":"shared_commondataserviceforapps"}}},"definition":{"$schema":"https://schema.management.azure.com/providers/Microsoft.Logic/schemas/2016-06-01/workflowdefinition.json#","contentVersion":"1.0.0.0","parameters":{"$connections":{"defaultValue":{},"type":"Object"},"$authentication":{"defaultValue":{},"type":"SecureObject"}},"triggers":{"Recurrence":{"recurrence":{"frequency":"Hour","interval":1},"metadata":{"operationMetadataId":"49f36067-2f04-432f-9d94-6eba05618d5c"},"type":"Recurrence"}},"actions":{"Get_App":{"runAfter":{"AppID":["Succeeded"]},"metadata":{"operationMetadataId":"0daea2f3-0c74-4524-8a2a-764443677dd4"},"type":"OpenApiConnection","inputs":{"host":{"connectionName":"shared_powerappsforappmakers","operationId":"Get-App","apiId":"/providers/Microsoft.PowerApps/apis/shared_powerappsforappmakers"},"parameters":{"app":"da23697c-144c-48f7-a545-f933f65c51f0","api-version":"2016-11-01"},"authentication":"@parameters('$authentication')"}},"AppID":{"runAfter":{},"metadata":{"operationMetadataId":"44a565a1-c1cd-4efa-93ea-a907f40bcb7a"},"type":"InitializeVariable","inputs":{"variables":[{"name":"AppID","type":"string","value":"da23697c-144c-48f7-a545-f933f65c51f0"}]}},"GetReviewRequests":{"runAfter":{"Get_App":["Succeeded"]},"metadata":{"operationMetadataId":"6a24b4cc-3918-4b5b-812b-9b52683bc062"},"type":"OpenApiConnection","inputs":{"host":{"connectionName":"shared_commondataserviceforapps","operationId":"ListRecords","apiId":"/providers/Microsoft.PowerApps/apis/shared_commondataserviceforapps"},"parameters":{"entityName":"cat_reviewrequests","$filter":"cat_name eq '@{outputs('Get_App')?['body/properties/displayName']}_@{outputs('Get_App')?['body/properties/appVersion']}'"},"authentication":"@parameters('$authentication')"}},"Is_A_Review_Needed":{"actions":{"Create_a_Review":{"runAfter":{},"metadata":{"operationMetadataId":"6d23a3c1-3dbb-4154-b764-b50312250afc"},"type":"OpenApiConnection","inputs":{"host":{"connectionName":"shared_commondataserviceforapps","operationId":"CreateRecord","apiId":"/providers/Microsoft.PowerApps/apis/shared_commondataserviceforapps"},"parameters":{"entityName":"cat_reviews","item/cat_name":"@{outputs('Get_App')?['body/properties/displayName']}_@{outputs('Get_App')?['body/properties/appVersion']}","item/cat_appname":"@outputs('Get_App')?['body/properties/owner/displayName']","item/cat_appid":"@variables('AppID')","item/cat_apptype":695100000,"item/cat_msapp_document_uri":"@outputs('Get_App')?['body/properties/appUris']?['documentUri']?['value']","item/cat_reviewstatus":695100001,"item/cat_reviewtype":695100000},"authentication":"@parameters('$authentication')"}},"Create_a_Review_Request":{"runAfter":{"Create_a_Review":["Succeeded"]},"metadata":{"operationMetadataId":"4b659853-0423-4843-aafc-21674c8e8a02"},"type":"OpenApiConnection","inputs":{"host":{"connectionName":"shared_commondataserviceforapps","operationId":"CreateRecord","apiId":"/providers/Microsoft.PowerApps/apis/shared_commondataserviceforapps"},"parameters":{"entityName":"cat_reviewrequests","item/cat_name":"@{outputs('Get_App')?['body/properties/displayName']}_@{outputs('Get_App')?['body/properties/appVersion']}","item/cat_Review@odata.bind":"cat_reviews(@{outputs('Create_a_Review')?['body/cat_reviewid']})","item/cat_requeststatus":695100000,"item/statuscode":1},"authentication":"@parameters('$authentication')"}}},"runAfter":{"GetReviewRequests":["Succeeded"]},"expression":{"equals":["@length(outputs('GetReviewRequests')?['body/value']) ",0]},"metadata":{"operationMetadataId":"d03eade8-5075-4174-9fb5-9f5270a12d74"},"type":"If"}},"outputs":{}}},"schemaVersion":"1.0.0.0"}