{"properties":{"connectionReferences":{"shared_commondataserviceforapps":{"runtimeSource":"embedded","connection":{"connectionReferenceLogicalName":"admin_CDSCurrentEnvironmentCoEConnection"},"api":{"name":"shared_commondataserviceforapps"}},"shared_office365":{"runtimeSource":"embedded","connection":{"connectionReferenceLogicalName":"admin_Office365OutlookCoEConnection"},"api":{"name":"shared_office365"}}},"definition":{"$schema":"https://schema.management.azure.com/providers/Microsoft.Logic/schemas/2016-06-01/workflowdefinition.json#","contentVersion":"1.0.0.0","parameters":{"$connections":{"defaultValue":{},"type":"Object"},"$authentication":{"defaultValue":{},"type":"SecureObject"}},"triggers":{"Recurrence":{"recurrence":{"frequency":"Day","interval":1},"type":"Recurrence"}},"actions":{"Initialize_Admin_eMail_variable":{"runAfter":{},"type":"InitializeVariable","inputs":{"variables":[{"name":"adminMail","type":"string"}]},"description":"Environment location specific Flow URL - remember / at the end"},"Initialize_Style_for_HTML_eMail":{"runAfter":{"Initialize_Admin_eMail_variable":["Succeeded"]},"type":"InitializeVariable","inputs":{"variables":[{"name":"css","type":"string","value":"<style>\ntable {\n  border-collapse: collapse;\n  width: 100%;\n}\n\nth, td {\n  padding: 8px;\n  text-align: left;\n  border-bottom: 1px solid #ddd;\n}\n</style>"}]},"description":"Environment location specific Flow URL - remember / at the end"},"Set_Env_Var_-_AdminMail":{"actions":{"ListDefns-AdminMail":{"runAfter":{},"type":"OpenApiConnection","inputs":{"host":{"connectionName":"shared_commondataserviceforapps","operationId":"ListRecords","apiId":"/providers/Microsoft.PowerApps/apis/shared_commondataserviceforapps"},"parameters":{"entityName":"environmentvariabledefinitions","$select":"environmentvariabledefinitionid, defaultvalue","$filter":"schemaname eq 'admin_AdminMail'"},"authentication":"@parameters('$authentication')","retryPolicy":{"type":"exponential","count":10,"interval":"PT10S"}},"runtimeConfiguration":{"paginationPolicy":{"minimumItemCount":100000}}},"GetDefnID-AdminMail":{"runAfter":{"ListDefns-AdminMail":["Succeeded"]},"type":"Compose","inputs":"@first(body('ListDefns-AdminMail')?['value'])?['environmentvariabledefinitionid']"},"ListCurrents-AdminMail":{"runAfter":{"GetDefnID-AdminMail":["Succeeded"]},"type":"OpenApiConnection","inputs":{"host":{"connectionName":"shared_commondataserviceforapps","operationId":"ListRecords","apiId":"/providers/Microsoft.PowerApps/apis/shared_commondataserviceforapps"},"parameters":{"entityName":"environmentvariablevalues","$select":"value","$filter":"_environmentvariabledefinitionid_value eq @{outputs('GetDefnID-AdminMail')}"},"authentication":"@parameters('$authentication')","retryPolicy":{"type":"exponential","count":10,"interval":"PT10S"}},"runtimeConfiguration":{"paginationPolicy":{"minimumItemCount":100000}}},"AdminMail_-__if_no_Current,_use_Default":{"actions":{"Set_AdminMail_-_CurrentValue":{"runAfter":{},"type":"SetVariable","inputs":{"name":"adminMail","value":"@{first(body('ListCurrents-AdminMail')?['value'])?['Value']}"}}},"runAfter":{"ListCurrents-AdminMail":["Succeeded"]},"else":{"actions":{"Set_AdminMail_-_DefaultValue":{"runAfter":{},"type":"SetVariable","inputs":{"name":"adminMail","value":"@{first(body('ListDefns-AdminMail')?['value'])?['defaultvalue']}"}},"AdminMail_-_if_no_Default,_fail_here":{"actions":{"AdminMail_-_Flow_cannot_succeed_without_this_variable":{"runAfter":{},"type":"Terminate","inputs":{"runStatus":"Failed","runError":{"code":"404","message":"No value found for required Env Variable. "}}}},"runAfter":{"Set_AdminMail_-_DefaultValue":["Succeeded"]},"expression":{"equals":["@empty(variables('adminMail'))","@true"]},"type":"If"}}},"expression":{"greaterOrEquals":["@length(body('ListCurrents-AdminMail')?['value'])",1]},"type":"If"}},"runAfter":{"List_Sync_Flow_Errors":["Succeeded"]},"type":"Scope"},"List_Sync_Flow_Errors":{"runAfter":{"Initialize_Style_for_HTML_eMail":["Succeeded"]},"type":"OpenApiConnection","inputs":{"host":{"connectionName":"shared_commondataserviceforapps","operationId":"ListRecords","apiId":"/providers/Microsoft.PowerApps/apis/shared_commondataserviceforapps"},"parameters":{"entityName":"admin_syncflowerrorses","$select":"admin_environmentname, admin_flowinstanceurl, admin_name","$filter":"admin_flowinstanceurl ne ''"},"authentication":"@parameters('$authentication')","retryPolicy":{"type":"exponential","count":10,"interval":"PT10S"}}},"Check_if_there_were_Sync_Flow_errors":{"actions":{"Create_HTML_table":{"runAfter":{},"type":"Table","inputs":{"from":"@outputs('List_Sync_Flow_Errors')?['body/value']","format":"HTML","columns":[{"header":"Flow","value":"@item()?['admin_name']"},{"header":"Environment","value":"@item()?['admin_environmentname']"},{"header":"URL","value":"@concat('<a href=\"', item()?['admin_flowinstanceurl'], '\">', item()?['admin_flowinstanceurl'], '</a>')"}]}},"Compose_HTML_Table":{"runAfter":{"Create_HTML_table":["Succeeded"]},"type":"Compose","inputs":"@replace(replace(replace(body('Create_HTML_table'), '&lt;', '<'), '&gt;', '>'), '&quot;', '\"')"},"Send_an_email_(V2)":{"runAfter":{"Compose_HTML_Table":["Succeeded"]},"type":"OpenApiConnection","inputs":{"host":{"connectionName":"shared_office365","operationId":"SendEmailV2","apiId":"/providers/Microsoft.PowerApps/apis/shared_office365"},"parameters":{"emailMessage/To":"@variables('adminMail')","emailMessage/Subject":"Admin | Sync Flow Errors","emailMessage/Body":"@{variables('css')}\n<p>Some of the Sync Flows in the CoE Starter Kit have failed. See below and navigate to the Flow Instance URL to find out more details:<br>\n<br>\n@{outputs('Compose_HTML_Table')}<br>\n</p>"},"authentication":"@parameters('$authentication')","retryPolicy":{"type":"exponential","count":10,"interval":"PT10S"}}},"Delete_last_days_Sync_Flow_errors":{"foreach":"@outputs('List_Sync_Flow_Errors')?['body/value']","actions":{"Delete_a_record":{"runAfter":{},"type":"OpenApiConnection","inputs":{"host":{"connectionName":"shared_commondataserviceforapps","operationId":"DeleteRecord","apiId":"/providers/Microsoft.PowerApps/apis/shared_commondataserviceforapps"},"parameters":{"entityName":"admin_syncflowerrorses","recordId":"@items('Delete_last_days_Sync_Flow_errors')?['admin_syncflowerrorsid']"},"authentication":"@parameters('$authentication')","retryPolicy":{"type":"exponential","count":10,"interval":"PT10S"}}}},"runAfter":{"Send_an_email_(V2)":["Succeeded"]},"type":"Foreach"}},"runAfter":{"Set_Env_Var_-_AdminMail":["Succeeded"]},"expression":{"greater":["@length(outputs('List_Sync_Flow_Errors')?['body/value'])",0]},"type":"If"}},"outputs":{}}},"schemaVersion":"1.0.0.0"}