<environmentvariabledefinition schemaname="admin_PowerPlatformMakeSecurityGroup">
  <description default="The Admin Welcome Email flow sends a welcome email to onboard new makers and adds them to an Office 365 group. You can use this group to send communications to your makers or invite them to a Yammer or Teams group. Configure the group ID here.">
    <label description="The Admin Welcome Email flow sends a welcome email to onboard new makers and adds them to an Office 365 group. You can use this group to send communications to your makers or invite them to a Yammer or Teams group. Configure the group ID here." languagecode="1033" />
  </description>
  <displayname default="Power Platform Make Office 365 Group">
    <label description="Power Platform Make Office 365 Group" languagecode="1033" />
  </displayname>
  <introducedversion>1.16</introducedversion>
  <iscustomizable>1</iscustomizable>
  <isrequired>0</isrequired>
  <type>100000000</type>
</environmentvariabledefinition>