<environmentvariabledefinition schemaname="admin_ApprovalAdmin">
  <description default="optional variable for users that have a distribution list for Admin Email env var. You cannot use a distribution list for approvals, so this allows you to indicate an individual">
    <label description="optional variable for users that have a distribution list for Admin Email env var. You cannot use a distribution list for approvals, so this allows you to indicate an individual" languagecode="1033" />
  </description>
  <displayname default="Approval Admin">
    <label description="Approval Admin" languagecode="1033" />
  </displayname>
  <introducedversion>1.29</introducedversion>
  <iscustomizable>1</iscustomizable>
  <isrequired>0</isrequired>
  <type>100000000</type>
</environmentvariabledefinition>