{"properties":{"connectionReferences":{"shared_commondataservice_1":{"runtimeSource":"embedded","connection":{"connectionReferenceLogicalName":"admin_CDSCoEAuditConnection"},"api":{"name":"shared_commondataservice"}},"shared_commondataserviceforapps":{"impersonation":{},"runtimeSource":"embedded","connection":{"connectionReferenceLogicalName":"admin_CDSCurrentEnvironmentCoEConnection"},"api":{"name":"shared_commondataserviceforapps"}},"shared_office365users":{"runtimeSource":"embedded","connection":{"connectionReferenceLogicalName":"admin_Office365UsersCoEConnection"},"api":{"name":"shared_office365users"}}},"definition":{"$schema":"https://schema.management.azure.com/providers/Microsoft.Logic/schemas/2016-06-01/workflowdefinition.json#","contentVersion":"1.0.0.0","parameters":{"$connections":{"defaultValue":{},"type":"Object"},"$authentication":{"defaultValue":{},"type":"SecureObject"}},"triggers":{"Recurrence":{"recurrence":{"frequency":"Week","interval":1,"schedule":{"weekDays":["Monday"],"hours":["1"]}},"type":"Recurrence"}},"actions":{"List_Makers":{"runAfter":{"Set_Env_Var_-_PowerAutomateEnvironmentVariable":["Succeeded"]},"type":"OpenApiConnection","inputs":{"host":{"apiId":"/providers/Microsoft.PowerApps/apis/shared_commondataserviceforapps","connectionName":"shared_commondataserviceforapps","operationId":"ListRecords"},"parameters":{"entityName":"admin_makers","$select":"admin_makerid","$filter":"admin_makerisorphaned ne true and admin_displayname ne 'SYSTEM'"},"authentication":"@parameters('$authentication')"}},"Apply_to_each_maker":{"foreach":"@outputs('List_Makers')?['body/value']","actions":{"Get_Maker_Profile":{"runAfter":{},"type":"OpenApiConnection","inputs":{"host":{"apiId":"/providers/Microsoft.PowerApps/apis/shared_office365users","connectionName":"shared_office365users","operationId":"UserProfile_V2"},"parameters":{"id":"@items('Apply_to_each_maker')?['admin_makerid']"},"authentication":"@parameters('$authentication')"}},"Switch":{"runAfter":{"Get_Maker_Profile":["Succeeded","Failed"]},"cases":{"404_Not_Found_(Maker_not_found)":{"case":404,"actions":{"Update_Maker_record_(mark_as_orphaned)":{"runAfter":{},"type":"OpenApiConnection","inputs":{"host":{"apiId":"/providers/Microsoft.PowerApps/apis/shared_commondataserviceforapps","connectionName":"shared_commondataserviceforapps","operationId":"UpdateRecord"},"parameters":{"entityName":"admin_makers","recordId":"@items('Apply_to_each_maker')?['admin_makerid']","item/admin_makerisorphaned":true},"authentication":"@parameters('$authentication')"}},"List_apps_of_maker":{"runAfter":{"Update_Maker_record_(mark_as_orphaned)":["Succeeded"]},"type":"OpenApiConnection","inputs":{"host":{"apiId":"/providers/Microsoft.PowerApps/apis/shared_commondataserviceforapps","connectionName":"shared_commondataserviceforapps","operationId":"ListRecords"},"parameters":{"entityName":"admin_apps","$select":"admin_appid","$filter":"_admin_appowner_value eq @{outputs('Update_Maker_record_(mark_as_orphaned)')?['body/admin_makerid']}"},"authentication":"@parameters('$authentication')"}},"Apply_to_each_app":{"foreach":"@outputs('List_apps_of_maker')?['body/value']","actions":{"Update_App_(Mark_as_orphaned)":{"runAfter":{},"type":"OpenApiConnection","inputs":{"host":{"apiId":"/providers/Microsoft.PowerApps/apis/shared_commondataserviceforapps","connectionName":"shared_commondataserviceforapps","operationId":"UpdateRecord"},"parameters":{"entityName":"admin_apps","recordId":"@items('Apply_to_each_app')?['admin_appid']","item/cr5d5_appisorphaned":"Yes"},"authentication":"@parameters('$authentication')"}}},"runAfter":{"List_apps_of_maker":["Succeeded"]},"type":"Foreach"},"List_flows_of_maker":{"runAfter":{"Apply_to_each_app":["Succeeded"]},"type":"OpenApiConnection","inputs":{"host":{"apiId":"/providers/Microsoft.PowerApps/apis/shared_commondataserviceforapps","connectionName":"shared_commondataserviceforapps","operationId":"ListRecords"},"parameters":{"entityName":"admin_flows","$select":"admin_flowid","$filter":"_admin_flowcreator_value eq @{items('Apply_to_each_maker')?['admin_makerid']}"},"authentication":"@parameters('$authentication')"}},"Apply_to_each_flow":{"foreach":"@outputs('List_flows_of_maker')?['body/value']","actions":{"Update_Flow_(Mark_as_orphaned)":{"runAfter":{},"type":"OpenApiConnection","inputs":{"host":{"apiId":"/providers/Microsoft.PowerApps/apis/shared_commondataserviceforapps","connectionName":"shared_commondataserviceforapps","operationId":"UpdateRecord"},"parameters":{"entityName":"admin_flows","recordId":"@items('Apply_to_each_flow')?['admin_flowid']","item/cr5d5_flowisorphaned":"Yes"},"authentication":"@parameters('$authentication')"}}},"runAfter":{"List_flows_of_maker":["Succeeded"]},"type":"Foreach"},"List_bots_of_maker":{"runAfter":{"Apply_to_each_flow":["Succeeded"]},"type":"OpenApiConnection","inputs":{"host":{"apiId":"/providers/Microsoft.PowerApps/apis/shared_commondataserviceforapps","connectionName":"shared_commondataserviceforapps","operationId":"ListRecords"},"parameters":{"entityName":"admin_pvas","$select":"admin_pvaid","$filter":"_admin_pvaowner_value eq @{items('Apply_to_each_maker')?['admin_makerid']}"},"authentication":"@parameters('$authentication')"}},"Apply_to_each_bot":{"foreach":"@outputs('List_bots_of_maker')?['body/value']","actions":{"Update_bot_(Mark_as_orphaned)":{"runAfter":{},"type":"OpenApiConnection","inputs":{"host":{"apiId":"/providers/Microsoft.PowerApps/apis/shared_commondataserviceforapps","connectionName":"shared_commondataserviceforapps","operationId":"UpdateRecord"},"parameters":{"entityName":"admin_pvas","recordId":"@items('Apply_to_each_bot')?['admin_pvaid']","item/admin_pvaisorphaned":"Yes"},"authentication":"@parameters('$authentication')"}}},"runAfter":{"List_bots_of_maker":["Succeeded"]},"type":"Foreach"},"List_UI_Flows_of_maker":{"runAfter":{"Apply_to_each_bot":["Succeeded"]},"type":"OpenApiConnection","inputs":{"host":{"apiId":"/providers/Microsoft.PowerApps/apis/shared_commondataserviceforapps","connectionName":"shared_commondataserviceforapps","operationId":"ListRecords"},"parameters":{"entityName":"admin_rpas","$select":"admin_rpaid","$filter":"_admin_rpaowner_value eq @{items('Apply_to_each_maker')?['admin_makerid']}"},"authentication":"@parameters('$authentication')"}},"Apply_to_each_UI_Flow":{"foreach":"@outputs('List_UI_Flows_of_maker')?['body/value']","actions":{"Update_UI_Flow_(Mark_as_orphaned)":{"runAfter":{},"type":"OpenApiConnection","inputs":{"host":{"apiId":"/providers/Microsoft.PowerApps/apis/shared_commondataserviceforapps","connectionName":"shared_commondataserviceforapps","operationId":"UpdateRecord"},"parameters":{"entityName":"admin_rpas","recordId":"@items('Apply_to_each_UI_Flow')?['admin_rpaid']","item/admin_rpaisorphaned":"Yes"},"authentication":"@parameters('$authentication')"}}},"runAfter":{"List_UI_Flows_of_maker":["Succeeded"]},"type":"Foreach"},"List_environments_of_maker":{"runAfter":{"Apply_to_each_UI_Flow":["Succeeded"]},"type":"OpenApiConnection","inputs":{"host":{"apiId":"/providers/Microsoft.PowerApps/apis/shared_commondataserviceforapps","connectionName":"shared_commondataserviceforapps","operationId":"ListRecords"},"parameters":{"entityName":"admin_environments","$select":"admin_environmentid","$filter":"_admin_maker_value eq @{items('Apply_to_each_maker')?['admin_makerid']}"},"authentication":"@parameters('$authentication')"}},"Apply_to_each_environment":{"foreach":"@outputs('List_environments_of_maker')?['body/value']","actions":{"Update_Environment_(Mark_as_Orphaned)":{"runAfter":{},"type":"OpenApiConnection","inputs":{"host":{"apiId":"/providers/Microsoft.PowerApps/apis/shared_commondataserviceforapps","connectionName":"shared_commondataserviceforapps","operationId":"UpdateRecord"},"parameters":{"entityName":"admin_environments","recordId":"@items('Apply_to_each_environment')?['admin_environmentid']","item/admin_environmentisorphaned":"Yes"},"authentication":"@parameters('$authentication')"}}},"runAfter":{"List_environments_of_maker":["Succeeded"]},"type":"Foreach"},"List_custom_connectors_of_maker":{"runAfter":{"Apply_to_each_environment":["Succeeded"]},"type":"OpenApiConnection","inputs":{"host":{"apiId":"/providers/Microsoft.PowerApps/apis/shared_commondataserviceforapps","connectionName":"shared_commondataserviceforapps","operationId":"ListRecords"},"parameters":{"entityName":"admin_connectors","$select":"admin_connectorid","$filter":"_admin_maker_value eq @{items('Apply_to_each_maker')?['admin_makerid']}"},"authentication":"@parameters('$authentication')"}},"Apply_to_each_connector":{"foreach":"@outputs('List_custom_connectors_of_maker')?['body/value']","actions":{"Update_Custom_Connector_(Mark_as_Orphaned)":{"runAfter":{},"type":"OpenApiConnection","inputs":{"host":{"apiId":"/providers/Microsoft.PowerApps/apis/shared_commondataserviceforapps","connectionName":"shared_commondataserviceforapps","operationId":"UpdateRecord"},"parameters":{"entityName":"admin_connectors","recordId":"@items('Apply_to_each_connector')?['admin_connectorid']","item/admin_appisorphaned":"Yes"},"authentication":"@parameters('$authentication')"}}},"runAfter":{"List_custom_connectors_of_maker":["Succeeded"]},"type":"Foreach"}}}},"default":{"actions":{}},"expression":"@outputs('Get_Maker_Profile')?['statusCode']","type":"Switch","description":"Check Status Code of Get Maker Profile - if the status if 404 (Not Found) it means the maker does no longer exist in the Office 365 Users list, and has therefore left the organisation"}},"runAfter":{"List_Makers":["Succeeded"]},"type":"Foreach"},"Orphan_Makers_-_Error_Handling":{"actions":{"Create_a_new_record_-_Sync_Flow_Errors":{"runAfter":{},"metadata":{"flowSystemMetadata":{"swaggerOperationId":"PostItem_V2"}},"type":"ApiConnection","inputs":{"host":{"connection":{"name":"@parameters('$connections')['shared_commondataservice_1']['connectionId']"}},"method":"post","body":{"admin_name":"Admin | Sync Template v2 (Orphaned Makers)","admin_flowinstanceurl":"@{concat(variables('flowEnvironment'), workflow()?['tags']['environmentName'], '/flows/', workflow()?['name'], '/runs/', workflow()?['run']['name'])}","_ownerid_type":""},"path":"/v2/datasets/@{encodeURIComponent(encodeURIComponent('default.cds'))}/tables/@{encodeURIComponent(encodeURIComponent('admin_syncflowerrorses'))}/items","authentication":"@parameters('$authentication')"}},"Terminate":{"runAfter":{"Create_a_new_record_-_Sync_Flow_Errors":["Succeeded"]},"type":"Terminate","inputs":{"runStatus":"Failed","runError":{"code":"500","message":"Orphan Makers Failed"}}}},"runAfter":{"Apply_to_each_maker":["Failed"]},"type":"Scope"},"Initialize_Flow_Environment_variable":{"runAfter":{},"type":"InitializeVariable","inputs":{"variables":[{"name":"flowEnvironment","type":"String"}]},"description":"Environment location specific Flow URL - remember / at the end"},"Set_Env_Var_-_PowerAutomateEnvironmentVariable":{"actions":{"ListDefns-PowerAutomateEnvironmentVariable":{"runAfter":{},"metadata":{"flowSystemMetadata":{"swaggerOperationId":"GetItems_V2"}},"type":"ApiConnection","inputs":{"host":{"connection":{"name":"@parameters('$connections')['shared_commondataservice_1']['connectionId']"}},"method":"get","path":"/v2/datasets/@{encodeURIComponent(encodeURIComponent('default.cds'))}/tables/@{encodeURIComponent(encodeURIComponent('environmentvariabledefinitions'))}/items","queries":{"$filter":"schemaname eq 'admin_PowerAutomateEnvironmentVariable'"},"authentication":"@parameters('$authentication')"}},"GetDefnID-PowerAutomateEnvironmentVariable":{"runAfter":{"ListDefns-PowerAutomateEnvironmentVariable":["Succeeded"]},"type":"Compose","inputs":"@first(body('ListDefns-PowerAutomateEnvironmentVariable')?['value'])?['ItemInternalId']"},"ListCurrents-PowerAutomateEnvironmentVariable":{"runAfter":{"GetDefnID-PowerAutomateEnvironmentVariable":["Succeeded"]},"metadata":{"flowSystemMetadata":{"swaggerOperationId":"GetItems_V2"}},"type":"ApiConnection","inputs":{"host":{"connection":{"name":"@parameters('$connections')['shared_commondataservice_1']['connectionId']"}},"method":"get","path":"/v2/datasets/@{encodeURIComponent(encodeURIComponent('default.cds'))}/tables/@{encodeURIComponent(encodeURIComponent('environmentvariablevalues'))}/items","queries":{"$filter":"_environmentvariabledefinitionid_value eq @{outputs('GetDefnID-PowerAutomateEnvironmentVariable')}"},"authentication":"@parameters('$authentication')"}},"flowEnvironment_-__if_no_Current,_use_Default":{"actions":{"Set_flowEnvironment_-_CurrentValue":{"runAfter":{},"type":"SetVariable","inputs":{"name":"flowEnvironment","value":"@{first(body('ListCurrents-PowerAutomateEnvironmentVariable')?['value'])?['Value']}"}}},"runAfter":{"ListCurrents-PowerAutomateEnvironmentVariable":["Succeeded"]},"else":{"actions":{"Set_flowEnvironment_-_DefaultValue":{"runAfter":{},"type":"SetVariable","inputs":{"name":"flowEnvironment","value":"@{first(body('ListDefns-PowerAutomateEnvironmentVariable')?['value'])?['defaultvalue']}"}},"flowEnvironment_-_if_no_Default,_fail_here":{"actions":{"flowEnvironment_-_Flow_cannot_succeed_without_this_variable":{"runAfter":{},"type":"Terminate","inputs":{"runStatus":"Failed","runError":{"code":"404","message":"No value found for required Env Variable. "}}}},"runAfter":{"Set_flowEnvironment_-_DefaultValue":["Succeeded"]},"expression":{"equals":["@empty(variables('flowEnvironment'))","@true"]},"type":"If"}}},"expression":{"greaterOrEquals":["@length(body('ListCurrents-PowerAutomateEnvironmentVariable')?['value'])",1]},"type":"If"}},"runAfter":{"Initialize_Flow_Environment_variable":["Succeeded"]},"type":"Scope"}},"outputs":{}}},"schemaVersion":"1.0.0.0"}