<manifest><control namespace="Samples" constructor="AutoWidthLabel" version="1.0.0" display-name-key="AutoWidthLabel" description-key="AutoWidthLabel description" control-type="standard" api-version="1.3.0"><property name="Text" display-name-key="Text" description-key="Text" of-type="SingleLine.Text" usage="bound" required="true" /><property name="Font" display-name-key="Font" description-key="Font" of-type="SingleLine.Text" usage="bound" required="true" /><property name="FontSize" display-name-key="FontSize" description-key="Font Size" of-type="Whole.None" usage="bound" required="true" /><property name="AutoWidth" display-name-key="AutoWidth" description-key="Auto Width" of-type="Whole.None" usage="output" required="true" /><resources><code path="bundle.js" order="1" /></resources><built-by name="pac" version="1.6.5" /></control></manifest>