<ImportExportXml version="9.2.21032.164" SolutionPackageVersion="9.2" languagecode="1033" generatedBy="CrmLive" xmlns:xsi="http://www.w3.org/2001/XMLSchema-instance">
  <SolutionManifest>
    <UniqueName>CenterofExcellenceNurtureComponents</UniqueName>
    <LocalizedNames>
      <LocalizedName description="Center of Excellence - Nurture Components" languagecode="1033" />
    </LocalizedNames>
    <Descriptions />
    <Version>1.40.3</Version>
    <Managed>1</Managed>
    <Publisher>
      <UniqueName>powerplatformadmin</UniqueName>
      <LocalizedNames>
        <LocalizedName description="Power Platform Admin" languagecode="1033" />
      </LocalizedNames>
      <Descriptions />
      <EMailAddress xsi:nil="true"></EMailAddress>
      <SupportingWebsiteUrl xsi:nil="true"></SupportingWebsiteUrl>
      <CustomizationPrefix>admin</CustomizationPrefix>
      <CustomizationOptionValuePrefix>59791</CustomizationOptionValuePrefix>
      <Addresses>
        <Address>
          <AddressNumber>1</AddressNumber>
          <AddressTypeCode>1</AddressTypeCode>
          <City xsi:nil="true"></City>
          <County xsi:nil="true"></County>
          <Country xsi:nil="true"></Country>
          <Fax xsi:nil="true"></Fax>
          <FreightTermsCode xsi:nil="true"></FreightTermsCode>
          <ImportSequenceNumber xsi:nil="true"></ImportSequenceNumber>
          <Latitude xsi:nil="true"></Latitude>
          <Line1 xsi:nil="true"></Line1>
          <Line2 xsi:nil="true"></Line2>
          <Line3 xsi:nil="true"></Line3>
          <Longitude xsi:nil="true"></Longitude>
          <Name xsi:nil="true"></Name>
          <PostalCode xsi:nil="true"></PostalCode>
          <PostOfficeBox xsi:nil="true"></PostOfficeBox>
          <PrimaryContactName xsi:nil="true"></PrimaryContactName>
          <ShippingMethodCode>1</ShippingMethodCode>
          <StateOrProvince xsi:nil="true"></StateOrProvince>
          <Telephone1 xsi:nil="true"></Telephone1>
          <Telephone2 xsi:nil="true"></Telephone2>
          <Telephone3 xsi:nil="true"></Telephone3>
          <TimeZoneRuleVersionNumber xsi:nil="true"></TimeZoneRuleVersionNumber>
          <UPSZone xsi:nil="true"></UPSZone>
          <UTCOffset xsi:nil="true"></UTCOffset>
          <UTCConversionTimeZoneCode xsi:nil="true"></UTCConversionTimeZoneCode>
        </Address>
        <Address>
          <AddressNumber>2</AddressNumber>
          <AddressTypeCode>1</AddressTypeCode>
          <City xsi:nil="true"></City>
          <County xsi:nil="true"></County>
          <Country xsi:nil="true"></Country>
          <Fax xsi:nil="true"></Fax>
          <FreightTermsCode xsi:nil="true"></FreightTermsCode>
          <ImportSequenceNumber xsi:nil="true"></ImportSequenceNumber>
          <Latitude xsi:nil="true"></Latitude>
          <Line1 xsi:nil="true"></Line1>
          <Line2 xsi:nil="true"></Line2>
          <Line3 xsi:nil="true"></Line3>
          <Longitude xsi:nil="true"></Longitude>
          <Name xsi:nil="true"></Name>
          <PostalCode xsi:nil="true"></PostalCode>
          <PostOfficeBox xsi:nil="true"></PostOfficeBox>
          <PrimaryContactName xsi:nil="true"></PrimaryContactName>
          <ShippingMethodCode>1</ShippingMethodCode>
          <StateOrProvince xsi:nil="true"></StateOrProvince>
          <Telephone1 xsi:nil="true"></Telephone1>
          <Telephone2 xsi:nil="true"></Telephone2>
          <Telephone3 xsi:nil="true"></Telephone3>
          <TimeZoneRuleVersionNumber xsi:nil="true"></TimeZoneRuleVersionNumber>
          <UPSZone xsi:nil="true"></UPSZone>
          <UTCOffset xsi:nil="true"></UTCOffset>
          <UTCConversionTimeZoneCode xsi:nil="true"></UTCConversionTimeZoneCode>
        </Address>
      </Addresses>
    </Publisher>
    <RootComponents>
      <RootComponent type="1" schemaName="admin_answeroptions" behavior="0" />
      <RootComponent type="1" schemaName="admin_assessment" behavior="0" />
      <RootComponent type="1" schemaName="admin_inadayattendees" behavior="0" />
      <RootComponent type="1" schemaName="admin_inadayevent" behavior="0" />
      <RootComponent type="1" schemaName="admin_makerassessmentcategory" behavior="0" />
      <RootComponent type="9" schemaName="admin_questionformat" behavior="0" />
      <RootComponent type="20" id="{023c22ab-5a72-eb11-a812-000d3a173bb2}" behavior="0" />
      <RootComponent type="20" id="{f82f4895-5a72-eb11-a812-000d3a173480}" behavior="0" />
      <RootComponent type="29" id="{1d341d21-c39b-eb11-b1ac-000d3a1345fc}" behavior="0" />
      <RootComponent type="29" id="{596cc029-3372-eb11-a812-000d3a173bb2}" behavior="0" />
      <RootComponent type="29" id="{64d797eb-cd9b-eb11-b1ac-000d3a13451d}" behavior="0" />
      <RootComponent type="29" id="{bc88659a-c09b-eb11-b1ac-000d3a13451d}" behavior="0" />
      <RootComponent type="29" id="{e7a96786-c7e5-e911-a860-000d3a372932}" behavior="0" />
      <RootComponent type="300" schemaName="admin_makerassessmentadminapp_1f3f4" behavior="0" />
      <RootComponent type="300" schemaName="admin_makerassessment_505f3" behavior="0" />
      <RootComponent type="300" schemaName="admin_powerplatformtrainingregistration_4c1ca" behavior="0" />
      <RootComponent type="300" schemaName="admin_templatecatalog_64572" behavior="0" />
      <RootComponent type="300" schemaName="admin_traininginadaymanagement_3a72b" behavior="0" />
      <RootComponent type="431" schemaName="admin_inadayevent admin_eventimage" behavior="0" />
      <RootComponent type="432" schemaName="admin_inadayevent" behavior="0" />
    </RootComponents>
    <MissingDependencies>
      <MissingDependency>
        <Required key="0" type="1" schemaName="environmentvariablevalue" displayName="Environment Variable Value" solution="EnvironmentVariables (1.0.2.63)" />
        <Dependent key="1" type="300" schemaName="admin_makerassessment_505f3" displayName="Maker Assessment" />
      </MissingDependency>
      <MissingDependency>
        <Required key="2" type="1" schemaName="environmentvariabledefinition" displayName="Environment Variable Definition" solution="EnvironmentVariables (1.0.2.63)" />
        <Dependent key="1" type="300" schemaName="admin_makerassessment_505f3" displayName="Maker Assessment" />
      </MissingDependency>
      <MissingDependency>
        <Required key="3" type="1" schemaName="admin_coesettings" displayName="COE Settings" solution="Active" />
        <Dependent key="4" type="300" schemaName="admin_traininginadaymanagement_3a72b" displayName="Power Platform Training Management" />
      </MissingDependency>
      <MissingDependency>
        <Required key="3" type="1" schemaName="admin_coesettings" displayName="COE Settings" solution="Active" />
        <Dependent key="5" type="300" schemaName="admin_templatecatalog_64572" displayName="Template Catalog" />
      </MissingDependency>
      <MissingDependency>
        <Required key="6" type="EnvironmentVariableDefinition" displayName="admin_eMailHeaderStyle" solution="Active" id.schemaname="admin_eMailHeaderStyle" />
        <Dependent key="7" type="29" displayName="Training In A Day | Registration Confirmation" id="{1d341d21-c39b-eb11-b1ac-000d3a1345fc}" />
      </MissingDependency>
      <MissingDependency>
        <Required key="8" type="EnvironmentVariableDefinition" displayName="admin_AdminMail" solution="Active" id.schemaname="admin_AdminMail" />
        <Dependent key="9" type="29" displayName="Admin | Newsletter with Product Updates" id="{e7a96786-c7e5-e911-a860-000d3a372932}" />
      </MissingDependency>
      <MissingDependency>
        <Required key="6" type="EnvironmentVariableDefinition" displayName="admin_eMailHeaderStyle" solution="Active" id.schemaname="admin_eMailHeaderStyle" />
        <Dependent key="9" type="29" displayName="Admin | Newsletter with Product Updates" id="{e7a96786-c7e5-e911-a860-000d3a372932}" />
      </MissingDependency>
      <MissingDependency>
        <Required key="6" type="EnvironmentVariableDefinition" displayName="admin_eMailHeaderStyle" solution="Active" id.schemaname="admin_eMailHeaderStyle" />
        <Dependent key="10" type="29" displayName="Training In A Day | Feedback Reminder" id="{bc88659a-c09b-eb11-b1ac-000d3a13451d}" />
      </MissingDependency>
      <MissingDependency>
        <Required key="6" type="EnvironmentVariableDefinition" displayName="admin_eMailHeaderStyle" solution="Active" id.schemaname="admin_eMailHeaderStyle" />
        <Dependent key="11" type="29" displayName="Training In A Day | Reminder 3 days prior event" id="{64d797eb-cd9b-eb11-b1ac-000d3a13451d}" />
      </MissingDependency>
    </MissingDependencies>
  </SolutionManifest>
</ImportExportXml>