<ImportExportXml version="9.1.0.12629" SolutionPackageVersion="9.1" languagecode="1033" generatedBy="CrmLive" xmlns:xsi="http://www.w3.org/2001/XMLSchema-instance">
  <SolutionManifest>
    <UniqueName>CenterofExcellenceCoreComponents</UniqueName>
    <LocalizedNames>
      <LocalizedName description="Center of Excellence - Core Components" languagecode="1033" />
    </LocalizedNames>
    <Descriptions />
    <Version>1.23</Version>
    <Managed>1</Managed>
    <Publisher>
      <UniqueName>powerplatformadmin</UniqueName>
      <LocalizedNames>
        <LocalizedName description="Power Platform Admin" languagecode="1033" />
      </LocalizedNames>
      <Descriptions />
      <EMailAddress xsi:nil="true"></EMailAddress>
      <SupportingWebsiteUrl xsi:nil="true"></SupportingWebsiteUrl>
      <CustomizationPrefix>admin</CustomizationPrefix>
      <CustomizationOptionValuePrefix>59791</CustomizationOptionValuePrefix>
      <Addresses>
        <Address>
          <AddressNumber>1</AddressNumber>
          <AddressTypeCode>1</AddressTypeCode>
          <City xsi:nil="true"></City>
          <County xsi:nil="true"></County>
          <Country xsi:nil="true"></Country>
          <Fax xsi:nil="true"></Fax>
          <FreightTermsCode xsi:nil="true"></FreightTermsCode>
          <ImportSequenceNumber xsi:nil="true"></ImportSequenceNumber>
          <Latitude xsi:nil="true"></Latitude>
          <Line1 xsi:nil="true"></Line1>
          <Line2 xsi:nil="true"></Line2>
          <Line3 xsi:nil="true"></Line3>
          <Longitude xsi:nil="true"></Longitude>
          <Name xsi:nil="true"></Name>
          <PostalCode xsi:nil="true"></PostalCode>
          <PostOfficeBox xsi:nil="true"></PostOfficeBox>
          <PrimaryContactName xsi:nil="true"></PrimaryContactName>
          <ShippingMethodCode>1</ShippingMethodCode>
          <StateOrProvince xsi:nil="true"></StateOrProvince>
          <Telephone1 xsi:nil="true"></Telephone1>
          <Telephone2 xsi:nil="true"></Telephone2>
          <Telephone3 xsi:nil="true"></Telephone3>
          <TimeZoneRuleVersionNumber xsi:nil="true"></TimeZoneRuleVersionNumber>
          <UPSZone xsi:nil="true"></UPSZone>
          <UTCOffset xsi:nil="true"></UTCOffset>
          <UTCConversionTimeZoneCode xsi:nil="true"></UTCConversionTimeZoneCode>
        </Address>
        <Address>
          <AddressNumber>2</AddressNumber>
          <AddressTypeCode>1</AddressTypeCode>
          <City xsi:nil="true"></City>
          <County xsi:nil="true"></County>
          <Country xsi:nil="true"></Country>
          <Fax xsi:nil="true"></Fax>
          <FreightTermsCode xsi:nil="true"></FreightTermsCode>
          <ImportSequenceNumber xsi:nil="true"></ImportSequenceNumber>
          <Latitude xsi:nil="true"></Latitude>
          <Line1 xsi:nil="true"></Line1>
          <Line2 xsi:nil="true"></Line2>
          <Line3 xsi:nil="true"></Line3>
          <Longitude xsi:nil="true"></Longitude>
          <Name xsi:nil="true"></Name>
          <PostalCode xsi:nil="true"></PostalCode>
          <PostOfficeBox xsi:nil="true"></PostOfficeBox>
          <PrimaryContactName xsi:nil="true"></PrimaryContactName>
          <ShippingMethodCode>1</ShippingMethodCode>
          <StateOrProvince xsi:nil="true"></StateOrProvince>
          <Telephone1 xsi:nil="true"></Telephone1>
          <Telephone2 xsi:nil="true"></Telephone2>
          <Telephone3 xsi:nil="true"></Telephone3>
          <TimeZoneRuleVersionNumber xsi:nil="true"></TimeZoneRuleVersionNumber>
          <UPSZone xsi:nil="true"></UPSZone>
          <UTCOffset xsi:nil="true"></UTCOffset>
          <UTCConversionTimeZoneCode xsi:nil="true"></UTCConversionTimeZoneCode>
        </Address>
      </Addresses>
    </Publisher>
    <RootComponents>
      <RootComponent type="1" schemaName="admin_app" behavior="0" />
      <RootComponent type="1" schemaName="admin_auditlog" behavior="0" />
      <RootComponent type="1" schemaName="admin_coesettings" behavior="0" />
      <RootComponent type="1" schemaName="admin_connectionreference" behavior="0" />
      <RootComponent type="1" schemaName="admin_connector" behavior="0" />
      <RootComponent type="1" schemaName="admin_environment" behavior="0" />
      <RootComponent type="1" schemaName="admin_flow" behavior="0" />
      <RootComponent type="1" schemaName="admin_maker" behavior="0" />
      <RootComponent type="1" schemaName="admin_syncflowerrors" behavior="0" />
      <RootComponent type="1" schemaName="new_bpf_ffa183a676d64ec9aee6a558129651a2" behavior="0" />
      <RootComponent type="9" schemaName="admin_approvalstatus" behavior="0" />
      <RootComponent type="9" schemaName="admin_businessimpact" behavior="0" />
      <RootComponent type="9" schemaName="admin_category" behavior="0" />
      <RootComponent type="9" schemaName="admin_dataclassification" behavior="0" />
      <RootComponent type="9" schemaName="admin_powerappstype" behavior="0" />
      <RootComponent type="9" schemaName="admin_riskassessment" behavior="0" />
      <RootComponent type="20" id="{0173e729-2b89-e911-a856-000d3a372932}" behavior="0" />
      <RootComponent type="20" id="{1d04a95b-cc80-e911-a82e-000d3a11eb35}" behavior="0" />
      <RootComponent type="20" id="{3e6126b5-2589-e911-a856-000d3a372932}" behavior="0" />
      <RootComponent type="20" id="{519b2826-eba8-e911-a853-000d3a372ab9}" behavior="0" />
      <RootComponent type="29" id="{40d87bf4-abe3-e911-a860-000d3a372186}" behavior="0" />
      <RootComponent type="29" id="{9437b2f2-abe3-e911-a856-000d3a3627b3}" behavior="0" />
      <RootComponent type="29" id="{9537b2f2-abe3-e911-a856-000d3a3627b3}" behavior="0" />
      <RootComponent type="29" id="{9737b2f2-abe3-e911-a856-000d3a3627b3}" behavior="0" />
      <RootComponent type="29" id="{b043cbf3-abe3-e911-a86d-000d3a372701}" behavior="0" />
      <RootComponent type="29" id="{c7a4d3f2-abe3-e911-a860-000d3a372932}" behavior="0" />
      <RootComponent type="29" id="{d8745f12-ca2b-ea11-a810-000d3a31c867}" behavior="0" />
      <RootComponent type="29" id="{ffa183a6-76d6-4ec9-aee6-a558129651a2}" behavior="0" />
      <RootComponent type="60" id="{cf839870-ff70-e911-a833-000d3a375590}" behavior="0" />
      <RootComponent type="61" schemaName="admin_AdminIcon" behavior="0" />
      <RootComponent type="61" schemaName="admin_ConnectorIcon" behavior="0" />
      <RootComponent type="61" schemaName="admin_environmentIcon" behavior="0" />
      <RootComponent type="61" schemaName="admin_FlowIcon" behavior="0" />
      <RootComponent type="61" schemaName="admin_PowerAppIcon" behavior="0" />
      <RootComponent type="61" schemaName="admin_userIcon" behavior="0" />
      <RootComponent type="62" schemaName="admin_PowerPlatformAdminView" behavior="0" />
      <RootComponent type="80" schemaName="admin_PowerPlatformAdminView" behavior="0" />
      <RootComponent type="300" schemaName="admin_dlpcustomizer_3220e" behavior="0" />
      <RootComponent type="300" schemaName="admin_dlpeditor_a721d" behavior="0" />
      <RootComponent type="300" schemaName="admin_powerappsadminsetowner_8b129" behavior="0" />
      <RootComponent type="380" id="{bd60d7cb-4d2d-ea11-a810-000d3a31cf04}" behavior="0" />
      <RootComponent type="380" id="{cb29b3ee-242b-ea11-a810-000d3a31c17f}" behavior="0" />
      <RootComponent type="380" id="{f6385e2f-ca2b-ea11-a810-000d3a31cf04}" behavior="0" />
    </RootComponents>
    <MissingDependencies>
      <MissingDependency>
        <Required key="0" type="66" schemaName="MscrmControls.FlipSwitch.FlipSwitchControl" displayName="MscrmControls.FlipSwitch.FlipSwitchControl" solution="CustomControlsCore (9.1.0000.12629)" />
        <Dependent key="1" type="60" displayName="App Main Form" parentDisplayName="PowerApps App" id="{6dad0a69-1879-4f73-94ad-3b40ff425429}" />
      </MissingDependency>
      <MissingDependency>
        <Required key="2" type="66" schemaName="MscrmControls.OptionSet.OptionSetControl" displayName="MscrmControls.OptionSet.OptionSetControl" solution="CustomControlsCore (9.1.0000.12629)" />
        <Dependent key="1" type="60" displayName="App Main Form" parentDisplayName="PowerApps App" id="{6dad0a69-1879-4f73-94ad-3b40ff425429}" />
      </MissingDependency>
      <MissingDependency>
        <Required key="3" type="61" schemaName="msdyn_/Images/AppModule_Default_Icon.png" displayName="msdyn_/Images/AppModule_Default_Icon.png" solution="AppModuleWebResources (2.5)" />
        <Dependent key="4" type="80" schemaName="admin_PowerPlatformAdminView" displayName="Power Platform Admin View" />
      </MissingDependency>
    </MissingDependencies>
  </SolutionManifest>
</ImportExportXml>