{"properties":{"connectionReferences":{"shared_commondataserviceforapps":{"runtimeSource":"embedded","connection":{"connectionReferenceLogicalName":"admin_CDSCurrentEnvironmentCoEConnection"},"api":{"name":"shared_commondataserviceforapps"}},"shared_office365users_1":{"runtimeSource":"embedded","connection":{"connectionReferenceLogicalName":"admin_Office365UsersCoEConnection"},"api":{"name":"shared_office365users"}},"shared_office365":{"runtimeSource":"embedded","connection":{"connectionReferenceLogicalName":"admin_Office365OutlookCoEConnection"},"api":{"name":"shared_office365"}}},"definition":{"$schema":"https://schema.management.azure.com/providers/Microsoft.Logic/schemas/2016-06-01/workflowdefinition.json#","contentVersion":"1.0.0.0","parameters":{"$connections":{"defaultValue":{},"type":"Object"},"$authentication":{"defaultValue":{},"type":"SecureObject"},"ProductionEnvironment":{"defaultValue":true,"type":"Bool","metadata":{"schemaName":"admin_ProductionEnvironment","description":"true by default. set to false if you are creating a dev type envt. this will allow some flows to set target users to the admin instead of object owners"}},"Approval Admin":{"defaultValue":"adelev@pplatform.onmicrosoft.com","type":"String","metadata":{"schemaName":"admin_ApprovalAdmin","description":"Added for users that have a distribution list for Admin Email env var. You cannot use a distribution list for approvals, so this allows you to indicate an individual. Enter an individual who will be charged with approving removal of orphaned items"}},"Exclude Default environment from Compliance Request flows":{"defaultValue":false,"type":"Bool","metadata":{"schemaName":"admin_ExcludeDefault","description":"Set to Yes if you want to Exclude the Default environment from the Admin | Compliance Details request flow"}},"Developer Compliance Center URL":{"defaultValue":"https://apps.powerapps.com/play/13a69a6b-7ef7-47e7-b012-72a1cdb44925?tenantId=8a235459-3d2c-415d-8c1e-e2fe133509ad","type":"String","metadata":{"schemaName":"admin_DeveloperComplianceCenterURL","description":"URL to Developer Compliance Center Canvas App"}},"eMail Header Style":{"defaultValue":"<head> <style>  body {     background-color: #efefef;     font-family: Segoe UI;     text-align: center; }  #content {     border: 1px solid #742774;     background-color: #ffffff;     width: 650px;     margin-bottom: 50px;     display: inline-block; }  #logo {     margin-left: 52px;     margin-top: 40px;     width: 60px;     height: 12px; }  #header {     font-size: 24px;     margin-left: 50px;     margin-top: 20px;     margin-bottom: 20px; }  #ribbon {     background-color: #742774; }  #ribbonContent {     font-size: 20px;     padding-left: 30px;     padding-top: 10px;     padding-bottom: 20px;     color: white;     width: 100%;     padding-right: 10px; }  #message > td {     font-size: 14px;     padding-left: 60px;     padding-right: 60px;     padding-top: 20px;     padding-bottom: 40px; }  #footer > td {     font-size: 12px;     background-color: #cfcfcf;     height: 40px;     padding-top: 15px;     padding-left: 40px;     padding-bottom: 20px; }  #form {     width: 100%;     border-collapse: collapse; }  #app {     width: 60%;     font-size: 12px; }  .label {     color: #5f5f5f }  table {     border-collapse: collapse;     width: 100%; }  th, td {     padding: 8px;     text-align: left;     border-bottom: 1px solid #ddd; }  </style> </head>","type":"String","metadata":{"schemaName":"admin_eMailHeaderStyle","description":"CSS/Style used for eMails"}}},"triggers":{"Recurrence":{"recurrence":{"frequency":"Week","interval":1,"schedule":{"weekDays":["Monday"]}},"type":"Recurrence"}},"actions":{"Get_Default_Environment":{"runAfter":{},"type":"OpenApiConnection","inputs":{"host":{"connectionName":"shared_commondataserviceforapps","operationId":"ListRecords","apiId":"/providers/Microsoft.PowerApps/apis/shared_commondataserviceforapps"},"parameters":{"entityName":"admin_environments","$select":"admin_environmentsku,admin_environmentname","$filter":"admin_environmentsku eq 'Default'"},"authentication":"@parameters('$authentication')"}},"Default_Environment_Name":{"runAfter":{"Get_Default_Environment":["Succeeded"]},"type":"Compose","inputs":"@first(body('Get_Default_Environment')?['value'])['admin_environmentname']"},"Send_Compliance_Request_email_for_Apps":{"actions":{"Compose_Filter_Query":{"actions":{"Set_varFilterQuery_-_with_Default":{"runAfter":{},"type":"SetVariable","inputs":{"name":"varFilterQuery","value":"_admin_appowner_value ne null and admin_appownerdisplayname ne 'SYSTEM' "}}},"runAfter":{},"else":{"actions":{"Set_variable":{"runAfter":{},"type":"SetVariable","inputs":{"name":"varFilterQuery","value":"_admin_appowner_value ne null and admin_appownerdisplayname ne 'SYSTEM' and admin_appenvironmentid ne '@{outputs('Default_Environment_Name')}'"}}}},"expression":{"equals":["@parameters('Exclude Default environment from Compliance Request flows')","no"]},"type":"If"},"List_apps":{"runAfter":{"Compose_Filter_Query":["Succeeded"]},"type":"OpenApiConnection","inputs":{"host":{"connectionName":"shared_commondataserviceforapps","operationId":"ListRecords","apiId":"/providers/Microsoft.PowerApps/apis/shared_commondataserviceforapps"},"parameters":{"entityName":"admin_apps","$select":"admin_appdescription,admin_displayname,admin_apppublished,admin_appsharedgroups,admin_appsharedusers,admin_requirement_2,admin_requirement_1,admin_requirement_3,admin_requirement_4,admin_requirement_6,admin_makersubmittedrequirements,admin_requirement_5,cr5d5_appisorphaned,_admin_appowner_value","$filter":"@variables('varFilterQuery')"},"authentication":"@parameters('$authentication')"}},"Apply_to_each_App":{"foreach":"@outputs('List_apps')?['body/value']","actions":{"Get_Assignee":{"actions":{"Set_Assignee":{"runAfter":{},"type":"SetVariable","inputs":{"name":"varAssignee","value":"@parameters('Approval Admin')"}}},"runAfter":{},"else":{"actions":{"Recheck_Orphan_Status":{"runAfter":{},"type":"OpenApiConnection","inputs":{"host":{"connectionName":"shared_office365users_1","operationId":"UserProfile_V2","apiId":"/providers/Microsoft.PowerApps/apis/shared_office365users"},"parameters":{"id":"@items('Apply_to_each_App')?['_admin_appowner_value']","$select":"displayName,mail"},"authentication":"@parameters('$authentication')"}},"Switch":{"runAfter":{"Recheck_Orphan_Status":["Succeeded"]},"cases":{"Case_200_-_User_Found":{"case":200,"actions":{"Set_Assignee_to_Owner":{"runAfter":{},"type":"SetVariable","inputs":{"name":"varAssignee","value":"@outputs('Recheck_Orphan_Status')?['body/mail']"}}}},"Case_404_-_New_Orphan":{"case":400,"actions":{"Set_variable_to_Approval_Admin":{"runAfter":{},"type":"SetVariable","inputs":{"name":"varAssignee","value":"@parameters('Approval Admin')"}}}}},"default":{"actions":{}},"expression":"@outputs('Recheck_Orphan_Status')['statusCode']","type":"Switch"}}},"expression":{"or":[{"equals":["","yes"]},{"equals":["@parameters('ProductionEnvironment')","no"]},{"equals":["","@null"]}]},"type":"If"},"Maker_has_submitted_business_requirements":{"actions":{"App_missing_mitigation_plan":{"actions":{"Send_an_email_(V2)":{"runAfter":{},"type":"OpenApiConnection","inputs":{"host":{"connectionName":"shared_office365","operationId":"SendEmailV2","apiId":"/providers/Microsoft.PowerApps/apis/shared_office365"},"parameters":{"emailMessage/To":"@variables('varAssignee')","emailMessage/Subject":"Mitigation Plan required to stay compliant","emailMessage/Body":"<p>@{parameters('eMail Header Style')}</p>\n<p>PowerApps</p>\n<p>Keep your app updated to stay compliant.</p>\n<p>You own an app that has not been updated recently or is missing a description. Please keep your app updated to ensure it continues to function correctly. Review these requirements in the Developer Compliance Center app.<br>\n<br>\n<strong>App Details</strong><br>\n<br>\n</p>\n<p>Display Name</p>\n<p>@{items('Apply_to_each_App')?['admin_displayname']}</p>\n<p>Environment</p>\n<p>@{items('Apply_to_each_App')?['admin_appenvironmentdisplayname']}</p>\n<ol>\n  <li>Login to the <a href='@{parameters('Developer Compliance Center URL')}?appName=@{items('Apply_to_each_App')?['admin_appid']}'>Developer Compliance Center</a>\n    <ol>\n      <li>Provide a Mitigation plan in the form of an attachment.</li>\n      <li>Update the 'Mitigation plan provided' toggle to 'Yes'.</li>\n    </ol>\n  </li>\n</ol>"},"authentication":"@parameters('$authentication')"}},"Send_an_email_(V2)_2":{"runAfter":{"Send_an_email_(V2)":["Failed"]},"type":"OpenApiConnection","inputs":{"host":{"connectionName":"shared_office365","operationId":"SendEmailV2","apiId":"/providers/Microsoft.PowerApps/apis/shared_office365"},"parameters":{"emailMessage/To":"@parameters('Approval Admin')","emailMessage/Subject":"Mitigation Plan required to stay compliant","emailMessage/Body":"@{parameters('eMail Header Style')}\n<p>PowerApps</p>\n<p>Keep your app updated to stay compliant.</p>\n<p>You own an app that has not been updated recently or is missing a description. Please keep your app updated to ensure it continues to function correctly. Review these requirements in the Developer Compliance Center app.<br>\n<br>\n<strong>App Details</strong><br>\n<br>\n</p>\n<p>Display Name</p>\n<p>@{items('Apply_to_each_App')?['admin_displayname']}</p>\n<p>Environment</p>\n<p>@{items('Apply_to_each_App')?['admin_appenvironmentdisplayname']}</p>\n<ol>\n <li>Login to the <a href='@{parameters('Developer Compliance Center URL')}'?appName=@{items('Apply_to_each_App')?['admin_appid']}'>Developer Compliance Center</a>\n<ol>\n <li>Provide a Mitigation plan in the form of an attachment.</li>\n <li>Update the 'Mitigation plan provided' toggle to 'Yes'.</li>\n</ol>\n</p>"},"authentication":"@parameters('$authentication')"}}},"runAfter":{},"else":{"actions":{"App_is_recently_published_and_has_description":{"actions":{"Compose":{"runAfter":{},"type":"Compose","inputs":{"published":"@{items('Apply_to_each_App')?['admin_apppublished']}","expiration":"@{addDays(items('Apply_to_each_App')?['admin_apppublished'],60)}","hasExpired":"@lessOrEquals(addDays(items('Apply_to_each_App')?['admin_apppublished'],60), utcNow())"}}},"runAfter":{},"else":{"actions":{"Send_an_email_(V2)_3":{"runAfter":{},"type":"OpenApiConnection","inputs":{"host":{"connectionName":"shared_office365","operationId":"SendEmailV2","apiId":"/providers/Microsoft.PowerApps/apis/shared_office365"},"parameters":{"emailMessage/To":"@variables('varAssignee')","emailMessage/Subject":"Keep your app updated to stay compliant","emailMessage/Body":"<p>@{parameters('eMail Header Style')}</p>\n<p>PowerApps</p>\n<p>Keep your app updated to stay compliant.</p>\n<p>You own an app that has not been updated recently or is missing a description. Please keep your app updated to ensure it continues to function correctly. Review these requirements in the Developer Compliance Center app.<br>\n<br>\n<strong>App Details</strong><br>\n<br>\n</p>\n<p>Display Name</p>\n<p>@{items('Apply_to_each_App')?['admin_displayname']}</p>\n<p>Environment</p>\n<p>@{items('Apply_to_each_App')?['admin_appenvironmentdisplayname']}</p>\n<ol>\n  <li>Login to the <a href=\"&lt;object custom=&quot;LOGICAPP&quot;&gt;@{parameters('Developer Compliance Center URL')}&lt;/object&gt;?appName=&lt;object custom=&quot;LOGICAPP&quot;&gt;@{items('Apply_to_each_App')?['admin_appid']}&lt;/object&gt;\">Developer Compliance Center</a>\n    <ol>\n      <li>Provide a Mitigation plan in the form of an attachment.</li>\n      <li>Update the 'Mitigation plan provided' toggle to 'Yes'.</li>\n    </ol>\n  </li>\n</ol>"},"authentication":"@parameters('$authentication')"}},"Send_an_email_(V2)_4":{"runAfter":{"Send_an_email_(V2)_3":["Failed"]},"type":"OpenApiConnection","inputs":{"host":{"connectionName":"shared_office365","operationId":"SendEmailV2","apiId":"/providers/Microsoft.PowerApps/apis/shared_office365"},"parameters":{"emailMessage/To":"@parameters('Approval Admin')","emailMessage/Subject":"Keep your app updated to stay compliant","emailMessage/Body":"<p>@{parameters('eMail Header Style')}</p>\n<p>PowerApps</p>\n<p>Keep your app updated to stay compliant.</p>\n<p>You own an app that has not been updated recently or is missing a description. Please keep your app updated to ensure it continues to function correctly. Review these requirements in the Developer Compliance Center app.<br>\n<br>\n<strong>App Details</strong><br>\n<br>\n</p>\n<p>Display Name</p>\n<p>@{items('Apply_to_each_App')?['admin_displayname']}</p>\n<p>Environment</p>\n<p>@{items('Apply_to_each_App')?['admin_appenvironmentdisplayname']}</p>\n<ol>\n  <li>Login to the <a href=\"&lt;object custom=&quot;LOGICAPP&quot;&gt;&lt;object custom=\">@{parameters('Developer Compliance Center URL')}&lt;/object&gt;?appName=&lt;object custom=\"LOGICAPP\"&gt;</a>@{items('Apply_to_each_App')?['admin_appid']}<a href=\"&lt;object custom=&quot;LOGICAPP&quot;&gt;&lt;object custom=\">&lt;/object&gt;\"&gt;Developer Compliance Center</a>\n    <ol>\n      <li>Provide a Mitigation plan in the form of an attachment.</li>\n      <li>Update the 'Mitigation plan provided' toggle to 'Yes'.</li>\n    </ol>\n  </li>\n</ol>"},"authentication":"@parameters('$authentication')"}}}},"expression":{"and":[{"greater":["@addDays(items('Apply_to_each_App')?['admin_apppublished'],60)","@utcNow()"]},{"not":{"equals":["@items('Apply_to_each_App')?['admin_appdescription']","@null"]}}]},"type":"If","description":"Expiration date has not passed and description is not blank"}}},"expression":{"and":[{"equals":["",597910002]},{"not":{"equals":["","@true"]}}]},"type":"If"}},"runAfter":{"Get_Assignee":["Succeeded"]},"else":{"actions":{"Condition:_Audit_apps_that_are_broadly_shared":{"actions":{"Send_an_email_(V2)_5":{"runAfter":{},"type":"OpenApiConnection","inputs":{"host":{"connectionName":"shared_office365","operationId":"SendEmailV2","apiId":"/providers/Microsoft.PowerApps/apis/shared_office365"},"parameters":{"emailMessage/To":"@variables('varAssignee')","emailMessage/Subject":"Submit business justification details for your app","emailMessage/Body":"<p>@{parameters('eMail Header Style')}</p>\n<p>PowerApps</p>\n<p>Keep your app updated to stay compliant.</p>\n<p>You own an app that's currently shared broadly and missing compliance details, which means it needs to be audited by an administrator per our support policy. Please complete the business justification details in the Developer Compliance Center app to document the intended use.<br>\n<br>\n<strong>App Details</strong><br>\n<br>\n</p>\n<p>Display Name</p>\n<p>@{items('Apply_to_each_App')?['admin_displayname']}</p>\n<p>Environment</p>\n<p>@{items('Apply_to_each_App')?['admin_appenvironmentdisplayname']}</p>\n<ol>\n  <li>Login to the <a href=\"&lt;object custom=&quot;LOGICAPP&quot;&gt;&lt;object custom=\">@{parameters('Developer Compliance Center URL')}&lt;/object&gt;?appName=&lt;object custom=\"LOGICAPP\"&gt;</a>@{items('Apply_to_each_App')?['admin_appid']}<a href=\"&lt;object custom=&quot;LOGICAPP&quot;&gt;&lt;object custom=\">&lt;/object&gt;\"&gt;Developer Compliance Center</a>\n    <ol>\n      <li>Provide a Mitigation plan in the form of an attachment.</li>\n      <li>Update the 'Mitigation plan provided' toggle to 'Yes'.</li>\n    </ol>\n  </li>\n</ol>"},"authentication":"@parameters('$authentication')"}}},"runAfter":{},"expression":{"or":[{"greaterOrEquals":["@add(0,coalesce(items('Apply_to_each_App')?['admin_appsharedusers'],0))",20]},{"greaterOrEquals":["@add(0,coalesce(items('Apply_to_each_App')?['admin_appsharedgroups'],0))",1]}]},"type":"If"}}},"expression":{"and":[{"equals":["","@true"]},{"not":{"equals":["","@null"]}}]},"type":"If"}},"runAfter":{"List_apps":["Succeeded"]},"type":"Foreach"}},"runAfter":{"Initialize_variable":["Succeeded"]},"type":"Scope"},"Initialize_varFilterQuery":{"runAfter":{"Default_Environment_Name":["Succeeded"]},"type":"InitializeVariable","inputs":{"variables":[{"name":"varFilterQuery","type":"string"}]}},"Initialize_variable":{"runAfter":{"Initialize_varFilterQuery":["Succeeded"]},"type":"InitializeVariable","inputs":{"variables":[{"name":"varAssignee","type":"string"}]}},"Send_Compliance_Request_email_for_Chatbots":{"actions":{"Compose_Filter_Query_for_Bots":{"actions":{"Set_PVA_Filter_Query":{"runAfter":{},"type":"SetVariable","inputs":{"name":"varFilterQuery","value":"admin_PVAOwner/admin_displayname ne 'SYSTEM'"}}},"runAfter":{},"else":{"actions":{"Set_PVA_Filter_Query_-_exclude_Default":{"runAfter":{},"type":"SetVariable","inputs":{"name":"varFilterQuery","value":"admin_PVAOwner/admin_displayname ne 'SYSTEM' and admin_PVAEnvironment/admin_displayname ne '@{outputs('Default_Environment_Name')}'"}}}},"expression":{"equals":["@parameters('Exclude Default environment from Compliance Request flows')","no"]},"type":"If"},"List_chatbots":{"runAfter":{"Compose_Filter_Query_for_Bots":["Succeeded"]},"type":"OpenApiConnection","inputs":{"host":{"connectionName":"shared_commondataserviceforapps","operationId":"ListRecords","apiId":"/providers/Microsoft.PowerApps/apis/shared_commondataserviceforapps"},"parameters":{"entityName":"admin_pvas","$select":"admin_pvadisplayname,admin_makerrequirementbusinessimpact,admin_makerrequirementbusinessjustification,admin_makersubmittedrequirements,admin_mitigationplanprovided,admin_pvanumberlaunches,admin_pvaisorphaned","$filter":"@variables('varFilterQuery')"},"authentication":"@parameters('$authentication')"}},"Apply_to_each_chatbot":{"foreach":"@outputs('List_chatbots')?['body/value']","actions":{"Get_Assignee_for_Bots":{"actions":{"Set_variable_2":{"runAfter":{},"type":"SetVariable","inputs":{"name":"varAssignee","value":"@parameters('Approval Admin')"}}},"runAfter":{},"else":{"actions":{"Recheck_Orphan_Status_2":{"runAfter":{},"type":"OpenApiConnection","inputs":{"host":{"connectionName":"shared_office365users_1","operationId":"UserProfile_V2","apiId":"/providers/Microsoft.PowerApps/apis/shared_office365users"},"parameters":{"id":"@items('Apply_to_each_chatbot')?['_admin_pvaowner_value']"},"authentication":"@parameters('$authentication')"}},"Switch_2":{"runAfter":{"Recheck_Orphan_Status_2":["Succeeded"]},"cases":{"Case_200_User_Found":{"case":200,"actions":{"Set_variable_3":{"runAfter":{},"type":"SetVariable","inputs":{"name":"varAssignee","value":"@outputs('Recheck_Orphan_Status_2')?['body/mail']"}}}},"Case_404_Orphan":{"case":400,"actions":{"Set_variable_4":{"runAfter":{},"type":"SetVariable","inputs":{"name":"varAssignee","value":"@parameters('Approval Admin')"}}}}},"default":{"actions":{}},"expression":"@outputs('Recheck_Orphan_Status_2')['statusCode']","type":"Switch"}}},"expression":{"or":[{"equals":["@items('Apply_to_each_chatbot')?['admin_pvaisorphaned']","yes"]},{"equals":["@parameters('ProductionEnvironment')","no"]},{"equals":["@items('Apply_to_each_chatbot')?['_admin_pvaowner_value']","@null"]}]},"type":"If"},"Maker_has_submitted_requirements":{"actions":{"Condition:_Check_if_Mitigation_plan_is_provided_for_High_Impact_bots":{"actions":{"Send_an_email_(V2)_6":{"runAfter":{},"type":"OpenApiConnection","inputs":{"host":{"connectionName":"shared_office365","operationId":"SendEmailV2","apiId":"/providers/Microsoft.PowerApps/apis/shared_office365"},"parameters":{"emailMessage/To":"@variables('varAssignee')","emailMessage/Subject":"Submit mitigation plan for your chatbot to stay compliant ","emailMessage/Body":"<p>@{parameters('eMail Header Style')}</p>\n<p>Update your chatbot details to stay compliant.</p>\n<p>You own a chatbot that has been marked as having a high business impact and it's missing a mitigation plan. Please upload a mitigation plan in the Developer Compliance Center app to stay compliant.<br>\n<br>\n<strong>Chatbot Details</strong><br>\nDisplay Name</p>\n<p>@{items('Apply_to_each_chatbot')?['admin_pvadisplayname']}</p>\n<p>Environment</p>\n<p>@{items('Apply_to_each_chatbot')?['admin_pvaenvironmentdisplayname']}</p>\n<ol>\n  <li>Login to the <a href=\"&lt;object custom=\"></a>@{parameters('Developer Compliance Center URL')}<a href=\"&lt;object custom=\">\"&gt;Developer Compliance Center</a> and locate your bot.</li>\n  <li>Enter your business justification and other details in the \"Support Details\" form.</li>\n  <li>If your chatbot indicates a high business impact, you must provide additional documentation for a mitigation plan and required support details.</li>\n</ol>"},"authentication":"@parameters('$authentication')"}},"Send_an_email_(V2)_7":{"runAfter":{"Send_an_email_(V2)_6":["Failed"]},"type":"OpenApiConnection","inputs":{"host":{"connectionName":"shared_office365","operationId":"SendEmailV2","apiId":"/providers/Microsoft.PowerApps/apis/shared_office365"},"parameters":{"emailMessage/To":"@parameters('Approval Admin')","emailMessage/Subject":"Submit mitigation plan for your chatbot to stay compliant ","emailMessage/Body":"<p>@{parameters('eMail Header Style')}Update your chatbot details to stay compliant.You own a chatbot that has been marked as having a high business impact and it's missing a mitigation plan. Please upload a mitigation plan in the Developer Compliance Center app to stay compliant.<br>\n<br>\nChatbot Details<br>\nDisplay Name@{items('Apply_to_each_chatbot')?['admin_pvadisplayname']}Environment@{items('Apply_to_each_chatbot')?['admin_pvaenvironmentdisplayname']}Login to the @{parameters('Developer Compliance Center URL')}\"&gt;Developer Compliance Center and locate your bot.Enter your business justification and other details in the \"Support Details\" form.If your chatbot indicates a high business impact, you must provide additional documentation for a mitigation plan and required support details.</p>"},"authentication":"@parameters('$authentication')"}}},"runAfter":{},"expression":{"and":[{"equals":["@items('Apply_to_each_chatbot')?['admin_makerrequirementbusinessimpact']",597910002]},{"not":{"equals":["@items('Apply_to_each_chatbot')?['admin_mitigationplanprovided']","@true"]}}]},"type":"If"}},"runAfter":{"Get_Assignee_for_Bots":["Succeeded"]},"else":{"actions":{"NumLaunchesWithNullCheck":{"runAfter":{},"type":"Compose","inputs":"@coalesce(items('Apply_to_each_chatbot')?['admin_pvanumberlaunches'], 0)"},"Condition:_Audit_chatbots_that_are_highly_used":{"actions":{"Send_an_email_(V2)_8":{"runAfter":{},"type":"OpenApiConnection","inputs":{"host":{"connectionName":"shared_office365","operationId":"SendEmailV2","apiId":"/providers/Microsoft.PowerApps/apis/shared_office365"},"parameters":{"emailMessage/To":"@variables('varAssignee')","emailMessage/Subject":"Submit business justification details for your chatbot","emailMessage/Body":"<p>@{parameters('eMail Header Style')}Update your chatbot details to stay compliant. You own achatbot &nbsp;that's currently used broadly and missing compliance details, which means it needs to be audited by an administrator per our support policy. Please complete the business justification details in the Developer Compliance Center app to document the intended use. Chatbot Details Display Name@{items('Apply_to_each_chatbot')?['admin_pvadisplayname']}Environment@{items('Apply_to_each_chatbot')?['admin_pvaenvironmentdisplayname']}Login to the @{parameters('Developer Compliance Center URL')}\"&gt;Developer Compliance Center and locate your bot.Enter your business justification and other details in the \"Support Details\" form.If your chatbot indicates a high business impact, you must provide additional documentation for a mitigation plan and required support details.</p>"},"authentication":"@parameters('$authentication')"}},"Send_an_email_(V2)_9":{"runAfter":{"Send_an_email_(V2)_8":["Failed"]},"type":"OpenApiConnection","inputs":{"host":{"connectionName":"shared_office365","operationId":"SendEmailV2","apiId":"/providers/Microsoft.PowerApps/apis/shared_office365"},"parameters":{"emailMessage/To":"@parameters('Approval Admin')","emailMessage/Subject":"Submit business justification details for your chatbot","emailMessage/Body":"<p>@{parameters('eMail Header Style')}Update your chatbot details to stay compliant. You own achatbot &nbsp;that's currently used broadly and missing compliance details, which means it needs to be audited by an administrator per our support policy. Please complete the business justification details in the Developer Compliance Center app to document the intended use. Chatbot Details Display Name@{items('Apply_to_each_chatbot')?['admin_pvadisplayname']}Environment@{items('Apply_to_each_chatbot')?['admin_pvaenvironmentdisplayname']}Login to the @{parameters('Developer Compliance Center URL')}\"&gt;Developer Compliance Center and locate your bot.Enter your business justification and other details in the \"Support Details\" form.If your chatbot indicates a high business impact, you must provide additional documentation for a mitigation plan and required support details.</p>"},"authentication":"@parameters('$authentication')"}}},"runAfter":{"NumLaunchesWithNullCheck":["Succeeded"]},"expression":{"greater":["@outputs('NumLaunchesWithNullCheck')",50]},"type":"If"}}},"expression":{"and":[{"equals":["@items('Apply_to_each_chatbot')?['admin_makersubmittedrequirements']","@true"]},{"equals":["@items('Apply_to_each_chatbot')?['admin_pvastate']","Published"]}]},"type":"If"}},"runAfter":{"List_chatbots":["Succeeded"]},"type":"Foreach"}},"runAfter":{"Send_Compliance_Request_email_for_Apps":["Succeeded"]},"type":"Scope"}},"outputs":{}}},"schemaVersion":"1.0.0.0"}