{"properties":{"connectionReferences":{"shared_powerplatformforadmins":{"runtimeSource":"embedded","connection":{"connectionReferenceLogicalName":"admin_PowerPlatformAdminCoEConnection"},"api":{"name":"shared_powerplatformforadmins"}},"shared_powerappsforadmins":{"runtimeSource":"embedded","connection":{"connectionReferenceLogicalName":"admin_PowerAppsforAdminsCoEConnection"},"api":{"name":"shared_powerappsforadmins"}},"shared_commondataservice":{"runtimeSource":"embedded","connection":{"connectionReferenceLogicalName":"admin_CDSCoEConnection"},"api":{"name":"shared_commondataservice"}},"shared_approvals":{"runtimeSource":"embedded","connection":{"connectionReferenceLogicalName":"admin_ApprovalsCoEGovernConnection"},"api":{"name":"shared_approvals"}},"shared_commondataservice_1":{"runtimeSource":"embedded","connection":{"connectionReferenceLogicalName":"admin_CDSCoEAuditConnection"},"api":{"name":"shared_commondataservice"}}},"definition":{"$schema":"https://schema.management.azure.com/providers/Microsoft.Logic/schemas/2016-06-01/workflowdefinition.json#","contentVersion":"1.0.0.0","parameters":{"$connections":{"defaultValue":{},"type":"Object"},"$authentication":{"defaultValue":{},"type":"SecureObject"}},"triggers":{"Recurrence":{"recurrence":{"frequency":"Week","interval":1,"startTime":"2019-10-10T00:00:00Z","schedule":{"weekDays":["Monday"],"hours":["10"]}},"type":"Recurrence"}},"actions":{"List_Environments_as_Admin":{"runAfter":{"Set_Env_Var_-_AdminMail":["Succeeded"]},"metadata":{"flowSystemMetadata":{"swaggerOperationId":"Get-AdminEnvironment"}},"type":"ApiConnection","inputs":{"host":{"connection":{"name":"@parameters('$connections')['shared_powerplatformforadmins']['connectionId']"}},"method":"get","path":"/environments","queries":{"api-version":"2018-10-01"},"authentication":"@parameters('$authentication')","retryPolicy":{"type":"exponential","count":10,"interval":"PT10S"}},"runtimeConfiguration":{"paginationPolicy":{"minimumItemCount":5000}}},"Apply_to_each_Environment":{"foreach":"@body('List_Environments_as_Admin')?['value']","actions":{"Get_Apps_as_Admin":{"runAfter":{},"metadata":{"flowSystemMetadata":{"swaggerOperationId":"Get-AdminApps"}},"type":"ApiConnection","inputs":{"host":{"connection":{"name":"@parameters('$connections')['shared_powerappsforadmins']['connectionId']"}},"method":"get","path":"/providers/Microsoft.PowerApps/scopes/admin/environments/@{encodeURIComponent(items('Apply_to_each_Environment')?['name'])}/apps","queries":{"api-version":"2016-11-01","$top":2},"authentication":"@parameters('$authentication')"},"runtimeConfiguration":{"paginationPolicy":{"minimumItemCount":5000}}},"Apply_to_each_App":{"foreach":"@body('Get_Apps_as_Admin')?['value']","actions":{"Check_if_App_has_been_modified_in_the_last_x_months":{"actions":{"Create_a_new_record":{"runAfter":{"Create_an_approval":["Succeeded"]},"metadata":{"flowSystemMetadata":{"swaggerOperationId":"PostItem_V2"}},"type":"ApiConnection","inputs":{"host":{"connection":{"name":"@parameters('$connections')['shared_commondataservice']['connectionId']"}},"method":"post","body":{"admin_name":"@items('Apply_to_each_App')?['name']","admin_appdisplayname":"@items('Apply_to_each_App')?['properties']?['displayName']","admin_appenvironmentname":"@items('Apply_to_each_App')?['properties']?['environment']?['name']","admin_appname":"@items('Apply_to_each_App')?['name']","admin_appowneremail":"@items('Apply_to_each_App')?['properties']?['owner']?['email']","admin_appownername":"@items('Apply_to_each_App')?['properties']?['owner']?['displayName']","admin_appreadonlyvalue":"@items('Apply_to_each_App')?['properties']?['appUris']?['documentUri']?['readonlyValue']","admin_approvalid":"@body('Create_an_approval')?['name']","cr5d5_archivalitemtype":129260001,"_ownerid_type":""},"path":"/v2/datasets/@{encodeURIComponent(encodeURIComponent('default.cds'))}/tables/@{encodeURIComponent(encodeURIComponent('admin_archiveapprovals'))}/items","authentication":"@parameters('$authentication')"}},"Create_an_approval":{"runAfter":{},"metadata":{"flowSystemMetadata":{"swaggerOperationId":"CreateAnApproval"}},"type":"ApiConnection","inputs":{"host":{"connection":{"name":"@parameters('$connections')['shared_approvals']['connectionId']"}},"method":"post","body":{"title":"Your app @{items('Apply_to_each_App')?['properties']?['displayName']} has been flagged for archiving","assignedTo":"@{coalesce(items('Apply_to_each_App')?['properties']?['owner']?['email'], variables('adminMail'))}","details":"@{if(empty(items('Apply_to_each_App')?['properties']?['owner']?['email']), 'OWNER DOES NOT EXIST. APPROVAL SENT TO ADMIN.', '')}\nYou own an app that has not been modified since @{formatDateTime(items('Apply_to_each_App')?['properties']?['lastModifiedTime'], 'dd MMM yyy')}  and has therefore been flagged for archiving.  Please confirm this app can be archived by approving this task; or provide a business justification if you reject. \n\nApp Name: @{items('Apply_to_each_App')?['properties']?['displayName']}\nApp ID: @{items('Apply_to_each_App')?['name']}\nEnvironment: @{items('Apply_to_each_App')?['properties']?['environment']?['name']}\n\nNote: If you select approve, the app will be removed from the PowerApps Maker Portal as a file in the archive, from where it can be restored should you need it again. If you select reject, please re-publish your app to avoid receving this email again. \n","enableNotifications":true,"enableReassignment":true},"path":"/types/@{encodeURIComponent('BasicAwaitAll')}","authentication":"@parameters('$authentication')","retryPolicy":{"type":"exponential","count":10,"interval":"PT10S"}}}},"runAfter":{},"expression":{"lessOrEquals":["@items('Apply_to_each_App')?['properties']?['lastModifiedTime']","@body('Get_past_time')"]},"type":"If"}},"runAfter":{"Get_Apps_as_Admin":["Succeeded"]},"type":"Foreach","runtimeConfiguration":{"concurrency":{"repetitions":50}}}},"runAfter":{"List_Environments_as_Admin":["Succeeded"]},"type":"Foreach","runtimeConfiguration":{"concurrency":{"repetitions":50}}},"Get_past_time":{"runAfter":{},"type":"Expression","kind":"GetPastTime","inputs":{"interval":1,"timeUnit":"Month"},"description":"If the app has not been modified in the past x months, an approval to archive will trigger. Update your desired archive months here."},"Initialize_adminMail":{"runAfter":{"Get_past_time":["Succeeded"]},"type":"InitializeVariable","inputs":{"variables":[{"name":"adminMail","type":"String"}]}},"Set_Env_Var_-_AdminMail":{"actions":{"ListDefns-AdminMail":{"runAfter":{},"type":"ApiConnection","inputs":{"host":{"connection":{"name":"@parameters('$connections')['shared_commondataservice_1']['connectionId']"}},"method":"get","path":"/v2/datasets/@{encodeURIComponent(encodeURIComponent('default.cds'))}/tables/@{encodeURIComponent(encodeURIComponent('environmentvariabledefinitions'))}/items","queries":{"$filter":"schemaname eq 'admin_AdminMail'"},"authentication":"@parameters('$authentication')"}},"ListCurrents-AdminMail":{"runAfter":{"GetDefnID-AdminMail":["Succeeded"]},"type":"ApiConnection","inputs":{"host":{"connection":{"name":"@parameters('$connections')['shared_commondataservice_1']['connectionId']"}},"method":"get","path":"/v2/datasets/@{encodeURIComponent(encodeURIComponent('default.cds'))}/tables/@{encodeURIComponent(encodeURIComponent('environmentvariablevalues'))}/items","queries":{"$filter":"_environmentvariabledefinitionid_value eq @{outputs('GetDefnID-AdminMail')}"},"authentication":"@parameters('$authentication')"}},"GetDefnID-AdminMail":{"runAfter":{"ListDefns-AdminMail":["Succeeded"]},"type":"Compose","inputs":"@first(body('ListDefns-AdminMail')?['value'])?['ItemInternalId']"},"adminMail_-__if_no_Current,_use_Default":{"actions":{"Set_adminMail_-_CurrentValue":{"runAfter":{},"type":"SetVariable","inputs":{"name":"adminMail","value":"@{first(body('ListCurrents-AdminMail')?['value'])?['Value']}"}}},"runAfter":{"ListCurrents-AdminMail":["Succeeded"]},"else":{"actions":{"Set_adminMail_-_DefaultValue":{"runAfter":{},"type":"SetVariable","inputs":{"name":"adminMail","value":"@{first(body('ListDefns-AdminMail')?['value'])?['defaultvalue']}"}},"adminMail_-_if_no_Default,_fail_here":{"actions":{"adminMail_-_Flow_cannot_succeed_without_this_variable":{"runAfter":{},"type":"Terminate","inputs":{"runStatus":"Failed","runError":{"code":"404","message":"No value found for required Env Variable. "}}}},"runAfter":{"Set_adminMail_-_DefaultValue":["Succeeded"]},"expression":{"equals":["@empty(variables('adminMail'))","@true"]},"type":"If"}}},"expression":{"greaterOrEquals":["@length(body('ListCurrents-AdminMail')?['value'])",1]},"type":"If"}},"runAfter":{"Initialize_adminMail":["Succeeded"]},"type":"Scope"}}}},"schemaVersion":"1.0.0.0"}