<ImportExportXml version="9.1.0.23177" SolutionPackageVersion="9.1" languagecode="1033" generatedBy="CrmLive" xmlns:xsi="http://www.w3.org/2001/XMLSchema-instance">
  <SolutionManifest>
    <UniqueName>CenterofExcellenceNurtureComponents</UniqueName>
    <LocalizedNames>
      <LocalizedName description="Center of Excellence - Nurture Components" languagecode="1033" />
    </LocalizedNames>
    <Descriptions />
    <Version>1.23</Version>
    <Managed>1</Managed>
    <Publisher>
      <UniqueName>powerplatformadmin</UniqueName>
      <LocalizedNames>
        <LocalizedName description="Power Platform Admin" languagecode="1033" />
      </LocalizedNames>
      <Descriptions />
      <EMailAddress xsi:nil="true"></EMailAddress>
      <SupportingWebsiteUrl xsi:nil="true"></SupportingWebsiteUrl>
      <CustomizationPrefix>admin</CustomizationPrefix>
      <CustomizationOptionValuePrefix>59791</CustomizationOptionValuePrefix>
      <Addresses>
        <Address>
          <AddressNumber>1</AddressNumber>
          <AddressTypeCode>1</AddressTypeCode>
          <City xsi:nil="true"></City>
          <County xsi:nil="true"></County>
          <Country xsi:nil="true"></Country>
          <Fax xsi:nil="true"></Fax>
          <FreightTermsCode xsi:nil="true"></FreightTermsCode>
          <ImportSequenceNumber xsi:nil="true"></ImportSequenceNumber>
          <Latitude xsi:nil="true"></Latitude>
          <Line1 xsi:nil="true"></Line1>
          <Line2 xsi:nil="true"></Line2>
          <Line3 xsi:nil="true"></Line3>
          <Longitude xsi:nil="true"></Longitude>
          <Name xsi:nil="true"></Name>
          <PostalCode xsi:nil="true"></PostalCode>
          <PostOfficeBox xsi:nil="true"></PostOfficeBox>
          <PrimaryContactName xsi:nil="true"></PrimaryContactName>
          <ShippingMethodCode>1</ShippingMethodCode>
          <StateOrProvince xsi:nil="true"></StateOrProvince>
          <Telephone1 xsi:nil="true"></Telephone1>
          <Telephone2 xsi:nil="true"></Telephone2>
          <Telephone3 xsi:nil="true"></Telephone3>
          <TimeZoneRuleVersionNumber xsi:nil="true"></TimeZoneRuleVersionNumber>
          <UPSZone xsi:nil="true"></UPSZone>
          <UTCOffset xsi:nil="true"></UTCOffset>
          <UTCConversionTimeZoneCode xsi:nil="true"></UTCConversionTimeZoneCode>
        </Address>
        <Address>
          <AddressNumber>2</AddressNumber>
          <AddressTypeCode>1</AddressTypeCode>
          <City xsi:nil="true"></City>
          <County xsi:nil="true"></County>
          <Country xsi:nil="true"></Country>
          <Fax xsi:nil="true"></Fax>
          <FreightTermsCode xsi:nil="true"></FreightTermsCode>
          <ImportSequenceNumber xsi:nil="true"></ImportSequenceNumber>
          <Latitude xsi:nil="true"></Latitude>
          <Line1 xsi:nil="true"></Line1>
          <Line2 xsi:nil="true"></Line2>
          <Line3 xsi:nil="true"></Line3>
          <Longitude xsi:nil="true"></Longitude>
          <Name xsi:nil="true"></Name>
          <PostalCode xsi:nil="true"></PostalCode>
          <PostOfficeBox xsi:nil="true"></PostOfficeBox>
          <PrimaryContactName xsi:nil="true"></PrimaryContactName>
          <ShippingMethodCode>1</ShippingMethodCode>
          <StateOrProvince xsi:nil="true"></StateOrProvince>
          <Telephone1 xsi:nil="true"></Telephone1>
          <Telephone2 xsi:nil="true"></Telephone2>
          <Telephone3 xsi:nil="true"></Telephone3>
          <TimeZoneRuleVersionNumber xsi:nil="true"></TimeZoneRuleVersionNumber>
          <UPSZone xsi:nil="true"></UPSZone>
          <UTCOffset xsi:nil="true"></UTCOffset>
          <UTCConversionTimeZoneCode xsi:nil="true"></UTCConversionTimeZoneCode>
        </Address>
      </Addresses>
    </Publisher>
    <RootComponents>
      <RootComponent type="1" schemaName="admin_inadayattendees" behavior="0" />
      <RootComponent type="1" schemaName="admin_inadayevent" behavior="0" />
      <RootComponent type="29" id="{18c1f53d-8d87-e911-a860-000d3a37207b}" behavior="0" />
      <RootComponent type="29" id="{2c42d11c-afe6-e911-a860-000d3a372932}" behavior="0" />
      <RootComponent type="29" id="{bc9a9f1a-afe6-e911-a86a-000d3a37207b}" behavior="0" />
      <RootComponent type="29" id="{bdd94919-afe6-e911-a85c-000d3a372ab9}" behavior="0" />
      <RootComponent type="29" id="{e7a96786-c7e5-e911-a860-000d3a372932}" behavior="0" />
      <RootComponent type="300" schemaName="admin_appcatalog_90b40" behavior="0" />
      <RootComponent type="300" schemaName="admin_templatecatalog_64572" behavior="0" />
      <RootComponent type="300" schemaName="admin_traininginadaymanagement_3a72b" behavior="0" />
      <RootComponent type="300" schemaName="admin_traininginadayregistration_76cff" behavior="0" />
    </RootComponents>
    <MissingDependencies>
      <MissingDependency>
        <Required key="0" type="1" schemaName="admin_coesettings" displayName="COE Settings" solution="Active" />
        <Dependent key="1" type="300" schemaName="admin_traininginadaymanagement_3a72b" displayName="Training In A Day Management" />
      </MissingDependency>
      <MissingDependency>
        <Required key="2" type="1" schemaName="admin_maker" displayName="Maker" solution="Active" />
        <Dependent key="3" type="300" schemaName="admin_appcatalog_90b40" displayName="App Catalog" />
      </MissingDependency>
      <MissingDependency>
        <Required key="0" type="1" schemaName="admin_coesettings" displayName="COE Settings" solution="Active" />
        <Dependent key="3" type="300" schemaName="admin_appcatalog_90b40" displayName="App Catalog" />
      </MissingDependency>
      <MissingDependency>
        <Required key="4" type="1" schemaName="admin_environment" displayName="Environment" solution="Active" />
        <Dependent key="3" type="300" schemaName="admin_appcatalog_90b40" displayName="App Catalog" />
      </MissingDependency>
      <MissingDependency>
        <Required key="5" type="1" schemaName="admin_app" displayName="PowerApps App" solution="Active" />
        <Dependent key="3" type="300" schemaName="admin_appcatalog_90b40" displayName="App Catalog" />
      </MissingDependency>
      <MissingDependency>
        <Required key="0" type="1" schemaName="admin_coesettings" displayName="COE Settings" solution="Active" />
        <Dependent key="6" type="300" schemaName="admin_templatecatalog_64572" displayName="Template Catalog" />
      </MissingDependency>
      <MissingDependency>
        <Required key="0" type="1" schemaName="admin_coesettings" displayName="COE Settings" solution="Active" />
        <Dependent key="7" type="300" schemaName="admin_traininginadayregistration_76cff" displayName="Training In A Day Registration" />
      </MissingDependency>
      <MissingDependency>
        <Required key="8" type="connectionreference" displayName="admin_Office365OutlookCoEConnection" solution="Active" id.connectionreferencelogicalname="admin_Office365OutlookCoEConnection" />
        <Dependent key="9" type="29" displayName="Admin | Newsletter with Product Updates" id="{e7a96786-c7e5-e911-a860-000d3a372932}" />
      </MissingDependency>
      <MissingDependency>
        <Required key="8" type="connectionreference" displayName="admin_Office365OutlookCoEConnection" solution="Active" id.connectionreferencelogicalname="admin_Office365OutlookCoEConnection" />
        <Dependent key="10" type="29" displayName="Training In A Day | Reminder 3 days prior event" id="{bc9a9f1a-afe6-e911-a86a-000d3a37207b}" />
      </MissingDependency>
      <MissingDependency>
        <Required key="8" type="connectionreference" displayName="admin_Office365OutlookCoEConnection" solution="Active" id.connectionreferencelogicalname="admin_Office365OutlookCoEConnection" />
        <Dependent key="11" type="29" displayName="Training In A Day | Feedback Reminder" id="{2c42d11c-afe6-e911-a860-000d3a372932}" />
      </MissingDependency>
      <MissingDependency>
        <Required key="8" type="connectionreference" displayName="admin_Office365OutlookCoEConnection" solution="Active" id.connectionreferencelogicalname="admin_Office365OutlookCoEConnection" />
        <Dependent key="12" type="29" displayName="Training In A Day | Registration Confirmation" id="{bdd94919-afe6-e911-a85c-000d3a372ab9}" />
      </MissingDependency>
      <MissingDependency>
        <Required key="8" type="connectionreference" displayName="admin_Office365OutlookCoEConnection" solution="Active" id.connectionreferencelogicalname="admin_Office365OutlookCoEConnection" />
        <Dependent key="13" type="29" displayName="Admin | Welcome Email" id="{18c1f53d-8d87-e911-a860-000d3a37207b}" />
      </MissingDependency>
      <MissingDependency>
        <Required key="14" type="connectionreference" displayName="admin_Office365GroupsCoEConnection" solution="Active" id.connectionreferencelogicalname="admin_Office365GroupsCoEConnection" />
        <Dependent key="13" type="29" displayName="Admin | Welcome Email" id="{18c1f53d-8d87-e911-a860-000d3a37207b}" />
      </MissingDependency>
    </MissingDependencies>
  </SolutionManifest>
</ImportExportXml>