{"properties":{"connectionReferences":{"shared_admin-5foffice-20365-20management-20api-5f1bdc0283b66cd8a9":{"runtimeSource":"embedded","connection":{},"api":{"name":"shared_admin-5Foffice-20365-20management-20api-5F1bdc0283b66cd8a9","logicalName":"admin_5Foffice-20365-20management-20api"}},"shared_commondataservice":{"runtimeSource":"embedded","connection":{},"api":{"name":"shared_commondataservice"}}},"definition":{"$schema":"https://schema.management.azure.com/providers/Microsoft.Logic/schemas/2016-06-01/workflowdefinition.json#","contentVersion":"1.0.0.0","parameters":{"$connections":{"defaultValue":{},"type":"Object"},"$authentication":{"defaultValue":{},"type":"SecureObject"}},"triggers":{"manual":{"type":"Request","kind":"Button","inputs":{"schema":{"type":"object","properties":{"text":{"title":"TenantId","type":"string","x-ms-dynamically-added":true,"description":"Unique Identifier for the Microsoft tenant","x-ms-content-hint":"TEXT"},"text_1":{"title":"Start","type":"string","x-ms-dynamically-added":true,"description":"DateTime within past 7 days","x-ms-content-hint":"TEXT"},"text_2":{"title":"End","type":"string","x-ms-dynamically-added":true,"description":"DateTime later than Start, 7 days > x >= 2 hours","x-ms-content-hint":"TEXT"}},"required":["text","text_1","text_2"]}}}},"actions":{"Respond_to_a_PowerApp_or_flow":{"runAfter":{"Apply_to_each_cluster":["Succeeded"]},"type":"Response","kind":"PowerApp","inputs":{"statusCode":200,"body":{"response":200},"schema":{"type":"object","properties":{"response":{"title":"Response","x-ms-dynamically-added":true,"type":"number"}}}}},"List_audit_log_content":{"runAfter":{},"type":"OpenApiConnection","inputs":{"host":{"connectionName":"shared_admin-5foffice-20365-20management-20api-5f1bdc0283b66cd8a9","operationId":"ListContent","apiId":""},"parameters":{"tenant":"@triggerBody()['text']","contentType":"Audit.General","PublisherIdentifier":"@triggerBody()['text']","startTime":"@triggerBody()['text_1']","endTime":"@triggerBody()['text_2']","Content-Type":"application/json"},"authentication":{"type":"Raw","value":"@json(decodeBase64(triggerOutputs().headers['X-MS-APIM-Tokens']))['$ConnectionKey']"}}},"Apply_to_each_cluster":{"foreach":"@outputs('List_audit_log_content')?['body']","actions":{"Apply_to_each_Audit_Log":{"foreach":"@body('Parse_JSON')","actions":{"Condition":{"actions":{"Update_a_record":{"runAfter":{},"type":"OpenApiConnection","inputs":{"host":{"connectionName":"shared_commondataservice","operationId":"PatchItem_V2","apiId":"/providers/Microsoft.PowerApps/apis/shared_commondataservice"},"parameters":{"dataset":"default.cds","table":"admin_auditlogs","id":"@items('Apply_to_each_Audit_Log')?['Id']","item/admin_creationtime":"@items('Apply_to_each_Audit_Log')?['CreationTime']","item/admin_appid":"@items('Apply_to_each_Audit_Log')?['AppName']","item/admin_operation":"@items('Apply_to_each_Audit_Log')?['Operation']","item/admin_title":"Power App Launch @{items('Apply_to_each_Audit_Log')?['AppName']}- @{items('Apply_to_each_Audit_Log')?['CreationTime']}","item/admin_userupn":"@items('Apply_to_each_Audit_Log')?['UserKey']","item/admin_workload":"@items('Apply_to_each_Audit_Log')?['Workload']","item/_ownerid_type":""},"authentication":{"type":"Raw","value":"@json(decodeBase64(triggerOutputs().headers['X-MS-APIM-Tokens']))['$ConnectionKey']"}}}},"runAfter":{},"expression":{"equals":["@items('Apply_to_each_Audit_Log')?['Operation']","LaunchPowerApp"]},"type":"If"}},"runAfter":{"Parse_JSON":["Succeeded"]},"type":"Foreach","runtimeConfiguration":{"concurrency":{"repetitions":50}}},"GetContentDetails":{"runAfter":{},"type":"OpenApiConnection","inputs":{"host":{"connectionName":"shared_admin-5foffice-20365-20management-20api-5f1bdc0283b66cd8a9","operationId":"ListContentDetails","apiId":"/providers/Microsoft.PowerApps/apis/shared_admin-5foffice-20365-20management-20api-5f1bdc0283b66cd8a9"},"parameters":{"tenant":"@triggerBody()['text']","contentId":"@items('Apply_to_each_cluster')?['contentId']"},"authentication":{"type":"Raw","value":"@json(decodeBase64(triggerOutputs().headers['X-MS-APIM-Tokens']))['$ConnectionKey']"}}},"Parse_JSON":{"runAfter":{"GetContentDetails":["Succeeded"]},"type":"ParseJson","inputs":{"content":"@outputs('GetContentDetails')?['body']","schema":{"type":"array","items":{"type":"object","properties":{"CreationTime":{"type":"string"},"Id":{"type":"string"},"Operation":{"type":"string"},"OrganizationId":{"type":"string"},"RecordType":{"type":"integer"},"ResultStatus":{"type":"string"},"UserKey":{"type":"string"},"UserType":{"type":"integer"},"Version":{"type":"integer"},"Workload":{"type":"string"},"AppName":{"type":"string"},"ClientIP":{"type":"string"},"ObjectId":{"type":"string"},"UserId":{"type":"string"},"CrmOrganizationUniqueName":{"type":"string"},"Fields":{"type":"array"},"InstanceUrl":{"type":"string"},"ItemType":{"type":"string"},"ItemUrl":{"type":"string"},"UserAgent":{"type":"string"},"CorrelationId":{"type":"string"},"EntityId":{"type":"string"},"EntityName":{"type":"string"},"Message":{"type":"string"},"PrimaryFieldValue":{"type":"string"},"Query":{"type":"string"},"QueryResults":{"type":"string"},"ServiceContextId":{"type":"string"},"ServiceContextIdType":{"type":"string"},"ServiceName":{"type":"string"},"SystemUserId":{"type":"string"},"UserUpn":{"type":"string"}}}}}}},"runAfter":{"List_audit_log_content":["Succeeded"]},"type":"Foreach","runtimeConfiguration":{"concurrency":{"repetitions":50}}}},"outputs":{}}},"schemaVersion":"1.0.0.0"}