{"properties":{"connectionReferences":{"shared_commondataservice_2":{"runtimeSource":"embedded","connection":{"connectionReferenceLogicalName":"admin_CDSCoEConnection"},"api":{"name":"shared_commondataservice"}},"shared_powerplatformforadmins":{"runtimeSource":"embedded","connection":{"connectionReferenceLogicalName":"admin_PowerPlatformAdminCoEConnection"},"api":{"name":"shared_powerplatformforadmins"}},"shared_office365users_1":{"runtimeSource":"embedded","connection":{"connectionReferenceLogicalName":"admin_Office365UsersCoEConnection"},"api":{"name":"shared_office365users"}},"shared_teams":{"runtimeSource":"embedded","connection":{"connectionReferenceLogicalName":"admin_TeamsCoETeamsIntegration"},"api":{"name":"shared_teams"}},"shared_office365groups_1":{"runtimeSource":"embedded","connection":{"connectionReferenceLogicalName":"admin_Office365GroupsCoEConnection"},"api":{"name":"shared_office365groups"}}},"definition":{"$schema":"https://schema.management.azure.com/providers/Microsoft.Logic/schemas/2016-06-01/workflowdefinition.json#","contentVersion":"1.0.0.0","parameters":{"$connections":{"defaultValue":{},"type":"Object"},"$authentication":{"defaultValue":{},"type":"SecureObject"}},"triggers":{"Recurrence":{"recurrence":{"frequency":"Day","interval":1,"schedule":{"hours":["0"]}},"type":"Recurrence"}},"actions":{"Initialize_systemMaker":{"runAfter":{"Initialize_GuidFound":["Succeeded"]},"type":"InitializeVariable","inputs":{"variables":[{"name":"systemMaker","type":"String"}]},"description":"SYSTEM maker is used to identify the owner record for Environments generated by the system, such as the default environment"},"Initialize_today_variable":{"runAfter":{"Initialize_systemMaker":["Succeeded"]},"type":"InitializeVariable","inputs":{"variables":[{"name":"today","type":"String","value":"@{utcNow()}"}]},"description":"Used to identify the 'Record Modified' field on all resource entities"},"Get_Environments_fails_-_Error_Handling":{"actions":{"Create_a_new_record_-_Sync_Flow_Errors":{"runAfter":{},"metadata":{"flowSystemMetadata":{"swaggerOperationId":"PostItem_V2"}},"type":"ApiConnection","inputs":{"host":{"connection":{"name":"@parameters('$connections')['shared_commondataservice_2']['connectionId']"}},"method":"post","body":{"admin_name":"Admin | Sync Template v2","admin_flowinstanceurl":"@{concat(variables('flowEnvironment'), workflow()?['tags']['environmentName'], '/flows/', workflow()?['name'], '/runs/', workflow()?['run']['name'])}","_ownerid_type":""},"path":"/v2/datasets/@{encodeURIComponent(encodeURIComponent('default.cds'))}/tables/@{encodeURIComponent(encodeURIComponent('admin_syncflowerrorses'))}/items","authentication":"@parameters('$authentication')"}},"Terminate":{"runAfter":{"Create_a_new_record_-_Sync_Flow_Errors":["Succeeded"]},"type":"Terminate","inputs":{"runStatus":"Failed","runError":{"code":"500","message":"Get Environments Failed"}}}},"runAfter":{"Get_Environments_and_store_them_in_the_CoE_CDS_Entity":["Failed"]},"type":"Scope"},"Initialize_Flow_Environment_variable":{"runAfter":{"Initialize_today_variable":["Succeeded"]},"type":"InitializeVariable","inputs":{"variables":[{"name":"flowEnvironment","type":"String"}]},"description":"Environment location specific Flow URL"},"Get_Environments_and_store_them_in_the_CoE_CDS_Entity":{"actions":{"Get_Environments":{"runAfter":{},"metadata":{"flowSystemMetadata":{"swaggerOperationId":"Get-AdminEnvironment"}},"type":"ApiConnection","inputs":{"host":{"connection":{"name":"@parameters('$connections')['shared_powerplatformforadmins']['connectionId']"}},"method":"get","path":"/environments","queries":{"api-version":"2020-09-01"},"authentication":"@parameters('$authentication')","retryPolicy":{"type":"exponential","count":10,"interval":"PT10S"}},"runtimeConfiguration":{"paginationPolicy":{"minimumItemCount":100000}}},"Apply_to_each_Environment":{"foreach":"@body('Get_Environments')?['value']","actions":{"Remove_any_Environment_prefix":{"runAfter":{"Name_Length":["Succeeded"]},"type":"Compose","inputs":"@substring(items('Apply_to_each_Environment')?['name'], int(outputs('Name_Length')), 36)","description":"Returns the GUID without any prefix (right 36 chars)"},"Name_Length":{"runAfter":{},"type":"Compose","inputs":"@sub(length(items('Apply_to_each_Environment')?['name']),36)","description":"Returns the index where the GUID starts"},"Check_if_SYSTEM_created_Environment":{"actions":{"Check_if_Legacy_Environment":{"actions":{"See_if_we've_created_previously":{"runAfter":{},"metadata":{"flowSystemMetadata":{"swaggerOperationId":"GetItems_V2"}},"type":"ApiConnection","inputs":{"host":{"connection":{"name":"@parameters('$connections')['shared_commondataservice_2']['connectionId']"}},"method":"get","path":"/v2/datasets/@{encodeURIComponent(encodeURIComponent('default.cds'))}/tables/@{encodeURIComponent(encodeURIComponent('admin_environments'))}/items","queries":{"$filter":"admin_environmentname eq '@{items('Apply_to_each_Environment')?['name']}'"},"authentication":"@parameters('$authentication')"}},"Count_finds":{"runAfter":{"See_if_we've_created_previously":["Succeeded"]},"type":"Compose","inputs":"@length(body('See_if_we''ve_created_previously')?['value'])"},"If_found,_we've_already_created,_just_update_it,_else_create":{"actions":{"Get_GUID_from_CDS":{"foreach":"@body('See_if_we''ve_created_previously')?['value']","actions":{"Set_GuidFound":{"runAfter":{},"type":"SetVariable","inputs":{"name":"GuidFound","value":"@items('Get_GUID_from_CDS')?['admin_environmentid']"}}},"runAfter":{},"type":"Foreach"},"Update_a_record":{"runAfter":{"Get_GUID_from_CDS":["Succeeded"]},"metadata":{"flowSystemMetadata":{"swaggerOperationId":"PatchItem_V2"}},"type":"ApiConnection","inputs":{"host":{"connection":{"name":"@parameters('$connections')['shared_commondataservice_2']['connectionId']"}},"method":"patch","body":{"admin_displayname":"@items('Apply_to_each_Environment')?['properties']?['displayName']","admin_environmentcdsinstanceurl":"@items('Apply_to_each_Environment')?['properties']?['linkedEnvironmentMetadata']?['instanceUrl']","admin_environmentcdsmetadataname":"@variables('CDS Metadata Name')","admin_environmentcreatedon":"@items('Apply_to_each_Environment')?['properties']?['createdTime']","admin_environmentdeleted":false,"admin_environmentmakerdisplayname":"@items('Apply_to_each_Environment')?['properties']?['createdBy']?['displayName']","admin_environmentmodifiedon":"@items('Apply_to_each_Environment')?['properties']?['lastModifiedTime']","admin_region":"@items('Apply_to_each_Environment')?['location']","admin_environmentsku":"@items('Apply_to_each_Environment')?['properties']?['environmentSku']","admin_hascds":"@variables('isCDS')","admin_environmentname":"@items('Apply_to_each_Environment')?['name']","_admin_maker_value":"@variables('systemMaker')","_ownerid_type":""},"path":"/v2/datasets/@{encodeURIComponent(encodeURIComponent('default.cds'))}/tables/@{encodeURIComponent(encodeURIComponent('admin_environments'))}/items/@{encodeURIComponent(encodeURIComponent(variables('GuidFound')))}","authentication":"@parameters('$authentication')"}}},"runAfter":{"Count_finds":["Succeeded"]},"else":{"actions":{"Create_a_new_record":{"runAfter":{},"metadata":{"flowSystemMetadata":{"swaggerOperationId":"PostItem_V2"}},"type":"ApiConnection","inputs":{"host":{"connection":{"name":"@parameters('$connections')['shared_commondataservice_2']['connectionId']"}},"method":"post","body":{"admin_displayname":"@items('Apply_to_each_Environment')?['properties']?['displayName']","admin_environmentcdsinstanceurl":"@items('Apply_to_each_Environment')?['properties']?['linkedEnvironmentMetadata']?['instanceUrl']","admin_environmentcdsmetadataname":"@variables('CDS Metadata Name')","admin_environmentcreatedon":"@items('Apply_to_each_Environment')?['properties']?['createdTime']","admin_environmentdeleted":false,"admin_environmentmakerdisplayname":"@items('Apply_to_each_Environment')?['properties']?['createdBy']?['displayName']","admin_environmentmodifiedon":"@items('Apply_to_each_Environment')?['properties']?['lastModifiedTime']","admin_region":"@items('Apply_to_each_Environment')?['location']","admin_environmentsku":"@items('Apply_to_each_Environment')?['properties']?['environmentSku']","admin_hascds":"@variables('isCDS')","admin_environmentname":"@items('Apply_to_each_Environment')?['name']","_admin_maker_value":"@variables('systemMaker')","_ownerid_type":""},"path":"/v2/datasets/@{encodeURIComponent(encodeURIComponent('default.cds'))}/tables/@{encodeURIComponent(encodeURIComponent('admin_environments'))}/items","authentication":"@parameters('$authentication')"}}}},"expression":{"greater":["@outputs('Count_finds')",0]},"type":"If"}},"runAfter":{},"else":{"actions":{"Upsert_Environment_(SYSTEM_maker)":{"runAfter":{},"metadata":{"flowSystemMetadata":{"swaggerOperationId":"PatchItem_V2"}},"type":"ApiConnection","inputs":{"host":{"connection":{"name":"@parameters('$connections')['shared_commondataservice_2']['connectionId']"}},"method":"patch","body":{"admin_displayname":"@items('Apply_to_each_Environment')?['properties']?['displayName']","admin_environmentcdsinstanceurl":"@items('Apply_to_each_Environment')?['properties']?['linkedEnvironmentMetadata']?['instanceUrl']","admin_environmentcdsmetadataname":"@variables('CDS Metadata Name')","admin_environmentcreatedon":"@items('Apply_to_each_Environment')?['properties']?['createdTime']","admin_environmentdeleted":false,"admin_environmentmakerdisplayname":"@items('Apply_to_each_Environment')?['properties']?['createdBy']?['displayName']","admin_environmentmodifiedon":"@items('Apply_to_each_Environment')?['properties']?['lastModifiedTime']","admin_region":"@items('Apply_to_each_Environment')?['location']","admin_environmentsku":"@items('Apply_to_each_Environment')?['properties']?['environmentSku']","admin_hascds":"@variables('isCDS')","admin_environmentname":"@items('Apply_to_each_Environment')?['name']","_admin_maker_value":"@variables('systemMaker')","_ownerid_type":""},"path":"/v2/datasets/@{encodeURIComponent(encodeURIComponent('default.cds'))}/tables/@{encodeURIComponent(encodeURIComponent('admin_environments'))}/items/@{encodeURIComponent(encodeURIComponent(outputs('Remove_any_Environment_prefix')))}","authentication":"@parameters('$authentication')"}}}},"expression":{"contains":["@items('Apply_to_each_Environment')?['properties']?['creationType']","Legacy"]},"type":"If","description":"Legacy and Default environments have the same GUID, prefixed by Legacy- or Default- which is causing issues as the Record Identifier is using the GUID as a unique identifier. We are therefore using a generated GUID for the entity."}},"runAfter":{"Check_if_CDS":["Succeeded"]},"else":{"actions":{"Switch":{"runAfter":{"Get_user_profile_(V2)":["Succeeded","Failed"]},"cases":{"200_Success":{"case":200,"actions":{"Upsert_Environment_Maker":{"runAfter":{},"metadata":{"flowSystemMetadata":{"swaggerOperationId":"PatchItem_V2"}},"type":"ApiConnection","inputs":{"host":{"connection":{"name":"@parameters('$connections')['shared_commondataservice_2']['connectionId']"}},"method":"patch","body":{"admin_displayname":"@items('Apply_to_each_Environment')?['properties']?['createdBy']?['displayName']","admin_city":"@body('Get_user_profile_(V2)')?['city']","admin_country":"@body('Get_user_profile_(V2)')?['country']","admin_department":"@body('Get_user_profile_(V2)')?['department']","admin_jobtitle":"@body('Get_user_profile_(V2)')?['jobTitle']","admin_office":"@body('Get_user_profile_(V2)')?['officeLocation']","admin_userprincipalname":"@body('Get_user_profile_(V2)')?['userPrincipalName']","_ownerid_type":""},"path":"/v2/datasets/@{encodeURIComponent(encodeURIComponent('default.cds'))}/tables/@{encodeURIComponent(encodeURIComponent('admin_makers'))}/items/@{encodeURIComponent(encodeURIComponent(items('Apply_to_each_Environment')?['properties']?['createdBy']?['id']))}","authentication":"@parameters('$authentication')","retryPolicy":{"type":"exponential","count":10,"interval":"PT20S"}}},"Upsert_Environment":{"runAfter":{"Upsert_Environment_Maker":["Succeeded"]},"metadata":{"flowSystemMetadata":{"swaggerOperationId":"PatchItem_V2"}},"type":"ApiConnection","inputs":{"host":{"connection":{"name":"@parameters('$connections')['shared_commondataservice_2']['connectionId']"}},"method":"patch","body":{"admin_displayname":"@items('Apply_to_each_Environment')?['properties']?['displayName']","admin_environmentcdsinstanceurl":"@items('Apply_to_each_Environment')?['properties']?['linkedEnvironmentMetadata']?['instanceUrl']","admin_environmentcdsmetadataname":"@variables('CDS Metadata Name')","admin_environmentcreatedon":"@items('Apply_to_each_Environment')?['properties']?['createdTime']","admin_environmentdeleted":false,"admin_environmentmakerdisplayname":"@body('Get_user_profile_(V2)')?['displayName']","admin_environmentmodifiedon":"@items('Apply_to_each_Environment')?['properties']?['lastModifiedTime']","admin_region":"@items('Apply_to_each_Environment')?['location']","admin_environmentsku":"@items('Apply_to_each_Environment')?['properties']?['environmentSku']","admin_hascds":"@variables('isCDS')","admin_microsoftteamsid":"@{coalesce(body('Parse_JSON')?['id'], '')}","admin_microsoftteamsurl":"@{coalesce(body('Get_a_team')?['webUrl'], '')}","admin_environmentname":"@items('Apply_to_each_Environment')?['name']","_admin_maker_value":"@items('Apply_to_each_Environment')?['properties']?['createdBy']?['id']","_ownerid_type":""},"path":"/v2/datasets/@{encodeURIComponent(encodeURIComponent('default.cds'))}/tables/@{encodeURIComponent(encodeURIComponent('admin_environments'))}/items/@{encodeURIComponent(encodeURIComponent(items('Apply_to_each_Environment')?['name']))}","authentication":"@parameters('$authentication')","retryPolicy":{"type":"exponential","count":10,"interval":"PT20S"}}}}},"404_File_Not_Found":{"case":404,"actions":{"Upsert_Environment_(abandoned)":{"runAfter":{},"metadata":{"flowSystemMetadata":{"swaggerOperationId":"PatchItem_V2"}},"type":"ApiConnection","inputs":{"host":{"connection":{"name":"@parameters('$connections')['shared_commondataservice_2']['connectionId']"}},"method":"patch","body":{"admin_displayname":"@items('Apply_to_each_Environment')?['properties']?['displayName']","admin_environmentcdsinstanceurl":"@items('Apply_to_each_Environment')?['properties']?['linkedEnvironmentMetadata']?['instanceUrl']","admin_environmentcdsmetadataname":"@variables('CDS Metadata Name')","admin_environmentcreatedon":"@items('Apply_to_each_Environment')?['properties']?['createdTime']","admin_environmentdeleted":false,"admin_environmentmodifiedon":"@items('Apply_to_each_Environment')?['properties']?['lastModifiedTime']","admin_region":"@items('Apply_to_each_Environment')?['location']","admin_environmentsku":"@items('Apply_to_each_Environment')?['properties']?['environmentSku']","admin_hascds":"@variables('isCDS')","admin_environmentname":"@items('Apply_to_each_Environment')?['name']","_ownerid_type":""},"path":"/v2/datasets/@{encodeURIComponent(encodeURIComponent('default.cds'))}/tables/@{encodeURIComponent(encodeURIComponent('admin_environments'))}/items/@{encodeURIComponent(encodeURIComponent(items('Apply_to_each_Environment')?['name']))}","authentication":"@parameters('$authentication')","retryPolicy":{"type":"exponential","count":10,"interval":"PT20S"}}}}}},"default":{"actions":{}},"expression":"@outputs('Get_user_profile_(V2)')['StatusCode']","type":"Switch"},"Get_user_profile_(V2)":{"runAfter":{"Condition":["Succeeded"]},"metadata":{"flowSystemMetadata":{"swaggerOperationId":"UserProfile_V2"}},"type":"ApiConnection","inputs":{"host":{"connection":{"name":"@parameters('$connections')['shared_office365users_1']['connectionId']"}},"method":"get","path":"/codeless/v1.0/users/@{encodeURIComponent(items('Apply_to_each_Environment')?['properties']?['createdBy']?['id'])}","authentication":"@parameters('$authentication')"}},"Condition":{"actions":{"Compose":{"runAfter":{},"type":"Compose","inputs":"@first(items('Apply_to_each_Environment')?['properties/connectedGroups'])"},"Parse_JSON":{"runAfter":{"Compose":["Succeeded"]},"type":"ParseJson","inputs":{"content":"@outputs('Compose')","schema":{"type":"object","properties":{"id":{"type":"string"},"displayName":{"type":"string"},"state":{"type":"string"},"resources":{"type":"array","items":{"type":"object","properties":{"type":{"type":"string"},"id":{"type":"string"}},"required":["type","id"]}}}}}},"Get_a_team":{"runAfter":{"Parse_JSON":["Succeeded"]},"metadata":{"flowSystemMetadata":{"swaggerOperationId":"GetTeam"}},"type":"ApiConnection","inputs":{"host":{"connection":{"name":"@parameters('$connections')['shared_teams']['connectionId']"}},"method":"get","path":"/beta/teams/@{encodeURIComponent(body('Parse_JSON')?['id'])}","authentication":"@parameters('$authentication')"}},"List_group_members":{"runAfter":{"Get_a_team":["Succeeded"]},"metadata":{"flowSystemMetadata":{"swaggerOperationId":"ListGroupMembers"}},"type":"ApiConnection","inputs":{"host":{"connection":{"name":"@parameters('$connections')['shared_office365groups_1']['connectionId']"}},"method":"get","path":"/v1.0/groups/@{encodeURIComponent(body('Get_a_team')?['id'])}/members","authentication":"@parameters('$authentication')"},"runtimeConfiguration":{"paginationPolicy":{"minimumItemCount":100000}}}},"runAfter":{},"expression":{"equals":["@items('Apply_to_each_Environment')?['properties']?['environmentSku']","Teams"]},"type":"If"}}},"expression":{"or":[{"equals":["@items('Apply_to_each_Environment')?['properties']?['createdBy']?['id']","SYSTEM"]},{"equals":["@items('Apply_to_each_Environment')?['properties']?['createdBy']?['displayName']","SYSTEM"]}]},"type":"If"},"Check_if_CDS":{"actions":{"Set_isCDS_false":{"runAfter":{},"type":"SetVariable","inputs":{"name":"isCDS","value":"@false"}},"Set_'CDS_Metadata_Name'_to_empty_string":{"runAfter":{"Set_isCDS_false":["Succeeded"]},"type":"SetVariable","inputs":{"name":"CDS Metadata Name","value":"@{concat('', '')}"}}},"runAfter":{"Remove_any_Environment_prefix":["Succeeded"]},"else":{"actions":{"Set_isCDS_true":{"runAfter":{},"type":"SetVariable","inputs":{"name":"isCDS","value":"@true"}},"Set_'CD_Metadata_Name'":{"runAfter":{"Set_variable_2":["Succeeded"]},"type":"SetVariable","inputs":{"name":"CDS Metadata Name","value":"@{replace(concat(\r\n   items('Apply_to_each_Environment')?['properties']?['linkedEnvironmentMetadata']?['uniqueName'], \r\n   variables('cdsURL')\r\n), '/', '')}"}},"Set_variable_2":{"runAfter":{"Set_isCDS_true":["Succeeded"]},"type":"SetVariable","inputs":{"name":"cdsURL","value":"@{concat('.', split(items('Apply_to_each_Environment')?['properties']?['linkedEnvironmentMetadata']?['instanceUrl'], '.')[1])}"}}}},"expression":{"equals":["@items('Apply_to_each_Environment')?['properties']?['linkedEnvironmentMetadata']","@null"]},"type":"If"}},"runAfter":{"Get_Environments":["Succeeded"]},"type":"Foreach","description":"Iterates through all the environments in the tenant"}},"runAfter":{"Get_System_User":["Succeeded"]},"type":"Scope"},"Initialize_GuidFound":{"runAfter":{},"type":"InitializeVariable","inputs":{"variables":[{"name":"GuidFound","type":"string"}]}},"Initialize_isCDS_variable":{"runAfter":{"Initialize_Flow_Environment_variable":["Succeeded"]},"type":"InitializeVariable","inputs":{"variables":[{"name":"isCDS","type":"boolean","value":"@false"}]}},"Initialize_'CDS_Metadata_Name'_variable":{"runAfter":{"Initialize_isCDS_variable":["Succeeded"]},"type":"InitializeVariable","inputs":{"variables":[{"name":"CDS Metadata Name","type":"string"}]}},"Initialize_CDS_URL_variable":{"runAfter":{"Initialize_'CDS_Metadata_Name'_variable":["Succeeded"]},"type":"InitializeVariable","inputs":{"variables":[{"name":"cdsURL","type":"string"}]}},"Set_Env_Var_-_PowerAutomateEnvironmentVariable":{"actions":{"ListDefns-PowerAutomateEnvironmentVariable":{"runAfter":{},"metadata":{"flowSystemMetadata":{"swaggerOperationId":"GetItems_V2"}},"type":"ApiConnection","inputs":{"host":{"connection":{"name":"@parameters('$connections')['shared_commondataservice_2']['connectionId']"}},"method":"get","path":"/v2/datasets/@{encodeURIComponent(encodeURIComponent('default.cds'))}/tables/@{encodeURIComponent(encodeURIComponent('environmentvariabledefinitions'))}/items","queries":{"$filter":"schemaname eq 'admin_PowerAutomateEnvironmentVariable'"},"authentication":"@parameters('$authentication')"},"runtimeConfiguration":{"paginationPolicy":{"minimumItemCount":10000}}},"GetDefnID-PowerAutomateEnvironmentVariable":{"runAfter":{"ListDefns-PowerAutomateEnvironmentVariable":["Succeeded"]},"type":"Compose","inputs":"@first(body('ListDefns-PowerAutomateEnvironmentVariable')?['value'])?['ItemInternalId']"},"ListCurrents-PowerAutomateEnvironmentVariable":{"runAfter":{"GetDefnID-PowerAutomateEnvironmentVariable":["Succeeded"]},"metadata":{"flowSystemMetadata":{"swaggerOperationId":"GetItems_V2"}},"type":"ApiConnection","inputs":{"host":{"connection":{"name":"@parameters('$connections')['shared_commondataservice_2']['connectionId']"}},"method":"get","path":"/v2/datasets/@{encodeURIComponent(encodeURIComponent('default.cds'))}/tables/@{encodeURIComponent(encodeURIComponent('environmentvariablevalues'))}/items","queries":{"$filter":"_environmentvariabledefinitionid_value eq @{outputs('GetDefnID-PowerAutomateEnvironmentVariable')}"},"authentication":"@parameters('$authentication')"},"runtimeConfiguration":{"paginationPolicy":{"minimumItemCount":10000}}},"flowEnvironment_-__if_no_Current,_use_Default":{"actions":{"Set_flowEnvironment_-_CurrentValue":{"runAfter":{},"type":"SetVariable","inputs":{"name":"flowEnvironment","value":"@{first(body('ListCurrents-PowerAutomateEnvironmentVariable')?['value'])?['Value']}"}}},"runAfter":{"ListCurrents-PowerAutomateEnvironmentVariable":["Succeeded"]},"else":{"actions":{"Set_flowEnvironment_-_DefaultValue":{"runAfter":{},"type":"SetVariable","inputs":{"name":"flowEnvironment","value":"@{first(body('ListDefns-PowerAutomateEnvironmentVariable')?['value'])?['defaultvalue']}"}},"flowEnvironment_-_if_no_Default,_fail_here":{"actions":{"flowEnvironment_-_Flow_cannot_succeed_without_this_variable":{"runAfter":{},"type":"Terminate","inputs":{"runStatus":"Failed","runError":{"code":"404","message":"No value found for required Env Variable. "}}}},"runAfter":{"Set_flowEnvironment_-_DefaultValue":["Succeeded"]},"expression":{"equals":["@empty(variables('flowEnvironment'))","@true"]},"type":"If"}}},"expression":{"greaterOrEquals":["@length(body('ListCurrents-PowerAutomateEnvironmentVariable')?['value'])",1]},"type":"If"}},"runAfter":{"Initialize_CDS_URL_variable":["Succeeded"]},"type":"Scope"},"Get_System_User":{"actions":{"Is_System_Maker":{"actions":{"Create_Maker_record_for_SYSTEM":{"runAfter":{},"metadata":{"flowSystemMetadata":{"swaggerOperationId":"PostItem_V2"}},"type":"ApiConnection","inputs":{"host":{"connection":{"name":"@parameters('$connections')['shared_commondataservice_2']['connectionId']"}},"method":"post","body":{"admin_displayname":"SYSTEM","_ownerid_type":""},"path":"/v2/datasets/@{encodeURIComponent(encodeURIComponent('default.cds'))}/tables/@{encodeURIComponent(encodeURIComponent('admin_makers'))}/items","authentication":"@parameters('$authentication')"}},"Set_systemMaker_with_new_record":{"runAfter":{"Create_Maker_record_for_SYSTEM":["Succeeded"]},"type":"SetVariable","inputs":{"name":"systemMaker","value":"@body('Create_Maker_record_for_SYSTEM')?['admin_makerid']"}}},"runAfter":{"List_Makers":["Succeeded"]},"else":{"actions":{"Set_systemMaker_with_existing_record":{"runAfter":{},"type":"SetVariable","inputs":{"name":"systemMaker","value":"@{first(body('List_Makers')?['value'])?['admin_makerid']}"}}}},"expression":{"equals":["@length(body('List_Makers')?['value'])",0]},"type":"If","description":"Initializes SYSTEM maker record"},"List_Makers":{"runAfter":{},"metadata":{"flowSystemMetadata":{"swaggerOperationId":"GetItems_V2"}},"type":"ApiConnection","inputs":{"host":{"connection":{"name":"@parameters('$connections')['shared_commondataservice_2']['connectionId']"}},"method":"get","path":"/v2/datasets/@{encodeURIComponent(encodeURIComponent('default.cds'))}/tables/@{encodeURIComponent(encodeURIComponent('admin_makers'))}/items","queries":{"$filter":"admin_displayname eq 'SYSTEM'"},"authentication":"@parameters('$authentication')","retryPolicy":{"type":"exponential","count":10,"interval":"PT10S"}},"runtimeConfiguration":{"paginationPolicy":{"minimumItemCount":100000}}}},"runAfter":{"Set_Env_Var_-_PowerAutomateEnvironmentVariable":["Succeeded"]},"type":"Scope"}},"outputs":{}}},"schemaVersion":"1.0.0.0"}