<environmentvariabledefinition schemaname="admin_ApprovalAdmin">
  <defaultvalue>adelev@pplatform.onmicrosoft.com</defaultvalue>
  <description default="Added for users that have a distribution list for Admin Email env var. You cannot use a distribution list for approvals, so this allows you to indicate an individual. Enter an individual who will be charged with approving removal of orphaned items">
    <label description="Added for users that have a distribution list for Admin Email env var. You cannot use a distribution list for approvals, so this allows you to indicate an individual. Enter an individual who will be charged with approving removal of orphaned items" languagecode="1033" />
  </description>
  <displayname default="Approval Admin">
    <label description="Approval Admin" languagecode="1033" />
  </displayname>
  <introducedversion>1.29</introducedversion>
  <iscustomizable>1</iscustomizable>
  <isrequired>0</isrequired>
  <type>100000000</type>
</environmentvariabledefinition>