<ImportExportXml version="9.1.0.20751" SolutionPackageVersion="9.1" languagecode="1033" generatedBy="CrmLive" xmlns:xsi="http://www.w3.org/2001/XMLSchema-instance">
  <SolutionManifest>
    <UniqueName>CenterofExcellenceAuditComponents</UniqueName>
    <LocalizedNames>
      <LocalizedName description="Center of Excellence - Governance Components" languagecode="1033" />
    </LocalizedNames>
    <Descriptions />
    <Version>1.21</Version>
    <Managed>1</Managed>
    <Publisher>
      <UniqueName>powerplatformadmin</UniqueName>
      <LocalizedNames>
        <LocalizedName description="Power Platform Admin" languagecode="1033" />
      </LocalizedNames>
      <Descriptions />
      <EMailAddress xsi:nil="true"></EMailAddress>
      <SupportingWebsiteUrl xsi:nil="true"></SupportingWebsiteUrl>
      <CustomizationPrefix>admin</CustomizationPrefix>
      <CustomizationOptionValuePrefix>59791</CustomizationOptionValuePrefix>
      <Addresses>
        <Address>
          <AddressNumber>1</AddressNumber>
          <AddressTypeCode>1</AddressTypeCode>
          <City xsi:nil="true"></City>
          <County xsi:nil="true"></County>
          <Country xsi:nil="true"></Country>
          <Fax xsi:nil="true"></Fax>
          <FreightTermsCode xsi:nil="true"></FreightTermsCode>
          <ImportSequenceNumber xsi:nil="true"></ImportSequenceNumber>
          <Latitude xsi:nil="true"></Latitude>
          <Line1 xsi:nil="true"></Line1>
          <Line2 xsi:nil="true"></Line2>
          <Line3 xsi:nil="true"></Line3>
          <Longitude xsi:nil="true"></Longitude>
          <Name xsi:nil="true"></Name>
          <PostalCode xsi:nil="true"></PostalCode>
          <PostOfficeBox xsi:nil="true"></PostOfficeBox>
          <PrimaryContactName xsi:nil="true"></PrimaryContactName>
          <ShippingMethodCode>1</ShippingMethodCode>
          <StateOrProvince xsi:nil="true"></StateOrProvince>
          <Telephone1 xsi:nil="true"></Telephone1>
          <Telephone2 xsi:nil="true"></Telephone2>
          <Telephone3 xsi:nil="true"></Telephone3>
          <TimeZoneRuleVersionNumber xsi:nil="true"></TimeZoneRuleVersionNumber>
          <UPSZone xsi:nil="true"></UPSZone>
          <UTCOffset xsi:nil="true"></UTCOffset>
          <UTCConversionTimeZoneCode xsi:nil="true"></UTCConversionTimeZoneCode>
        </Address>
        <Address>
          <AddressNumber>2</AddressNumber>
          <AddressTypeCode>1</AddressTypeCode>
          <City xsi:nil="true"></City>
          <County xsi:nil="true"></County>
          <Country xsi:nil="true"></Country>
          <Fax xsi:nil="true"></Fax>
          <FreightTermsCode xsi:nil="true"></FreightTermsCode>
          <ImportSequenceNumber xsi:nil="true"></ImportSequenceNumber>
          <Latitude xsi:nil="true"></Latitude>
          <Line1 xsi:nil="true"></Line1>
          <Line2 xsi:nil="true"></Line2>
          <Line3 xsi:nil="true"></Line3>
          <Longitude xsi:nil="true"></Longitude>
          <Name xsi:nil="true"></Name>
          <PostalCode xsi:nil="true"></PostalCode>
          <PostOfficeBox xsi:nil="true"></PostOfficeBox>
          <PrimaryContactName xsi:nil="true"></PrimaryContactName>
          <ShippingMethodCode>1</ShippingMethodCode>
          <StateOrProvince xsi:nil="true"></StateOrProvince>
          <Telephone1 xsi:nil="true"></Telephone1>
          <Telephone2 xsi:nil="true"></Telephone2>
          <Telephone3 xsi:nil="true"></Telephone3>
          <TimeZoneRuleVersionNumber xsi:nil="true"></TimeZoneRuleVersionNumber>
          <UPSZone xsi:nil="true"></UPSZone>
          <UTCOffset xsi:nil="true"></UTCOffset>
          <UTCConversionTimeZoneCode xsi:nil="true"></UTCConversionTimeZoneCode>
        </Address>
      </Addresses>
    </Publisher>
    <RootComponents>
      <RootComponent type="1" schemaName="admin_archiveapproval" behavior="0" />
      <RootComponent type="9" schemaName="cr5d5_archivalitemtype" behavior="0" />
      <RootComponent type="29" id="{10610458-cbee-e911-a86a-000d3a37207b}" behavior="0" />
      <RootComponent type="29" id="{11f2ff3d-0987-e911-a856-000d3a372932}" behavior="0" />
      <RootComponent type="29" id="{311bca28-f92b-ea11-a810-000d3a31c867}" behavior="0" />
      <RootComponent type="29" id="{396c86a3-d1f4-e911-a86e-000d3a37207b}" behavior="0" />
      <RootComponent type="29" id="{5b1ced75-4ea7-ea11-a812-000d3a31cf04}" behavior="0" />
      <RootComponent type="29" id="{b074a5a6-d1f4-e911-a858-000d3a3627b3}" behavior="0" />
      <RootComponent type="29" id="{f25cd8a5-f8a4-ea11-a812-000d3a31cf04}" behavior="0" />
      <RootComponent type="62" schemaName="admin_AppArchiveandCleanUpView" behavior="0" />
      <RootComponent type="80" schemaName="admin_AppArchiveandCleanUpView" behavior="0" />
      <RootComponent type="300" schemaName="admin_powerappcreatorportal_046cc" behavior="0" />
      <RootComponent type="380" schemaName="admin_ArchiveFolder" behavior="0" />
      <RootComponent type="380" schemaName="admin_ArchiveSiteURLSharePointSite" behavior="0" />
      <RootComponent type="380" schemaName="admin_AutoDeleteOnArchive" behavior="0" />
      <RootComponent type="380" schemaName="admin_DeveloperComplianceCenterURL" behavior="0" />
      <RootComponent type="380" schemaName="admin_eMailHeaderStyle" behavior="0" />
      <RootComponent type="380" schemaName="admin_PowerPlatformAdminSecurityGroup" behavior="0" />
    </RootComponents>
    <MissingDependencies>
      <MissingDependency>
        <Required key="0" type="1" schemaName="admin_environment" displayName="Environment" solution="Active" />
        <Dependent key="1" type="300" schemaName="admin_powerappcreatorportal_046cc" displayName="Developer Compliance Center" />
      </MissingDependency>
      <MissingDependency>
        <Required key="2" type="1" schemaName="admin_flow" displayName="Flow" solution="Active" />
        <Dependent key="1" type="300" schemaName="admin_powerappcreatorportal_046cc" displayName="Developer Compliance Center" />
      </MissingDependency>
      <MissingDependency>
        <Required key="3" type="1" schemaName="admin_coesettings" displayName="COE Settings" solution="Active" />
        <Dependent key="1" type="300" schemaName="admin_powerappcreatorportal_046cc" displayName="Developer Compliance Center" />
      </MissingDependency>
      <MissingDependency>
        <Required key="4" type="1" schemaName="admin_maker" displayName="Maker" solution="Active" />
        <Dependent key="1" type="300" schemaName="admin_powerappcreatorportal_046cc" displayName="Developer Compliance Center" />
      </MissingDependency>
      <MissingDependency>
        <Required key="5" type="1" schemaName="admin_pva" displayName="Chatbot" solution="Active" />
        <Dependent key="1" type="300" schemaName="admin_powerappcreatorportal_046cc" displayName="Developer Compliance Center" />
      </MissingDependency>
      <MissingDependency>
        <Required key="6" type="1" schemaName="admin_app" displayName="PowerApps App" solution="Active" />
        <Dependent key="1" type="300" schemaName="admin_powerappcreatorportal_046cc" displayName="Developer Compliance Center" />
      </MissingDependency>
      <MissingDependency>
        <Required key="7" type="1" schemaName="admin_connector" displayName="PowerApps Connector" solution="Active" />
        <Dependent key="1" type="300" schemaName="admin_powerappcreatorportal_046cc" displayName="Developer Compliance Center" />
      </MissingDependency>
      <MissingDependency>
        <Required key="8" type="61" schemaName="msdyn_/Images/AppModule_Default_Icon.png" displayName="msdyn_/Images/AppModule_Default_Icon.png" solution="AppModuleWebResources (2.5)" />
        <Dependent key="9" type="80" schemaName="admin_AppArchiveandCleanUpView" displayName="App Archive and Clean Up View" />
      </MissingDependency>
    </MissingDependencies>
  </SolutionManifest>
</ImportExportXml>