<environmentvariabledefinition schemaname="admin_MakerAssessmentSharePointLibrary">
  <apiid>/providers/microsoft.powerapps/apis/shared_sharepointonline</apiid>
  <description default="Upload the base questions Excel files to a temporary SharePoint Library">
    <label description="Upload the base questions Excel files to a temporary SharePoint Library" languagecode="1033" />
  </description>
  <displayname default="Maker Assessment SharePoint Library">
    <label description="Maker Assessment SharePoint Library" languagecode="1033" />
  </displayname>
  <introducedversion>1.31</introducedversion>
  <iscustomizable>1</iscustomizable>
  <isrequired>0</isrequired>
  <parameterkey>dataset</parameterkey>
  <type>100000004</type>
</environmentvariabledefinition>