<ImportExportXml xmlns:xsi="http://www.w3.org/2001/XMLSchema-instance">
  <Entities>
    <Entity>
      <Name LocalizedName="Account" OriginalName="">Account</Name>
      <FormXml>
        <forms type="main">
          <systemform>
            <formid>{8448b78f-8f42-454e-8e2a-f8196b0419af}</formid>
            <IntroducedVersion>5.0.0.0</IntroducedVersion>
            <FormPresentation>1</FormPresentation>
            <FormActivationState>1</FormActivationState>
            <form showImage="true" headerdensity="HighWithControls" solutionaction="Modified">
              <tabs>
                <tab name="SUMMARY_TAB" id="{3b0b63a9-d379-689a-0ec3-e71eb4c6a841}" IsUserDefined="0" showlabel="true" expanded="true" locklevel="0" ordinalvalue="0">
                  <columns>
                    <column width="33%" id="0">
                      <sections>
                        <section name="ACCOUNT_INFORMATION" showlabel="true" showbar="false" id="{0eb92e6c-bcb8-0d52-a188-d81543ddb7cd}" IsUserDefined="0" layout="varwidth" columns="1" labelwidth="115" celllabelposition="Left" ordinalvalue="0">
                          <rows>
                            <row>
                              <cell id="{b0e82a7e-5683-d90c-308a-0d779377ea8a}" showlabel="true" ordinalvalue="10000">
                                <labels>
                                  <label description="Account Name" languagecode="1033" solutionaction="Added" />
                                </labels>
                              </cell>
                            </row>
                            <row>
                              <cell id="{8b98a55e-a345-b20e-d46e-801e79d5c1c1}" showlabel="true" ordinalvalue="10002">
                                <labels>
                                  <label description="Fax" languagecode="1033" solutionaction="Added" />
                                </labels>
                              </cell>
                            </row>
                            <row>
                              <cell id="{e6441984-4343-813a-aa7e-e2747ad35390}" showlabel="true" ordinalvalue="10003">
                                <labels>
                                  <label description="Website" languagecode="1033" solutionaction="Added" />
                                </labels>
                              </cell>
                            </row>
                            <row>
                              <cell id="{87DE203E-B03C-44CC-8B06-438202B82553}" ordinalvalue="10004">
                                <labels>
                                  <label description="Parent Account" languagecode="1033" solutionaction="Added" />
                                </labels>
                              </cell>
                            </row>
                            <row>
                              <cell id="{5f38af3a-3307-47dc-b36d-d9a5de525e6e}" showlabel="true" ordinalvalue="10005">
                                <labels>
                                  <label description="Ticker Symbol" languagecode="1033" solutionaction="Added" />
                                </labels>
                              </cell>
                            </row>
                          </rows>
                        </section>
                        <section name="ADDRESS" showlabel="true" locklevel="0" showbar="false" id="{cc0fe06e-4b5f-4648-A62d-84d1514e1fc5}" IsUserDefined="0" layout="varwidth" columns="1" labelwidth="115" celllabelposition="Left" ordinalvalue="1">
                          <rows>
                            <row>
                              <cell id="{4913500e-605a-809b-e99e-69e2710d09bd}" showlabel="true" locklevel="0" ordinalvalue="10000">
                                <labels>
                                  <label description="Address 1" languagecode="1033" solutionaction="Added" />
                                </labels>
                              </cell>
                            </row>
                          </rows>
                        </section>
                      </sections>
                    </column>
                    <column width="25%" id="2">
                      <sections>
                        <section name="SUMMARY_TAB_section_6" showlabel="false" showbar="false" locklevel="0" id="{d4c3ee9c-ba71-5cdb-31be-2aa505750472}" IsUserDefined="0" layout="varwidth" columns="1" labelwidth="115" celllabelalignment="Left" celllabelposition="Top" ordinalvalue="1">
                          <rows>
                            <row>
                              <cell id="{b187688c-8410-5990-16ec-e153968ab583}" showlabel="true" locklevel="0" ordinalvalue="10000">
                                <labels>
                                  <label description="Primary Contact" languagecode="1033" solutionaction="Added" />
                                </labels>
                              </cell>
                            </row>
                            <row>
                              <cell id="{0F664FFF-E39E-4676-9191-CBA16972B21D}" colspan="1" showlabel="false" ordinalvalue="10001">
                                <labels>
                                  <label description="Primary Contact" languagecode="1033" solutionaction="Added" />
                                </labels>
                              </cell>
                            </row>
                            <row>
                              <cell id="{8e24c7e3-6a40-5abb-eadb-254eba5478e2}" showlabel="true" colspan="1" auto="false" rowspan="7" ordinalvalue="10002">
                                <control id="Contacts" classid="{E7A81278-8635-4d9e-8D4D-59480B391C5B}">
                                  <parameters>
                                    <VisualizationId />
                                  </parameters>
                                </control>
                              </cell>
                            </row>
                          </rows>
                        </section>
                      </sections>
                    </column>
                  </columns>
                </tab>
                <tab name="DETAILS_TAB" id="{11a42c72-9ded-ea04-253d-2143e731b795}" IsUserDefined="0" showlabel="true" expanded="true" ordinalvalue="2" solutionaction="Modified">
                  <columns>
                    <column width="34%" id="0">
                      <sections>
                        <section name="COMPANY_PROFILE" showlabel="true" showbar="false" id="{ca8587c5-18c0-cac1-7c34-6c639eade090}" IsUserDefined="0" layout="varwidth" columns="1" labelwidth="115" celllabelposition="Left" ordinalvalue="0">
                          <rows>
                            <row>
                              <cell id="{59782911-4d1a-38dc-ce49-7dae620dbc51}" showlabel="true" ordinalvalue="10000">
                                <labels>
                                  <label description="Industry" languagecode="1033" solutionaction="Added" />
                                </labels>
                              </cell>
                            </row>
                            <row>
                              <cell id="{930beba3-d531-0808-c403-de95e2ac3e62}" showlabel="true" ordinalvalue="10001">
                                <labels>
                                  <label description="SIC Code" languagecode="1033" solutionaction="Added" />
                                </labels>
                              </cell>
                            </row>
                            <row>
                              <cell id="{1c33ad89-92a1-8433-2378-306259eb57c0}" showlabel="true" ordinalvalue="10002">
                                <labels>
                                  <label description="Ownership" languagecode="1033" solutionaction="Added" />
                                </labels>
                              </cell>
                            </row>
                          </rows>
                        </section>
                        <section name="DETAILS_TAB_section_6" showlabel="true" showbar="false" locklevel="0" id="{e201b9ce-c3d5-c922-dba5-528c25066940}" IsUserDefined="0" layout="varwidth" columns="1" labelwidth="115" celllabelalignment="Left" celllabelposition="Top" height="auto" ordinalvalue="1">
                          <rows>
                            <row>
                              <cell id="{a4a726a2-8e3e-79d0-02c3-0a04a6b71089}" showlabel="false" locklevel="0" rowspan="3" auto="true" ordinalvalue="10000">
                                <labels>
                                  <label description="Description" languagecode="1033" solutionaction="Added" />
                                </labels>
                              </cell>
                            </row>
                          </rows>
                        </section>
                      </sections>
                    </column>
                    <column width="33%" id="1">
                      <sections>
                        <section name="MARKETING" showlabel="true" locklevel="0" showbar="false" id="{767ab9cb-cb99-45f4-bd68-32742a864c7c}" IsUserDefined="0" layout="varheight" columns="1" labelwidth="115" celllabelposition="Left" ordinalvalue="0">
                          <rows>
                            <row>
                              <cell id="{b9c3d8fd-12a2-4474-b937-43da8Be00e6f}" ordinalvalue="10000">
                                <labels>
                                  <label description="Originating Lead" languagecode="1033" solutionaction="Added" />
                                </labels>
                              </cell>
                            </row>
                          </rows>
                        </section>
                      </sections>
                    </column>
                    <column width="33%" id="2">
                      <sections>
                        <section name="BILLING" showlabel="true" showbar="false" id="{910de80a-a17e-092a-255d-44d775cb4207}" IsUserDefined="0" layout="varwidth" columns="1" labelwidth="115" celllabelposition="Left" locklevel="0" celllabelalignment="Left" ordinalvalue="0">
                          <rows>
                            <row>
                              <cell id="{7cd2b88c-b25c-4729-9c27-f59ebb5a1538}" ordinalvalue="10000">
                                <labels>
                                  <label description="Currency" languagecode="1033" solutionaction="Added" />
                                </labels>
                              </cell>
                            </row>
                            <row>
                              <cell id="{0125719c-a5b0-4230-9817-3fba5d6ebfaf}" ordinalvalue="10001">
                                <labels>
                                  <label description="Credit Limit" languagecode="1033" solutionaction="Added" />
                                </labels>
                              </cell>
                            </row>
                            <row>
                              <cell id="{abc2c862-bcd4-4a4b-ac51-c311d4e66d5b}" ordinalvalue="10002">
                                <labels>
                                  <label description="Credit Hold" languagecode="1033" solutionaction="Added" />
                                </labels>
                              </cell>
                            </row>
                            <row>
                              <cell id="{0bab9157-d14e-441f-969d-80460634c15e}" ordinalvalue="10003">
                                <labels>
                                  <label description="Payment Terms" languagecode="1033" solutionaction="Added" />
                                </labels>
                              </cell>
                            </row>
                          </rows>
                        </section>
                      </sections>
                    </column>
                  </columns>
                </tab>
                <tab name="AssetsAndLocationsTab" id="{9d2b89a1-bec3-0b60-b2a7-d459b760e832}" IsUserDefined="0" locklevel="0" showlabel="true" expanded="true" ordinalvalue="3" solutionaction="Modified">
                  <columns>
                    <column width="100%" id="0">
                      <sections>
                        <section name="AssetsAndLocationsSection" showlabel="false" showbar="false" locklevel="0" id="{9d702b1a-b4e2-15c1-52cc-67353ba67bcd}" IsUserDefined="0" layout="varwidth" columns="1" labelwidth="115" celllabelalignment="Left" celllabelposition="Left" ordinalvalue="0">
                          <rows>
                            <row>
                              <cell id="{d474b47c-cb1c-b672-c30b-65c901107727}" showlabel="false" locklevel="0" ordinalvalue="10000">
                                <labels>
                                  <label description="Account Name" languagecode="1033" solutionaction="Added" />
                                </labels>
                              </cell>
                            </row>
                          </rows>
                        </section>
                      </sections>
                    </column>
                  </columns>
                </tab>
                <tab name="tab_4" id="c1fe1a5d-8791-4ea1-9a6d-27c3ecfe1a40" IsUserDefined="0" locklevel="0" showlabel="true" visible="true" ordinalvalue="1" solutionaction="Added">
                  <labels>
                    <label description="Analytics" languagecode="1033" />
                  </labels>
                  <columns>
                    <column width="100%" id="0">
                      <sections>
                        <section name="tab_4_section_1" id="ce675f0f-8673-4bcf-b08c-0848e9bbdc05" IsUserDefined="0" locklevel="0" showlabel="false" showbar="false" layout="varwidth" celllabelalignment="Left" celllabelposition="Left" columns="1" labelwidth="115" ordinalvalue="0">
                          <labels>
                            <label description="New Section" languagecode="1033" />
                          </labels>
                          <rows>
                            <row>
                              <cell locklevel="0" id="{85bf3cb0-9e02-4d74-87b4-3a463fbce333}" colspan="1" rowspan="16" ordinalvalue="10000">
                                <labels>
                                  <label description="New power bi report" languagecode="1033" />
                                </labels>
                                <control id="cc_1662886089373" classid="{F9A8A302-114E-466A-B582-6771B2AE0D92}" isunbound="true" isrequired="false" uniqueid="{f8d3eb05-bb9c-4e55-a4bf-9fe49ed8759e}" />
                              </cell>
                            </row>
                          </rows>
                        </section>
                      </sections>
                    </column>
                  </columns>
                </tab>
              </tabs>
              <header id="{d5a03552-1183-4347-a237-1f894ba449eb}" columns="111" celllabelposition="Top" labelwidth="115">
                <rows>
                  <row>
                    <cell id="{d3e19d4e-b2ae-409f-9b4e-5976527c6c83}" ordinalvalue="10000">
                      <labels>
                        <label description="Annual Revenue" languagecode="1033" solutionaction="Added" />
                      </labels>
                    </cell>
                    <cell id="{2adb5a52-604d-5aad-ba6a-2bbab6c33594}" showlabel="true" ordinalvalue="20001">
                      <labels>
                        <label description="Number of Employees" languagecode="1033" solutionaction="Added" />
                      </labels>
                    </cell>
                    <cell id="{54b2d0a2-eb77-b3cd-b60a-03ea6944e98e}" showlabel="true" locklevel="1" ordinalvalue="30002">
                      <labels>
                        <label description="Owner" languagecode="1033" solutionaction="Added" />
                      </labels>
                    </cell>
                  </row>
                </rows>
              </header>
              <controlDescriptions>
                <controlDescription forControl="{f8d3eb05-bb9c-4e55-a4bf-9fe49ed8759e}" solutionaction="Added">
                  <customControl formFactor="0" name="MscrmControls.PowerBIPCFControl">
                    <parameters>
                      <PowerBIReport type="PowerBI.Report" static="true">cr236_7fd91c11a4ba45edbb7a51e21a185a2a</PowerBIReport>
                      <FilterPaneVisible type="Enum" static="true">true</FilterPaneVisible>
                      <FilterPaneExpanded type="Enum" static="true">false</FilterPaneExpanded>
                      <PersistentFiltersEnabled type="Enum" static="true">true</PersistentFiltersEnabled>
                      <ActionBarVisible type="Enum" static="true">true</ActionBarVisible>
                      <BookmarksVisible type="Enum" static="true">false</BookmarksVisible>
                      <PageNavigationVisible type="Enum" static="true">true</PageNavigationVisible>
                      <PageNavigationPosition type="Enum" static="true">1</PageNavigationPosition>
                      <Background type="Enum" static="true">0</Background>
                      <PowerBIFilter type="SingleLine.TextArea" static="true">{"Filter": "[{\"$schema\":\"basic\",\"target\":{\"table\":\"Account\",\"column\":\"Account Name\"},\"operator\":\"In\",\"values\":[\"$a\"],\"filterType\":1}]","Alias": {"$a": "name"}}</PowerBIFilter>
                    </parameters>
                  </customControl>
                  <customControl formFactor="2" name="MscrmControls.PowerBIPCFControl">
                    <parameters>
                      <PowerBIReport type="PowerBI.Report" static="true">cr236_7fd91c11a4ba45edbb7a51e21a185a2a</PowerBIReport>
                      <FilterPaneVisible type="Enum" static="true">true</FilterPaneVisible>
                      <FilterPaneExpanded type="Enum" static="true">false</FilterPaneExpanded>
                      <PersistentFiltersEnabled type="Enum" static="true">true</PersistentFiltersEnabled>
                      <ActionBarVisible type="Enum" static="true">true</ActionBarVisible>
                      <BookmarksVisible type="Enum" static="true">false</BookmarksVisible>
                      <PageNavigationVisible type="Enum" static="true">true</PageNavigationVisible>
                      <PageNavigationPosition type="Enum" static="true">1</PageNavigationPosition>
                      <Background type="Enum" static="true">0</Background>
                      <PowerBIFilter type="SingleLine.TextArea" static="true">{"Filter": "[{\"$schema\":\"basic\",\"target\":{\"table\":\"Account\",\"column\":\"Account Name\"},\"operator\":\"In\",\"values\":[\"$a\"],\"filterType\":1}]","Alias": {"$a": "name"}}</PowerBIFilter>
                    </parameters>
                  </customControl>
                  <customControl formFactor="1" name="MscrmControls.PowerBIPCFControl">
                    <parameters>
                      <PowerBIReport type="PowerBI.Report" static="true">cr236_7fd91c11a4ba45edbb7a51e21a185a2a</PowerBIReport>
                      <FilterPaneVisible type="Enum" static="true">true</FilterPaneVisible>
                      <FilterPaneExpanded type="Enum" static="true">false</FilterPaneExpanded>
                      <PersistentFiltersEnabled type="Enum" static="true">true</PersistentFiltersEnabled>
                      <ActionBarVisible type="Enum" static="true">true</ActionBarVisible>
                      <BookmarksVisible type="Enum" static="true">false</BookmarksVisible>
                      <PageNavigationVisible type="Enum" static="true">true</PageNavigationVisible>
                      <PageNavigationPosition type="Enum" static="true">1</PageNavigationPosition>
                      <Background type="Enum" static="true">0</Background>
                      <PowerBIFilter type="SingleLine.TextArea" static="true">{"Filter": "[{\"$schema\":\"basic\",\"target\":{\"table\":\"Account\",\"column\":\"Account Name\"},\"operator\":\"In\",\"values\":[\"$a\"],\"filterType\":1}]","Alias": {"$a": "name"}}</PowerBIFilter>
                    </parameters>
                  </customControl>
                </controlDescription>
              </controlDescriptions>
              <footer id="{9b474e3d-29dc-4e18-8587-fc848e6e512c}" celllabelposition="Top" columns="111" labelwidth="115" celllabelalignment="Left" solutionaction="Added">
                <rows>
                  <row>
                    <cell id="{49207eda-3b09-4595-84e4-ef59bc868854}" showlabel="false" ordinalvalue="10000">
                      <labels>
                        <label description="" languagecode="1033" />
                      </labels>
                    </cell>
                    <cell id="{ab7e1aae-e81a-4181-93a3-aed60ef14776}" showlabel="false" ordinalvalue="20001">
                      <labels>
                        <label description="" languagecode="1033" />
                      </labels>
                    </cell>
                    <cell id="{403205cf-ca45-4e84-ac2a-b5e5d4c5cd6d}" showlabel="false" ordinalvalue="30002">
                      <labels>
                        <label description="" languagecode="1033" />
                      </labels>
                    </cell>
                  </row>
                </rows>
              </footer>
            </form>
            <LocalizedNames>
              <LocalizedName description="Account" languagecode="1033" />
            </LocalizedNames>
            <Descriptions>
              <Description description="Updated default Account form." languagecode="1033" />
            </Descriptions>
          </systemform>
        </forms>
      </FormXml>
      <RibbonDiffXml>
        <CustomActions />
        <Templates>
          <RibbonTemplates Id="Mscrm.Templates"></RibbonTemplates>
        </Templates>
        <CommandDefinitions />
        <RuleDefinitions>
          <TabDisplayRules />
          <DisplayRules />
          <EnableRules />
        </RuleDefinitions>
        <LocLabels />
      </RibbonDiffXml>
    </Entity>
  </Entities>
  <Roles></Roles>
  <Workflows></Workflows>
  <FieldSecurityProfiles></FieldSecurityProfiles>
  <Templates />
  <EntityMaps />
  <EntityRelationships />
  <OrganizationSettings />
  <optionsets />
  <Dashboards>
    <Dashboard>
      <LocalizedNames>
        <LocalizedName description="Sales Analytics for Dynamics 365 Sales CH" languagecode="1033" />
      </LocalizedNames>
      <FormId>{7f3b6b50-ad31-ed11-9db1-000d3a33da09}</FormId>
      <IsCustomizable>1</IsCustomizable>
      <IsDefault>0</IsDefault>
      <FormXml>
        <forms type="powerbi">
          <form>
            <tabs>
              <tab showlabel="false" verticallayout="true" id="{1854c91c-c078-4991-b255-207c39fefc3e}">
                <labels>
                  <label description="" languagecode="1033" />
                </labels>
                <columns>
                  <column width="100%">
                    <sections>
                      <section showlabel="false" showbar="false" columns="111" id="{f24245fa-67fa-4577-ad6b-8d9bf9bef599}">
                        <labels>
                          <label description="" languagecode="1033" />
                        </labels>
                        <rows>
                          <row>
                            <cell colspan="3" rowspan="24" showlabel="false" id="{43a24db0-8c37-4fb9-8987-8e1b7dc93173}" availableforphone="false">
                              <labels>
                                <label description="" languagecode="1033" />
                              </labels>
                              <control id="7705c051-8290-4350-8b49-c57b2720e3d0" classid="{F9A8A302-114E-466A-B582-6771B2AE0D92}" uniqueid="{537d81b6-f4d1-413c-a9b4-774a5f7c5f6e}"></control>
                            </cell>
                          </row>
                        </rows>
                      </section>
                    </sections>
                  </column>
                </columns>
              </tab>
            </tabs>
            <controlDescriptions>
              <controlDescription forControl="{537d81b6-f4d1-413c-a9b4-774a5f7c5f6e}">
                <customControl formFactor="0" name="MscrmControls.PowerBIPCFControl">
                  <parameters>
                    <PowerBIReport type="PowerBI.Report" static="true">cr236_7fd91c11a4ba45edbb7a51e21a185a2a</PowerBIReport>
                  </parameters>
                </customControl>
                <customControl formFactor="1" name="MscrmControls.PowerBIPCFControl">
                  <parameters>
                    <PowerBIReport type="PowerBI.Report" static="true">cr236_7fd91c11a4ba45edbb7a51e21a185a2a</PowerBIReport>
                  </parameters>
                </customControl>
                <customControl formFactor="2" name="MscrmControls.PowerBIPCFControl">
                  <parameters>
                    <PowerBIReport type="PowerBI.Report" static="true">cr236_7fd91c11a4ba45edbb7a51e21a185a2a</PowerBIReport>
                  </parameters>
                </customControl>
              </controlDescription>
            </controlDescriptions>
          </form>
        </forms>
      </FormXml>
      <IntroducedVersion>1.0.0.0</IntroducedVersion>
      <IsTabletEnabled>0</IsTabletEnabled>
    </Dashboard>
  </Dashboards>
  <CustomControls />
  <AppModuleSiteMaps>
    <AppModuleSiteMap>
      <SiteMapUniqueName>SalesHubSitemap</SiteMapUniqueName>
      <EnableCollapsibleGroups>False</EnableCollapsibleGroups>
      <ShowHome>True</ShowHome>
      <ShowPinned>True</ShowPinned>
      <ShowRecents>True</ShowRecents>
      <SiteMap IntroducedVersion="7.0.0.0">
        <Area IntroducedVersion="7.0.0.0" Icon="/WebResources/msdyn_/Images/Area_Default_Icon.png" Id="Enterprise_Sales" ResourceId="Area_Sales" DescriptionResourceId="Sales_Description" ShowGroups="true" ordinalvalue="0">
          <Group IntroducedVersion="7.0.0.0" Id="My_Work" ResourceId="Group_MyWork" DescriptionResourceId="My_Work_Description" IsProfile="false" ToolTipResourseId="My_Work_ToolTip" ordinalvalue="0">
            <SubArea Icon="/_imgs/imagestrips/transparent_spacer.gif" Id="Dashboards" ResourceId="Homepage_Dashboards" DescriptionResourceId="Dashboards_Description" Url="/workplace/home_dashboards.aspx" DefaultDashboard="2701de60-8f2a-48a4-8262-4a35ca7441fa" AvailableOffline="false" PassParams="false" Client="All,Outlook,OutlookLaptopClient,OutlookWorkstationClient,Web" Sku="All,OnPremise,Live,SPLA" ordinalvalue="2" />
            <SubArea Icon="/_imgs/imagestrips/transparent_spacer.gif" Id="Activity" AvailableOffline="false" PassParams="false" Client="All,Outlook,OutlookLaptopClient,OutlookWorkstationClient,Web" Sku="All,OnPremise,Live,SPLA" Entity="activitypointer" ordinalvalue="3" />
            <SubArea Id="subarea_3aa95dc8" DescriptionResourceId="Dashboards_Description" Icon="/_imgs/imagestrips/transparent_spacer.gif" Url="/workplace/home_dashboards.aspx" DefaultDashboard="7f3b6b50-ad31-ed11-9db1-000d3a33da09" Client="All,Outlook,OutlookLaptopClient,OutlookWorkstationClient,Web" AvailableOffline="true" PassParams="false" Sku="All,OnPremise,Live,SPLA" ToolTipResourseId="DashboardTooltip" ordinalvalue="5" solutionaction="Added">
              <Titles>
                <Title LCID="1033" Title="Sales Analytics for Dynamics 365 Sales CH" ordinalvalue="0" />
              </Titles>
            </SubArea>
          </Group>
          <Group Id="Customers" ResourceId="Group_Customers" DescriptionResourceId="Customers_Description" IsProfile="false" ToolTipResourseId="Customers_ToolTip" ordinalvalue="1">
            <SubArea Icon="/_imgs/imagestrips/transparent_spacer.gif" Id="Account" AvailableOffline="false" PassParams="false" Client="All,Outlook,OutlookLaptopClient,OutlookWorkstationClient,Web" Sku="All,OnPremise,Live,SPLA" Entity="account" ordinalvalue="0" />
            <SubArea Icon="/_imgs/imagestrips/transparent_spacer.gif" Id="Contact" AvailableOffline="false" PassParams="false" Client="All,Outlook,OutlookLaptopClient,OutlookWorkstationClient,Web" Sku="All,OnPremise,Live,SPLA" Entity="contact" ordinalvalue="1" />
          </Group>
          <Group Id="Sales" ResourceId="Area_Sales" DescriptionResourceId="Sales_Description" IsProfile="false" ToolTipResourseId="Sales_ToolTip" ordinalvalue="2">
            <SubArea Icon="/_imgs/imagestrips/transparent_spacer.gif" Id="Lead" AvailableOffline="false" PassParams="false" Client="All,Outlook,OutlookLaptopClient,OutlookWorkstationClient,Web" Sku="All,OnPremise,Live,SPLA" Entity="lead" ordinalvalue="0" />
            <SubArea Icon="/_imgs/imagestrips/transparent_spacer.gif" Id="Opportunity" AvailableOffline="false" PassParams="false" Client="All,Outlook,OutlookLaptopClient,OutlookWorkstationClient,Web" Sku="All,OnPremise,Live,SPLA" Entity="opportunity" ordinalvalue="1" />
            <SubArea Icon="/_imgs/imagestrips/transparent_spacer.gif" Id="Competitor" AvailableOffline="false" PassParams="false" Client="All,Outlook,OutlookLaptopClient,OutlookWorkstationClient,Web" Sku="All,OnPremise,Live,SPLA" Entity="competitor" ordinalvalue="2" />
          </Group>
          <Group Id="Collateral" ResourceId="Area_Collateral" DescriptionResourceId="Area_Collateral_Description" IsProfile="false" ToolTipResourseId="Area_Collateral_Sales_ToolTip" ordinalvalue="3">
            <SubArea Icon="/_imgs/imagestrips/transparent_spacer.gif" Id="Quote" AvailableOffline="false" PassParams="false" Client="All,Outlook,OutlookLaptopClient,OutlookWorkstationClient,Web" Sku="All,OnPremise,Live,SPLA" Entity="quote" ordinalvalue="0" />
            <SubArea Icon="/_imgs/imagestrips/transparent_spacer.gif" Id="Order" AvailableOffline="false" PassParams="false" Client="All,Outlook,OutlookLaptopClient,OutlookWorkstationClient,Web" Sku="All,OnPremise,Live,SPLA" Entity="salesorder" ordinalvalue="1" />
            <SubArea Icon="/_imgs/imagestrips/transparent_spacer.gif" Id="Invoice" AvailableOffline="false" PassParams="false" Client="All,Outlook,OutlookLaptopClient,OutlookWorkstationClient,Web" Sku="All,OnPremise,Live,SPLA" Entity="invoice" ordinalvalue="2" />
            <SubArea Icon="/_imgs/imagestrips/transparent_spacer.gif" Id="Product" AvailableOffline="false" PassParams="false" Client="All,Outlook,OutlookLaptopClient,OutlookWorkstationClient,Web" Sku="All,OnPremise,Live,SPLA" Entity="product" ordinalvalue="3" />
            <SubArea Icon="/_imgs/imagestrips/transparent_spacer.gif" Id="Salesliterature" AvailableOffline="false" PassParams="false" Client="All,Outlook,OutlookLaptopClient,OutlookWorkstationClient,Web" Sku="All,OnPremise,Live,SPLA" Entity="salesliterature" ordinalvalue="4" />
          </Group>
          <Group Id="Marketing" ResourceId="Area_Marketing" DescriptionResourceId="Marketing_Description" IntroducedVersion="9.0.0.0" IsProfile="false" ToolTipResourseId="Marketing_ToolTip" ordinalvalue="4" solutionaction="Modified">
            <SubArea Id="nav_lists" DescriptionResourceId="MarketingList_SubArea_Description" IntroducedVersion="9.0.0.0" Entity="list" AvailableOffline="true" PassParams="false" ToolTipResourseId="MarketingList_SubArea_ToolTip" ordinalvalue="0" solutionaction="Modified" />
            <SubArea Id="nav_campaigns" DescriptionResourceId="Campaign_Description" IntroducedVersion="9.0.0.0" Entity="campaign" AvailableOffline="true" PassParams="false" ToolTipResourseId="Campaign_ToolTip" ordinalvalue="1" solutionaction="Modified" />
            <SubArea Id="nav_minicamps" DescriptionResourceId="Quick_Campaign_Description" IntroducedVersion="9.0.0.0" Entity="bulkoperation" AvailableOffline="true" PassParams="false" ToolTipResourseId="Quick_Campaign_ToolTip" ordinalvalue="2" solutionaction="Modified" />
          </Group>
          <Group Id="Goals" ResourceId="Area_Goals" DescriptionResourceId="Area_Goals_Description" IsProfile="false" ToolTipResourseId="Area_Goals_ToolTip" ordinalvalue="5">
            <SubArea Icon="/_imgs/imagestrips/transparent_spacer.gif" Id="Goal" AvailableOffline="false" PassParams="false" Client="All,Outlook,OutlookLaptopClient,OutlookWorkstationClient,Web" Sku="All,OnPremise,Live,SPLA" Entity="goal" ordinalvalue="0" />
            <SubArea Id="ForecastInstance" Icon="$webresource:Forecasting/Images/msdyn_ForecastInstanceEntityIcon.svg" VectorIcon="$webresource:Forecasting/Images/msdyn_ForecastInstanceEntityIcon.svg" Url="/main.aspx?pagetype=control&amp;controlName=ForecastingControls.FieldControls.ForecastGridPage" Client="All,Outlook,OutlookLaptopClient,OutlookWorkstationClient,Web" AvailableOffline="false" PassParams="false" Sku="All,OnPremise,Live,SPLA" ordinalvalue="1" />
          </Group>
          <Group Id="Service" ResourceId="SitemapDesigner.NewGroup" IsProfile="false" ToolTipResourseId="SitemapDesigner.Unknown" ordinalvalue="6">
            <SubArea Icon="/_imgs/imagestrips/transparent_spacer.gif" Id="Case" AvailableOffline="false" PassParams="false" Client="All,Outlook,OutlookLaptopClient,OutlookWorkstationClient,Web" Sku="All,OnPremise,Live,SPLA" Entity="incident" ordinalvalue="0" />
          </Group>
        </Area>
        <Area Id="Sales_Settings_Area" Icon="$webresource:Sales/_imgs/saleAdminSetting/SettingsIcon.svg" VectorIcon="$webresource:Sales/_imgs/saleAdminSetting/SettingsIcon.svg" ResourceId="Area_Sales_Settings" IntroducedVersion="9.0.0" ordinalvalue="1">
          <Group Id="DigitalSalesGroup" ResourceId="Group_DigitalSales" DescriptionResourceId="DigitalSales_Description" IsProfile="false" ToolTipResourseId="DigitalSales_ToolTip" ordinalvalue="0">
            <SubArea IntroducedVersion="9.0.0" Icon="$webresource:msdyn_/SalesInsightsConfig/SiteMap/DigitalSales.svg" VectorIcon="$webresource:msdyn_/SalesInsightsConfig/SiteMap/DigitalSales.svg" Id="GetStarted" Url="/main.aspx?pagetype=control&amp;controlName=MscrmControls.DigitalSales.DigitalSales" Client="All,Outlook,OutlookLaptopClient,OutlookWorkstationClient,Web" Sku="All,OnPremise,Live,SPLA" PassParams="false" AvailableOffline="false" ordinalvalue="0" />
          </Group>
          <Group Id="GeneralSettingsGroup" IsProfile="false" ToolTipResourseId="SitemapDesigner.Unknown" ordinalvalue="1" solutionaction="Modified">
            <SubArea IntroducedVersion="9.0.0" Icon="$webresource:Sales/_imgs/saleAdminSetting/GsOverviewIcon.svg" VectorIcon="$webresource:Sales/_imgs/saleAdminSetting/GsOverviewIcon.svg" Id="GSOverview" Url="/main.aspx?pagetype=control&amp;controlName=MscrmControls.FieldControls.CCFadminsettings&amp;data={&quot;id&quot;:&quot;overview&quot;,&quot;ismanage&quot;:&quot;overview&quot;}" DescriptionResourceId="PDF_Generation_Settings_Dsc" AvailableOffline="false" PassParams="false" Client="All,Outlook,OutlookLaptopClient,OutlookWorkstationClient,Web" Sku="All,OnPremise,Live,SPLA" ordinalvalue="0" />
            <SubArea IntroducedVersion="9.0.0" Icon="$webresource:Sales/_imgs/saleAdminSetting/GsLnOIcon.svg" VectorIcon="$webresource:Sales/_imgs/saleAdminSetting/GsLnOIcon.svg" Id="LeadnManage" Url="/main.aspx?pagetype=control&amp;controlName=MscrmControls.FieldControls.CCFadminsettings&amp;data={&quot;id&quot;:&quot;overview&quot;,&quot;ismanage&quot;:&quot;lno&quot;}" DescriptionResourceId="PDF_Generation_Settings_Dsc" AvailableOffline="false" PassParams="true" Client="All,Outlook,OutlookLaptopClient,OutlookWorkstationClient,Web" Sku="All,OnPremise,Live,SPLA" ordinalvalue="1" />
            <SubArea IntroducedVersion="9.0.0" Icon="$webresource:Sales/_imgs/saleAdminSetting/GsProductivityToolsIcon.svg" VectorIcon="$webresource:Sales/_imgs/saleAdminSetting/GsProductivityToolsIcon.svg" Id="ProductivityTools" Url="/main.aspx?pagetype=control&amp;controlName=MscrmControls.FieldControls.CCFadminsettings&amp;data={&quot;id&quot;:&quot;overview&quot;,&quot;ismanage&quot;:&quot;pt&quot;}" DescriptionResourceId="PDF_Generation_Settings_Dsc" AvailableOffline="false" PassParams="true" Client="All,Outlook,OutlookLaptopClient,OutlookWorkstationClient,Web" Sku="All,OnPremise,Live,SPLA" ordinalvalue="2" />
            <SubArea IntroducedVersion="9.0.0" Icon="$webresource:Sales/_imgs/saleAdminSetting/GsChatCollabIcon.svg" VectorIcon="$webresource:Sales/_imgs/saleAdminSetting/GsChatCollabIcon.svg" Id="ChatnCollab" Url="/main.aspx?pagetype=control&amp;controlName=MscrmControls.TeamsCollaborationAdmin.TeamsCollaborationAdmin" AvailableOffline="false" PassParams="true" Client="All,Outlook,OutlookLaptopClient,OutlookWorkstationClient,Web" Sku="All,OnPremise,Live,SPLA" ordinalvalue="3" />
            <SubArea IntroducedVersion="9.0.0" Icon="$webresource:Sales/_imgs/saleAdminSetting/GsChatCollabIcon.svg" VectorIcon="$webresource:Sales/_imgs/saleAdminSetting/GsChatCollabIcon.svg" Id="TeamsMeetings" Url="/main.aspx?pagetype=control&amp;controlName=MscrmControls.TeamsMeetingIntegrationAdmin.TeamsMeetingIntegrationAdmin" AvailableOffline="false" PassParams="true" Client="All,Outlook,OutlookLaptopClient,OutlookWorkstationClient,Web" Sku="All,OnPremise,Live,SPLA" ordinalvalue="4" />
            <SubArea IntroducedVersion="9.0.0" Icon="$webresource:Sales/_imgs/saleAdminSetting/GsLinkedInIcon.svg" VectorIcon="$webresource:Sales/_imgs/saleAdminSetting/GsLinkedInIcon.svg" Id="LinkedinIntegration" Url="/main.aspx?pagetype=control&amp;controlName=MscrmControls.FieldControls.CCFadminsettings&amp;data={&quot;id&quot;:&quot;overview&quot;,&quot;ismanage&quot;:&quot;li&quot;}" DescriptionResourceId="PDF_Generation_Settings_Dsc" AvailableOffline="false" PassParams="true" Client="All,Outlook,OutlookLaptopClient,OutlookWorkstationClient,Web" Sku="All,OnPremise,Live,SPLA" ordinalvalue="5" />
            <SubArea IntroducedVersion="9.0.0" Icon="$webresource:Sales/_imgs/saleAdminSetting/GsAnalyticsIcon.svg" VectorIcon="$webresource:Sales/_imgs/saleAdminSetting/GsAnalyticsIcon.svg" Id="SalesReporting" Url="/main.aspx?pagetype=control&amp;controlName=MscrmControls.FieldControls.CCFadminsettings&amp;data={&quot;id&quot;:&quot;overview&quot;,&quot;ismanage&quot;:&quot;srep&quot;}" DescriptionResourceId="PDF_Generation_Settings_Dsc" AvailableOffline="false" PassParams="true" Client="All,Outlook,OutlookLaptopClient,OutlookWorkstationClient,Web" Sku="All,OnPremise,Live,SPLA" ordinalvalue="6" />
            <SubArea IntroducedVersion="9.0.0" Icon="$webresource:Sales/_imgs/saleAdminSetting/GsTeamsCallsIcon.svg" VectorIcon="$webresource:Sales/_imgs/saleAdminSetting/GsTeamsCallsIcon.svg" Id="TeamsCallsIntegration" Url="/main.aspx?pagetype=control&amp;controlName=MscrmControls.TeamsDialerSettings.DialerSettingsHostControl&amp;data={&quot;id&quot;:&quot;overview&quot;,&quot;ismanage&quot;:&quot;tc&quot;}" AvailableOffline="false" PassParams="true" Client="All,Outlook,OutlookLaptopClient,OutlookWorkstationClient,Web" Sku="All,OnPremise,Live,SPLA" ordinalvalue="7" />
            <SubArea IntroducedVersion="9.0.0" Icon="/_imgs/svg_3.svg" VectorIcon="/_imgs/svg_3.svg" Id="DealManagerSettings" Url="/main.aspx?pagetype=control&amp;controlName=MscrmControls.Sales.DealManagerSettings.DealManagerSettings" AvailableOffline="true" PassParams="false" Client="Outlook,OutlookLaptopClient,OutlookWorkstationClient,Web" Sku="All,Live,OnPremise,SPLA" ordinalvalue="8" />
          </Group>
          <Group Id="PlaybookManagementGroup" IsProfile="false" ToolTipResourseId="SitemapDesigner.Unknown" ordinalvalue="3" solutionaction="Modified" />
          <Group Id="SalesSettingsGrp" IsProfile="false" ToolTipResourseId="SitemapDesigner.Unknown" ordinalvalue="4" solutionaction="Modified">
            <SubArea Icon="$webresource:Sales/_imgs/productgrid/SalesTerritories.svg" VectorIcon="$webresource:Sales/_imgs/productgrid/SalesTerritories.svg" Id="Sales_Territories" AvailableOffline="false" PassParams="false" Client="All,Outlook,OutlookLaptopClient,OutlookWorkstationClient,Web" Sku="All,OnPremise,Live,SPLA" Entity="territory" ordinalvalue="0" />
            <SubArea IntroducedVersion="9.0.0" Icon="/WebResources/Playbook/msdyn_/Images/SVG/PlaybookSettingsIcon.svg" VectorIcon="/WebResources/Playbook/msdyn_/Images/SVG/PlaybookSettingsIcon.svg" Id="PlayBookSettings" Url="/main.aspx?pagetype=inlinedialog&amp;name=PlayBookSettingsMDD" DescriptionResourceId="Play_Book_Settings_Dsc" AvailableOffline="false" PassParams="false" Client="All,Outlook,OutlookLaptopClient,OutlookWorkstationClient,Web" Sku="All,OnPremise,Live,SPLA" ordinalvalue="1" />
            <SubArea IntroducedVersion="9.0.0" Icon="/_imgs/svg_4300.svg" VectorIcon="/_imgs/svg_4300.svg" Id="MarketingSettings" Url="/main.aspx?pagetype=inlinedialog&amp;name=MarketingSettingsMDD" DescriptionResourceId="Marketing_Settings_Dsc" AvailableOffline="false" PassParams="false" Client="All,Outlook,OutlookLaptopClient,OutlookWorkstationClient,Web" Sku="All,OnPremise,Live,SPLA" ordinalvalue="2" />
          </Group>
          <Group Id="ProductCatalogGrp" IsProfile="false" ToolTipResourseId="SitemapDesigner.Unknown" ordinalvalue="5" solutionaction="Modified">
            <SubArea IntroducedVersion="9.0.0" Icon="$webresource:Sales/_imgs/productgrid/productCatalogSettings.svg" VectorIcon="$webresource:Sales/_imgs/productgrid/productCatalogSettings.svg" Id="Sales_Settings" Url="/main.aspx?pagetype=control&amp;controlName=MscrmControls.FieldControls.CCFadminsettings&amp;data={&quot;id&quot;:&quot;product_catalog&quot;,&quot;ismanage&quot;:&quot;product_catalog&quot;}" ResourceId="Sales_Settings_Rsrc" DescriptionResourceId="Sales_Settings_Dsc" AvailableOffline="false" PassParams="false" Client="All,Outlook,OutlookLaptopClient,OutlookWorkstationClient,Web" Sku="All,OnPremise,Live,SPLA" ordinalvalue="0" />
            <SubArea Icon="/_imgs/imagestrips/transparent_spacer.gif" Id="Family_Products" AvailableOffline="false" PassParams="false" Client="All,Outlook,OutlookLaptopClient,OutlookWorkstationClient,Web" Sku="All,OnPremise,Live,SPLA" Entity="product" ordinalvalue="1" />
            <SubArea Icon="$webresource:Sales/_imgs/productgrid/DiscountLists.svg" VectorIcon="$webresource:Sales/_imgs/productgrid/DiscountLists.svg" Id="Discount_Lists" AvailableOffline="false" PassParams="false" Client="All,Outlook,OutlookLaptopClient,OutlookWorkstationClient,Web" Sku="All,OnPremise,Live,SPLA" Entity="discounttype" ordinalvalue="2" />
            <SubArea Icon="$webresource:Sales/_imgs/productgrid/PriceLists.svg" VectorIcon="$webresource:Sales/_imgs/productgrid/PriceLists.svg" Id="Price_Lists" AvailableOffline="false" PassParams="false" Client="All,Outlook,OutlookLaptopClient,OutlookWorkstationClient,Web" Sku="All,OnPremise,Live,SPLA" Entity="pricelevel" ordinalvalue="3" />
            <SubArea Icon="$webresource:Sales/_imgs/productgrid/UnitGroups.svg" VectorIcon="$webresource:Sales/_imgs/productgrid/UnitGroups.svg" Id="Unit_Groups" AvailableOffline="false" PassParams="false" Client="All,Outlook,OutlookLaptopClient,OutlookWorkstationClient,Web" Sku="All,OnPremise,Live,SPLA" Entity="uomschedule" ordinalvalue="4" />
          </Group>
          <Group Id="GoalManagementGrp" IsProfile="false" ToolTipResourseId="SitemapDesigner.Unknown" ordinalvalue="6" solutionaction="Modified">
            <SubArea IntroducedVersion="9.0.0" Icon="$webresource:Sales/_imgs/productgrid/GoalSettings.svg" VectorIcon="$webresource:Sales/_imgs/productgrid/GoalSettings.svg" Id="Goal_Settings" Url="/main.aspx?pagetype=inlinedialog&amp;name=GoalSettingMDD" DescriptionResourceId="Goal_Settings_Dsc" AvailableOffline="false" PassParams="false" Client="All,Outlook,OutlookLaptopClient,OutlookWorkstationClient,Web" Sku="All,OnPremise,Live,SPLA" ordinalvalue="0" />
            <SubArea Icon="/_imgs/imagestrips/transparent_spacer.gif" Id="Goals" AvailableOffline="false" PassParams="false" Client="All,Outlook,OutlookLaptopClient,OutlookWorkstationClient,Web" Sku="All,OnPremise,Live,SPLA" Entity="goal" ordinalvalue="1" />
            <SubArea Icon="$webresource:Sales/_imgs/productgrid/GoalMetrics.svg" VectorIcon="$webresource:Sales/_imgs/productgrid/GoalMetrics.svg" Id="Goal_Metrics" AvailableOffline="false" PassParams="false" Client="All,Outlook,OutlookLaptopClient,OutlookWorkstationClient,Web" Sku="All,OnPremise,Live,SPLA" Entity="metric" ordinalvalue="2" />
            <SubArea Icon="$webresource:Sales/_imgs/goalmanagement/RollupQuery.svg" VectorIcon="$webresource:Sales/_imgs/goalmanagement/RollupQuery.svg" Id="Rollup_Queries" AvailableOffline="false" PassParams="false" Client="All,Outlook,OutlookLaptopClient,OutlookWorkstationClient,Web" Sku="All,OnPremise,Live,SPLA" Entity="goalrollupquery" ordinalvalue="3" />
            <SubArea Id="ForecastConfiguration" Icon="$webresource:Forecasting/Images/msdyn_ForecastDefinitionEntityIcon.svg" VectorIcon="$webresource:Forecasting/Images/msdyn_ForecastDefinitionEntityIcon.svg" Url="/main.aspx?pagetype=control&amp;controlName=ForecastingControls.FieldControls.CCFForecastConfig" Client="All,Outlook,OutlookLaptopClient,OutlookWorkstationClient,Web" AvailableOffline="false" PassParams="false" Sku="All,OnPremise,Live,SPLA" ordinalvalue="4" />
          </Group>
          <Group Id="AppExtensionsGrp" IsProfile="false" ToolTipResourseId="SitemapDesigner.Unknown" ordinalvalue="7" solutionaction="Modified">
            <SubArea Icon="$webresource:Sales/_imgs/partnerapps/PartnerApps.svg" VectorIcon="$webresource:Sales/_imgs/partnerapps/PartnerApps.svg" Id="Data_IConfiguration" Url="/main.aspx?pagetype=control&amp;controlName=MscrmControls.Sales.AppExtensions.PreferredPartnerApps" Sku="All,OnPremise,Live,SPLA" Client="All,Outlook,OutlookLaptopClient,OutlookWorkstationClient,Web" PassParams="false" AvailableOffline="false" ordinalvalue="0" />
          </Group>
        </Area>
        <Area Id="Sales_Insights_Settings_Area" Icon="$webresource:Sales/_imgs/saleAdminSetting/SettingsIcon.svg" VectorIcon="$webresource:Sales/_imgs/saleAdminSetting/SettingsIcon.svg" ResourceId="Area_Sales_Insights_Settings" IntroducedVersion="9.0.0" ordinalvalue="2">
          <Group Id="SalesInsightsGrp" IsProfile="false" ToolTipResourseId="SitemapDesigner.Unknown" ordinalvalue="0" solutionaction="Modified">
            <SubArea Icon="$webresource:Sales/_imgs/SiteMap/Bundle.svg" VectorIcon="$webresource:Sales/_imgs/SiteMap/Bundle.svg" Id="Global_Settings" Url="/main.aspx?pagetype=control&amp;controlName=MscrmControls.UnifiedConfigCustomControl.UnifiedConfigCustomControl" Sku="All,OnPremise,Live,SPLA" Client="All,Outlook,OutlookLaptopClient,OutlookWorkstationClient,Web" PassParams="false" AvailableOffline="false" ordinalvalue="0" />
            <SubArea Icon="$webresource:Sales/_imgs/SiteMap/Product.svg" VectorIcon="$webresource:Sales/_imgs/SiteMap/Product.svg" Id="Personal_Settings" Url="/main.aspx?pagetype=control&amp;controlName=MscrmControls.UnifiedConfigWrapperControl.UnifiedConfigWrapperControl" Sku="All,OnPremise,Live,SPLA" Client="All,Outlook,OutlookLaptopClient,OutlookWorkstationClient,Web" PassParams="false" AvailableOffline="false" ordinalvalue="1" />
          </Group>
        </Area>
        <Area Id="Sales_Personal_Settings_Area" Icon="$webresource:Sales/_imgs/saleAdminSetting/SettingsIcon.svg" VectorIcon="$webresource:Sales/_imgs/saleAdminSetting/SettingsIcon.svg" ResourceId="Area_Sales_Personal_Settings" IntroducedVersion="9.0.0" ordinalvalue="3">
          <Group Id="SalesPersonalSettingsGrp" IsProfile="false" ToolTipResourseId="SitemapDesigner.Unknown" ordinalvalue="0" solutionaction="Modified">
            <SubArea Icon="$webresource:Sales/_imgs/saleAdminSetting/InsightIcon.svg" VectorIcon="$webresource:Sales/_imgs/saleAdminSetting/InsightIcon.svg" Id="Sales_Personal_Insights" Url="/main.aspx?pagetype=control&amp;controlName=MscrmControls.UnifiedConfigWrapperControl.UnifiedConfigWrapperControl" Sku="All,OnPremise,Live,SPLA" Client="All,Outlook,OutlookLaptopClient,OutlookWorkstationClient,Web" PassParams="false" AvailableOffline="false" ordinalvalue="0" />
            <SubArea Icon="/_imgs/svg_2010.svg" VectorIcon="/_imgs/svg_2010.svg" Id="Email_Templates" Entity="template" Sku="All,OnPremise,Live,SPLA" Client="All,Outlook,OutlookLaptopClient,OutlookWorkstationClient,Web" PassParams="false" AvailableOffline="false" ordinalvalue="1" />
            <SubArea Icon="/_imgs/svg_9997.svg" VectorIcon="/_imgs/svg_9997.svg" Id="Email_Signatures" Entity="emailsignature" Sku="All,OnPremise,Live,SPLA" Client="All,Outlook,OutlookLaptopClient,OutlookWorkstationClient,Web" PassParams="false" AvailableOffline="false" ordinalvalue="2" />
          </Group>
        </Area>
        <Area Id="HLP" ResourceId="Sales_Area_Help" ShowGroups="true" Icon="/_imgs/icn_help16.png" DescriptionResourceId="Sales_Help_Area_Description" IntroducedVersion="7.0.0.0" ordinalvalue="4">
          <Group Id="HLP_GRP" ResourceId="Sales_Group_Help" DescriptionResourceId="Sales_Help_Description" IntroducedVersion="7.0.0.0" IsProfile="false" ToolTipResourseId="Help_ToolTip" ordinalvalue="0" solutionaction="Modified">
            <SubArea Id="Help_Resource_Center" ResourceId="Sales_Area_CustomerCenter" DescriptionResourceId="ResourceCenter_Area_Description" Url="https://go.microsoft.com/fwlink/p/?linkid=853224" IntroducedVersion="7.0.0.0" AvailableOffline="false" PassParams="false" ToolTipResourseId="ResourceCenter_Area_ToolTip" ordinalvalue="0" solutionaction="Modified" />
          </Group>
        </Area>
      </SiteMap>
      <LocalizedNames>
        <LocalizedName description="Sales Hub" languagecode="1033" />
      </LocalizedNames>
    </AppModuleSiteMap>
  </AppModuleSiteMaps>
  <AppModules>
    <AppModule>
      <UniqueName>msdynce_saleshub</UniqueName>
      <IntroducedVersion>9.1.0.0</IntroducedVersion>
      <WebResourceId>7257d4d7-4981-e611-80d3-00155d42a122</WebResourceId>
      <OptimizedFor></OptimizedFor>
      <statecode>0</statecode>
      <statuscode>1</statuscode>
      <FormFactor>1</FormFactor>
      <ClientType>4</ClientType>
      <NavigationType>0</NavigationType>
      <AppModuleComponents>
        <AppModuleComponent type="60" id="{8448b78f-8f42-454e-8e2a-f8196b0419af}" solutionaction="Added" />
        <AppModuleComponent type="60" id="{7f3b6b50-ad31-ed11-9db1-000d3a33da09}" solutionaction="Added" />
      </AppModuleComponents>
      <AppModuleRoleMaps>
        <Role id="{cad52a75-568c-e611-80d4-00155d42a122}" />
        <Role id="{c0ed2f4f-6f92-4691-92ba-78f2931e8fba}" />
        <Role id="{a4be89ff-7c35-4d69-9900-999c3f603e6f}" />
        <Role id="{627090ff-40a3-4053-8790-584edc5be201}" />
        <Role id="{119f245c-3cc8-4b62-b31c-d1a046ced15d}" />
        <Role id="{29123793-6ae5-4955-9f1a-f10ceb9705f1}" />
      </AppModuleRoleMaps>
      <LocalizedNames>
        <LocalizedName description="Sales Hub" languagecode="1033" />
      </LocalizedNames>
      <Descriptions>
        <Description description="Modernize the sales experience with this mobile relationship management app" languagecode="1033" />
      </Descriptions>
    </AppModule>
  </AppModules>
  <EntityDataProviders />
  <Languages>
    <Language>1033</Language>
  </Languages>
</ImportExportXml>