<ImportExportXml version="9.2.22092.122" SolutionPackageVersion="9.2" languagecode="1033" generatedBy="CrmLive" xmlns:xsi="http://www.w3.org/2001/XMLSchema-instance">
  <SolutionManifest>
    <UniqueName>SalesHub_Customization</UniqueName>
    <LocalizedNames>
      <LocalizedName description="SalesHub_Customization" languagecode="1033" />
    </LocalizedNames>
    <Descriptions />
    <Version>1.0.0.1</Version>
    <Managed>1</Managed>
    <Publisher>
      <UniqueName>Crefbb2</UniqueName>
      <LocalizedNames>
        <LocalizedName description="CDS Default Publisher" languagecode="1033" />
      </LocalizedNames>
      <Descriptions />
      <EMailAddress xsi:nil="true"></EMailAddress>
      <SupportingWebsiteUrl xsi:nil="true"></SupportingWebsiteUrl>
      <CustomizationPrefix>cr236</CustomizationPrefix>
      <CustomizationOptionValuePrefix>41761</CustomizationOptionValuePrefix>
      <Addresses>
        <Address>
          <AddressNumber>1</AddressNumber>
          <AddressTypeCode xsi:nil="true"></AddressTypeCode>
          <City xsi:nil="true"></City>
          <County xsi:nil="true"></County>
          <Country xsi:nil="true"></Country>
          <Fax xsi:nil="true"></Fax>
          <FreightTermsCode xsi:nil="true"></FreightTermsCode>
          <ImportSequenceNumber xsi:nil="true"></ImportSequenceNumber>
          <Latitude xsi:nil="true"></Latitude>
          <Line1 xsi:nil="true"></Line1>
          <Line2 xsi:nil="true"></Line2>
          <Line3 xsi:nil="true"></Line3>
          <Longitude xsi:nil="true"></Longitude>
          <Name xsi:nil="true"></Name>
          <PostalCode xsi:nil="true"></PostalCode>
          <PostOfficeBox xsi:nil="true"></PostOfficeBox>
          <PrimaryContactName xsi:nil="true"></PrimaryContactName>
          <ShippingMethodCode xsi:nil="true"></ShippingMethodCode>
          <StateOrProvince xsi:nil="true"></StateOrProvince>
          <Telephone1 xsi:nil="true"></Telephone1>
          <Telephone2 xsi:nil="true"></Telephone2>
          <Telephone3 xsi:nil="true"></Telephone3>
          <TimeZoneRuleVersionNumber xsi:nil="true"></TimeZoneRuleVersionNumber>
          <UPSZone xsi:nil="true"></UPSZone>
          <UTCOffset xsi:nil="true"></UTCOffset>
          <UTCConversionTimeZoneCode xsi:nil="true"></UTCConversionTimeZoneCode>
        </Address>
        <Address>
          <AddressNumber>2</AddressNumber>
          <AddressTypeCode xsi:nil="true"></AddressTypeCode>
          <City xsi:nil="true"></City>
          <County xsi:nil="true"></County>
          <Country xsi:nil="true"></Country>
          <Fax xsi:nil="true"></Fax>
          <FreightTermsCode xsi:nil="true"></FreightTermsCode>
          <ImportSequenceNumber xsi:nil="true"></ImportSequenceNumber>
          <Latitude xsi:nil="true"></Latitude>
          <Line1 xsi:nil="true"></Line1>
          <Line2 xsi:nil="true"></Line2>
          <Line3 xsi:nil="true"></Line3>
          <Longitude xsi:nil="true"></Longitude>
          <Name xsi:nil="true"></Name>
          <PostalCode xsi:nil="true"></PostalCode>
          <PostOfficeBox xsi:nil="true"></PostOfficeBox>
          <PrimaryContactName xsi:nil="true"></PrimaryContactName>
          <ShippingMethodCode xsi:nil="true"></ShippingMethodCode>
          <StateOrProvince xsi:nil="true"></StateOrProvince>
          <Telephone1 xsi:nil="true"></Telephone1>
          <Telephone2 xsi:nil="true"></Telephone2>
          <Telephone3 xsi:nil="true"></Telephone3>
          <TimeZoneRuleVersionNumber xsi:nil="true"></TimeZoneRuleVersionNumber>
          <UPSZone xsi:nil="true"></UPSZone>
          <UTCOffset xsi:nil="true"></UTCOffset>
          <UTCConversionTimeZoneCode xsi:nil="true"></UTCConversionTimeZoneCode>
        </Address>
      </Addresses>
    </Publisher>
    <RootComponents>
      <RootComponent type="1" schemaName="account" behavior="1" />
      <RootComponent type="60" id="{7f3b6b50-ad31-ed11-9db1-000d3a33da09}" behavior="0" />
      <RootComponent type="62" schemaName="SalesHubSitemap" behavior="0" />
      <RootComponent type="80" schemaName="msdynce_saleshub" behavior="0" />
    </RootComponents>
    <MissingDependencies>
      <MissingDependency>
        <Required type="1" schemaName="adminsettingsentity" displayName="admin_settings_entity" solution="msdynce_SalesPatch (9.0.1904.3002)" />
        <Dependent type="62" schemaName="SalesHubSitemap" />
      </MissingDependency>
      <MissingDependency>
        <Required type="1" schemaName="bulkoperation" displayName="Quick Campaign" solution="msdynce_Marketing (9.0.4.37)" />
        <Dependent type="62" schemaName="SalesHubSitemap" />
      </MissingDependency>
      <MissingDependency>
        <Required type="1" schemaName="bulkoperation" displayName="Quick Campaign" solution="msdynce_Marketing (9.0.4.37)" />
        <Dependent type="80" schemaName="msdynce_saleshub" displayName="Sales Hub" />
      </MissingDependency>
      <MissingDependency>
        <Required type="1" schemaName="campaign" displayName="Campaign" solution="msdynce_Marketing (9.0.4.37)" />
        <Dependent type="62" schemaName="SalesHubSitemap" />
      </MissingDependency>
      <MissingDependency>
        <Required type="1" schemaName="campaign" displayName="Campaign" solution="msdynce_Marketing (9.0.4.37)" />
        <Dependent type="80" schemaName="msdynce_saleshub" displayName="Sales Hub" />
      </MissingDependency>
      <MissingDependency>
        <Required type="1" schemaName="competitor" displayName="Competitor" solution="msdynce_Sales (9.0.4.0076)" />
        <Dependent type="62" schemaName="SalesHubSitemap" />
      </MissingDependency>
      <MissingDependency>
        <Required type="1" schemaName="competitor" displayName="Competitor" solution="msdynce_Sales (9.0.4.0076)" />
        <Dependent type="80" schemaName="msdynce_saleshub" displayName="Sales Hub" />
      </MissingDependency>
      <MissingDependency>
        <Required type="1" schemaName="discounttype" displayName="Discount List" solution="msdynce_Sales (9.0.4.0076)" />
        <Dependent type="62" schemaName="SalesHubSitemap" />
      </MissingDependency>
      <MissingDependency>
        <Required type="1" schemaName="dynamicpropertyoptionsetitem" displayName="Property Option Set Item" solution="msdynce_ProductManagement (9.0.4.0066)" />
        <Dependent type="80" schemaName="msdynce_saleshub" displayName="Sales Hub" />
      </MissingDependency>
      <MissingDependency>
        <Required type="1" schemaName="entitlement" displayName="Entitlement" solution="msdynce_Service (9.0.5.56)" />
        <Dependent type="60" displayName="Account" parentDisplayName="Account" id="{8448b78f-8f42-454e-8e2a-f8196b0419af}" />
      </MissingDependency>
      <MissingDependency>
        <Required type="1" schemaName="entitlement" displayName="Entitlement" solution="msdynce_Service (9.0.5.56)" />
        <Dependent type="80" schemaName="msdynce_saleshub" displayName="Sales Hub" />
      </MissingDependency>
      <MissingDependency>
        <Required type="1" schemaName="incident" displayName="Case" solution="msdynce_Service (9.0.5.56)" />
        <Dependent type="60" displayName="Account" parentDisplayName="Account" id="{8448b78f-8f42-454e-8e2a-f8196b0419af}" />
      </MissingDependency>
      <MissingDependency>
        <Required type="1" schemaName="incident" displayName="Case" solution="msdynce_Service (9.0.5.56)" />
        <Dependent type="62" schemaName="SalesHubSitemap" />
      </MissingDependency>
      <MissingDependency>
        <Required type="1" schemaName="incident" displayName="Case" solution="msdynce_Service (9.0.5.56)" />
        <Dependent type="80" schemaName="msdynce_saleshub" displayName="Sales Hub" />
      </MissingDependency>
      <MissingDependency>
        <Required type="1" schemaName="incidentresolution" displayName="Case Resolution" solution="msdynce_Service (9.0.5.56)" />
        <Dependent type="80" schemaName="msdynce_saleshub" displayName="Sales Hub" />
      </MissingDependency>
      <MissingDependency>
        <Required type="1" schemaName="invoice" displayName="Invoice" solution="msdynce_Sales (9.0.4.0076)" />
        <Dependent type="62" schemaName="SalesHubSitemap" />
      </MissingDependency>
      <MissingDependency>
        <Required type="1" schemaName="invoice" displayName="Invoice" solution="msdynce_Sales (9.0.4.0076)" />
        <Dependent type="80" schemaName="msdynce_saleshub" displayName="Sales Hub" />
      </MissingDependency>
      <MissingDependency>
        <Required type="1" schemaName="invoicedetail" displayName="Invoice Product" solution="msdynce_Sales (9.0.4.0076)" />
        <Dependent type="80" schemaName="msdynce_saleshub" displayName="Sales Hub" />
      </MissingDependency>
      <MissingDependency>
        <Required type="1" schemaName="lead" displayName="Lead" solution="msdynce_LeadManagement (9.0.4.0066)" />
        <Dependent type="62" schemaName="SalesHubSitemap" />
      </MissingDependency>
      <MissingDependency>
        <Required type="1" schemaName="lead" displayName="Lead" solution="msdynce_LeadManagement (9.0.4.0066)" />
        <Dependent type="80" schemaName="msdynce_saleshub" displayName="Sales Hub" />
      </MissingDependency>
      <MissingDependency>
        <Required type="1" schemaName="leadtoopportunitysalesprocess" displayName="Lead To Opportunity Sales Process" solution="msdynce_Sales (9.0.4.0076)" />
        <Dependent type="80" schemaName="msdynce_saleshub" displayName="Sales Hub" />
      </MissingDependency>
      <MissingDependency>
        <Required type="1" schemaName="list" displayName="Marketing List" solution="msdynce_Marketing (9.0.4.37)" />
        <Dependent type="62" schemaName="SalesHubSitemap" />
      </MissingDependency>
      <MissingDependency>
        <Required type="1" schemaName="msdyn_callablecontext" displayName="Playbook Callable Context" solution="msdyn_Playbook (9.0.2103.4000 )" />
        <Dependent type="80" schemaName="msdynce_saleshub" displayName="Sales Hub" />
      </MissingDependency>
      <MissingDependency>
        <Required type="1" schemaName="msdyn_extendedusersetting" displayName="Extended User Setting" solution="msdyn_acceleratedsales (9.1.22084.10005)" />
        <Dependent type="62" schemaName="SalesHubSitemap" />
      </MissingDependency>
      <MissingDependency>
        <Required type="1" schemaName="msdyn_forecastconfiguration" displayName="Forecast Configuration" solution="msdyn_Forecasting (9.0.22052.10011)" />
        <Dependent type="62" schemaName="SalesHubSitemap" />
      </MissingDependency>
      <MissingDependency>
        <Required type="1" schemaName="msdyn_forecastdefinition" displayName="Forecast definition" solution="msdyn_Forecasting (9.0.22052.10011)" />
        <Dependent type="80" schemaName="msdynce_saleshub" displayName="Sales Hub" />
      </MissingDependency>
      <MissingDependency>
        <Required type="1" schemaName="msdyn_forecastinstance" displayName="Forecast" solution="msdyn_Forecasting (9.0.22052.10011)" />
        <Dependent type="80" schemaName="msdynce_saleshub" displayName="Sales Hub" />
      </MissingDependency>
      <MissingDependency>
        <Required type="1" schemaName="msdyn_forecastrecurrence" displayName="Forecast recurrence" solution="msdyn_Forecasting (9.0.22052.10011)" />
        <Dependent type="80" schemaName="msdynce_saleshub" displayName="Sales Hub" />
      </MissingDependency>
      <MissingDependency>
        <Required type="1" schemaName="msdyn_leadhygienesetting" displayName="Lead Hygiene Setting" solution="msdyn_leadhygiene (9.1.2208.4002)" />
        <Dependent type="62" schemaName="SalesHubSitemap" />
      </MissingDependency>
      <MissingDependency>
        <Required type="1" schemaName="msdyn_playbookactivity" displayName="Playbook activity" solution="msdyn_Playbook (9.0.2103.4000 )" />
        <Dependent type="80" schemaName="msdynce_saleshub" displayName="Sales Hub" />
      </MissingDependency>
      <MissingDependency>
        <Required type="1" schemaName="msdyn_playbookactivityattribute" displayName="Playbook activity attribute" solution="msdyn_Playbook (9.0.2103.4000 )" />
        <Dependent type="80" schemaName="msdynce_saleshub" displayName="Sales Hub" />
      </MissingDependency>
      <MissingDependency>
        <Required type="1" schemaName="msdyn_playbookcategory" displayName="Playbook category" solution="msdyn_Playbook (9.0.2103.4000 )" />
        <Dependent type="62" schemaName="SalesHubSitemap" />
      </MissingDependency>
      <MissingDependency>
        <Required type="1" schemaName="msdyn_playbookcategory" displayName="Playbook category" solution="msdyn_Playbook (9.0.2103.4000 )" />
        <Dependent type="80" schemaName="msdynce_saleshub" displayName="Sales Hub" />
      </MissingDependency>
      <MissingDependency>
        <Required type="1" schemaName="msdyn_playbookinstance" displayName="Playbook" solution="msdyn_Playbook (9.0.2103.4000 )" />
        <Dependent type="80" schemaName="msdynce_saleshub" displayName="Sales Hub" />
      </MissingDependency>
      <MissingDependency>
        <Required type="1" schemaName="msdyn_playbooktemplate" displayName="Playbook template" solution="msdyn_Playbook (9.0.2103.4000 )" />
        <Dependent type="62" schemaName="SalesHubSitemap" />
      </MissingDependency>
      <MissingDependency>
        <Required type="1" schemaName="msdyn_playbooktemplate" displayName="Playbook template" solution="msdyn_Playbook (9.0.2103.4000 )" />
        <Dependent type="80" schemaName="msdynce_saleshub" displayName="Sales Hub" />
      </MissingDependency>
      <MissingDependency>
        <Required type="1" schemaName="opportunity" displayName="Opportunity" solution="msdynce_Sales (9.0.4.0076)" />
        <Dependent type="60" displayName="Account" parentDisplayName="Account" id="{8448b78f-8f42-454e-8e2a-f8196b0419af}" />
      </MissingDependency>
      <MissingDependency>
        <Required type="1" schemaName="opportunity" displayName="Opportunity" solution="msdynce_Sales (9.0.4.0076)" />
        <Dependent type="62" schemaName="SalesHubSitemap" />
      </MissingDependency>
      <MissingDependency>
        <Required type="1" schemaName="opportunity" displayName="Opportunity" solution="msdynce_Sales (9.0.4.0076)" />
        <Dependent type="80" schemaName="msdynce_saleshub" displayName="Sales Hub" />
      </MissingDependency>
      <MissingDependency>
        <Required type="1" schemaName="opportunityclose" displayName="Opportunity Close" solution="msdynce_Sales (9.0.4.0076)" />
        <Dependent type="80" schemaName="msdynce_saleshub" displayName="Sales Hub" />
      </MissingDependency>
      <MissingDependency>
        <Required type="1" schemaName="opportunityproduct" displayName="Opportunity Product" solution="msdynce_Sales (9.0.4.0076)" />
        <Dependent type="80" schemaName="msdynce_saleshub" displayName="Sales Hub" />
      </MissingDependency>
      <MissingDependency>
        <Required type="1" schemaName="opportunitysalesprocess" displayName="Opportunity Sales Process" solution="msdynce_Sales (9.0.4.0076)" />
        <Dependent type="80" schemaName="msdynce_saleshub" displayName="Sales Hub" />
      </MissingDependency>
      <MissingDependency>
        <Required type="1" schemaName="phonetocaseprocess" displayName="Phone To Case Process" solution="msdynce_Service (9.0.5.56)" />
        <Dependent type="80" schemaName="msdynce_saleshub" displayName="Sales Hub" />
      </MissingDependency>
      <MissingDependency>
        <Required type="1" schemaName="pricelevel" displayName="Price List" solution="msdynce_ProductManagement (9.0.4.0066)" />
        <Dependent type="62" schemaName="SalesHubSitemap" />
      </MissingDependency>
      <MissingDependency>
        <Required type="1" schemaName="product" displayName="Product" solution="msdynce_ProductManagement (9.0.4.0066)" />
        <Dependent type="62" schemaName="SalesHubSitemap" />
      </MissingDependency>
      <MissingDependency>
        <Required type="1" schemaName="product" displayName="Product" solution="msdynce_ProductManagement (9.0.4.0066)" />
        <Dependent type="80" schemaName="msdynce_saleshub" displayName="Sales Hub" />
      </MissingDependency>
      <MissingDependency>
        <Required type="1" schemaName="productpricelevel" displayName="Price List Item" solution="msdynce_ProductManagement (9.0.4.0066)" />
        <Dependent type="80" schemaName="msdynce_saleshub" displayName="Sales Hub" />
      </MissingDependency>
      <MissingDependency>
        <Required type="1" schemaName="productsubstitute" displayName="Product Relationship" solution="msdynce_ProductManagement (9.0.4.0066)" />
        <Dependent type="80" schemaName="msdynce_saleshub" displayName="Sales Hub" />
      </MissingDependency>
      <MissingDependency>
        <Required type="1" schemaName="quote" displayName="Quote" solution="msdynce_Sales (9.0.4.0076)" />
        <Dependent type="62" schemaName="SalesHubSitemap" />
      </MissingDependency>
      <MissingDependency>
        <Required type="1" schemaName="quote" displayName="Quote" solution="msdynce_Sales (9.0.4.0076)" />
        <Dependent type="80" schemaName="msdynce_saleshub" displayName="Sales Hub" />
      </MissingDependency>
      <MissingDependency>
        <Required type="1" schemaName="quotedetail" displayName="Quote Product" solution="msdynce_Sales (9.0.4.0076)" />
        <Dependent type="80" schemaName="msdynce_saleshub" displayName="Sales Hub" />
      </MissingDependency>
      <MissingDependency>
        <Required type="1" schemaName="salesliterature" displayName="Sales Literature" solution="msdynce_Sales (9.0.4.0076)" />
        <Dependent type="62" schemaName="SalesHubSitemap" />
      </MissingDependency>
      <MissingDependency>
        <Required type="1" schemaName="salesorder" displayName="Order" solution="msdynce_Sales (9.0.4.0076)" />
        <Dependent type="62" schemaName="SalesHubSitemap" />
      </MissingDependency>
      <MissingDependency>
        <Required type="1" schemaName="salesorder" displayName="Order" solution="msdynce_Sales (9.0.4.0076)" />
        <Dependent type="80" schemaName="msdynce_saleshub" displayName="Sales Hub" />
      </MissingDependency>
      <MissingDependency>
        <Required type="1" schemaName="salesorderdetail" displayName="Order Product" solution="msdynce_Sales (9.0.4.0076)" />
        <Dependent type="80" schemaName="msdynce_saleshub" displayName="Sales Hub" />
      </MissingDependency>
      <MissingDependency>
        <Required type="1" schemaName="territory" displayName="Territory" solution="msdynce_AppCommon (9.0.4.0066)" />
        <Dependent type="62" schemaName="SalesHubSitemap" />
      </MissingDependency>
      <MissingDependency>
        <Required type="1" schemaName="territory" displayName="Territory" solution="msdynce_AppCommon (9.0.4.0066)" />
        <Dependent type="80" schemaName="msdynce_saleshub" displayName="Sales Hub" />
      </MissingDependency>
      <MissingDependency>
        <Required type="1" schemaName="uom" displayName="Unit" solution="msdynce_ProductManagement (9.0.4.0066)" />
        <Dependent type="80" schemaName="msdynce_saleshub" displayName="Sales Hub" />
      </MissingDependency>
      <MissingDependency>
        <Required type="1" schemaName="uomschedule" displayName="Unit Group" solution="msdynce_ProductManagement (9.0.4.0066)" />
        <Dependent type="62" schemaName="SalesHubSitemap" />
      </MissingDependency>
      <MissingDependency>
        <Required type="1" schemaName="uomschedule" displayName="Unit Group" solution="msdynce_ProductManagement (9.0.4.0066)" />
        <Dependent type="80" schemaName="msdynce_saleshub" displayName="Sales Hub" />
      </MissingDependency>
      <MissingDependency>
        <Required type="2" schemaName="originatingleadid" displayName="Originating Lead" parentSchemaName="account" parentDisplayName="Account" solution="msdynce_LeadManagement (9.0.4.0066)" />
        <Dependent type="60" displayName="Account" parentDisplayName="Account" id="{8448b78f-8f42-454e-8e2a-f8196b0419af}" />
      </MissingDependency>
      <MissingDependency>
        <Required type="26" schemaName="All Cases for Customer" displayName="All Cases for Customer" parentSchemaName="incident" parentDisplayName="Case" solution="msdynce_Service (9.0.5.56)" id="{00000000-0000-0000-00aa-000010001039}" />
        <Dependent type="60" displayName="Account" parentDisplayName="Account" id="{8448b78f-8f42-454e-8e2a-f8196b0419af}" />
      </MissingDependency>
      <MissingDependency>
        <Required type="26" schemaName="My Open Opportunities" displayName="My Open Opportunities" parentSchemaName="opportunity" parentDisplayName="Opportunity" solution="msdynce_Sales (9.0.4.0076)" id="{00000000-0000-0000-00aa-000010003000}" />
        <Dependent type="60" displayName="Account" parentDisplayName="Account" id="{8448b78f-8f42-454e-8e2a-f8196b0419af}" />
      </MissingDependency>
      <MissingDependency>
        <Required type="26" schemaName="Account Entitlements" displayName="Account Entitlements" parentSchemaName="entitlement" parentDisplayName="Entitlement" solution="msdynce_Service (9.0.5.56)" id="{961bf8aa-042f-4f4d-bcca-935bfc9a6994}" />
        <Dependent type="60" displayName="Account" parentDisplayName="Account" id="{8448b78f-8f42-454e-8e2a-f8196b0419af}" />
      </MissingDependency>
      <MissingDependency>
        <Required type="26" schemaName="Recent Opportunities" displayName="Recent Opportunities" parentSchemaName="opportunity" parentDisplayName="Opportunity" solution="msdynce_Sales (9.0.4.0076)" id="{9c3f7ee8-eca7-e211-9fb6-00155dd0ea05}" />
        <Dependent type="60" displayName="Account" parentDisplayName="Account" id="{8448b78f-8f42-454e-8e2a-f8196b0419af}" />
      </MissingDependency>
      <MissingDependency>
        <Required type="29" displayName="Phone to Case Process" solution="msdynce_Service (9.0.5.56)" id="{0ffbcde4-61c1-4355-aa89-aa1d7b2b8792}" />
        <Dependent type="80" schemaName="msdynce_saleshub" displayName="Sales Hub" />
      </MissingDependency>
      <MissingDependency>
        <Required type="29" displayName="Opportunity Sales Process" solution="msdynce_Sales (9.0.4.0076)" id="{3e8ebee6-a2bc-4451-9c5f-b146b085413a}" />
        <Dependent type="80" schemaName="msdynce_saleshub" displayName="Sales Hub" />
      </MissingDependency>
      <MissingDependency>
        <Required type="29" displayName="Lead to Opportunity Sales Process" solution="msdynce_Sales (9.0.4.0076)" id="{919e14d1-6489-4852-abd0-a63a6ecaac5d}" />
        <Dependent type="80" schemaName="msdynce_saleshub" displayName="Sales Hub" />
      </MissingDependency>
      <MissingDependency>
        <Required type="59" schemaName="Top Customers" displayName="Top Customers" parentSchemaName="opportunity" parentDisplayName="Opportunity" solution="msdynce_Sales (9.0.4.0076)" id="{8bc5fb18-48f2-4782-9e16-3d452fa4ddce}" />
        <Dependent type="60" displayName="Account" parentDisplayName="Account" id="{8448b78f-8f42-454e-8e2a-f8196b0419af}" />
      </MissingDependency>
      <MissingDependency>
        <Required type="60" displayName="Sales Performance Dashboard" solution="msdynce_Sales (9.0.4.0076)" id="{25b754f5-7563-df11-ae90-00155d2e3002}" />
        <Dependent type="80" schemaName="msdynce_saleshub" displayName="Sales Hub" />
      </MissingDependency>
      <MissingDependency>
        <Required type="60" displayName="Sales Activity Social Dashboard" solution="msdynce_Sales (9.0.4.0076)" id="{2701de60-8f2a-48a4-8262-4a35ca7441fa}" />
        <Dependent type="80" schemaName="msdynce_saleshub" displayName="Sales Hub" />
      </MissingDependency>
      <MissingDependency>
        <Required type="60" displayName="account contact card" parentDisplayName="Contact" solution="msdynce_AppCommon (9.0.4.0066)" id="{29de27bc-a257-4f29-99cf-bab4a84e688f}" />
        <Dependent type="60" displayName="Account" parentDisplayName="Account" id="{8448b78f-8f42-454e-8e2a-f8196b0419af}" />
      </MissingDependency>
      <MissingDependency>
        <Required type="60" displayName="Sales Activity Dashboard" solution="msdynce_Sales (9.0.4.0076)" id="{45f88f83-0e67-443b-bd05-81d49719f6b1}" />
        <Dependent type="80" schemaName="msdynce_saleshub" displayName="Sales Hub" />
      </MissingDependency>
      <MissingDependency>
        <Required type="60" displayName="Account" parentDisplayName="Account" solution="msdynce_AppCommon (9.0.4.0066)" id="{8448b78f-8f42-454e-8e2a-f8196b0419af}" />
        <Dependent type="60" displayName="Account" parentDisplayName="Account" id="{8448b78f-8f42-454e-8e2a-f8196b0419af}" />
      </MissingDependency>
      <MissingDependency>
        <Required type="60" displayName="Sales Dashboard" solution="msdynce_Sales (9.0.4.0076)" id="{d1f511a8-1ead-e211-bb72-00155da9a201}" />
        <Dependent type="80" schemaName="msdynce_saleshub" displayName="Sales Hub" />
      </MissingDependency>
      <MissingDependency>
        <Required type="61" schemaName="Forecasting/Images/msdyn_ForecastDefinitionEntityIcon.svg" displayName="Forecasting/Images/msdyn_ForecastDefinitionEntityIcon.svg" solution="msdyn_Forecasting (9.0.22052.10011)" />
        <Dependent type="62" schemaName="SalesHubSitemap" />
      </MissingDependency>
      <MissingDependency>
        <Required type="61" schemaName="Forecasting/Images/msdyn_ForecastInstanceEntityIcon.svg" displayName="Forecasting/Images/msdyn_ForecastInstanceEntityIcon.svg" solution="msdyn_Forecasting (9.0.22052.10011)" />
        <Dependent type="62" schemaName="SalesHubSitemap" />
      </MissingDependency>
      <MissingDependency>
        <Required type="61" schemaName="msdyn_/Account/AssetCommon.Account.Library.js" displayName="msdyn_/Account/AssetCommon.Account.Library.js" solution="msdyn_AssetCommon (1.0.26.9)" />
        <Dependent type="60" displayName="Account" parentDisplayName="Account" id="{8448b78f-8f42-454e-8e2a-f8196b0419af}" />
      </MissingDependency>
      <MissingDependency>
        <Required type="61" schemaName="msdyn_/Images/Area_Default_Icon.png" displayName="msdyn_/Images/Area_Default_Icon.png" solution="AppModuleWebResources (2.5)" />
        <Dependent type="62" schemaName="SalesHubSitemap" />
      </MissingDependency>
      <MissingDependency>
        <Required type="61" schemaName="msdyn_Dynamics_icons_Sales" displayName="msdyn_Dynamics_icons_Sales" solution="msdyn_SalesApp (9.0.22091.10001)" />
        <Dependent type="80" schemaName="msdynce_saleshub" displayName="Sales Hub" />
      </MissingDependency>
      <MissingDependency>
        <Required type="61" schemaName="Playbook/msdyn_/Images/SVG/PlaybookCategorySiteMapIcon.svg" displayName="Playbook/msdyn_/Images/SVG/PlaybookCategorySiteMapIcon.svg" solution="msdyn_Playbook (9.0.2103.4000 )" />
        <Dependent type="62" schemaName="SalesHubSitemap" />
      </MissingDependency>
      <MissingDependency>
        <Required type="61" schemaName="Playbook/msdyn_/Images/SVG/PlaybookSettingsIcon.svg" displayName="Playbook/msdyn_/Images/SVG/PlaybookSettingsIcon.svg" solution="msdyn_Playbook (9.0.2103.4000 )" />
        <Dependent type="62" schemaName="SalesHubSitemap" />
      </MissingDependency>
      <MissingDependency>
        <Required type="61" schemaName="Playbook/msdyn_/Images/SVG/PlaybookTemplateSiteMapIcon.svg" displayName="Playbook/msdyn_/Images/SVG/PlaybookTemplateSiteMapIcon.svg" solution="msdyn_Playbook (9.0.2103.4000 )" />
        <Dependent type="62" schemaName="SalesHubSitemap" />
      </MissingDependency>
      <MissingDependency>
        <Required type="61" schemaName="Sales/_imgs/goalmanagement/RollupQuery.svg" displayName="Sales/_imgs/goalmanagement/RollupQuery.svg" solution="msdynce_SalesPatch (9.0.1904.3002)" />
        <Dependent type="62" schemaName="SalesHubSitemap" />
      </MissingDependency>
      <MissingDependency>
        <Required type="61" schemaName="Sales/_imgs/partnerapps/PartnerApps.svg" displayName="Sales/_imgs/partnerapps/PartnerApps.svg" solution="msdynce_SalesPatch (9.0.1904.3002)" />
        <Dependent type="62" schemaName="SalesHubSitemap" />
      </MissingDependency>
      <MissingDependency>
        <Required type="61" schemaName="Sales/_imgs/productgrid/DiscountLists.svg" displayName="Sales/_imgs/productgrid/DiscountLists.svg" solution="msdynce_SalesPatch (9.0.1904.3002)" />
        <Dependent type="62" schemaName="SalesHubSitemap" />
      </MissingDependency>
      <MissingDependency>
        <Required type="61" schemaName="Sales/_imgs/productgrid/GoalMetrics.svg" displayName="Sales/_imgs/productgrid/GoalMetrics.svg" solution="msdynce_SalesPatch (9.0.1904.3002)" />
        <Dependent type="62" schemaName="SalesHubSitemap" />
      </MissingDependency>
      <MissingDependency>
        <Required type="61" schemaName="Sales/_imgs/productgrid/GoalSettings.svg" displayName="Sales/_imgs/productgrid/GoalSettings.svg" solution="msdynce_SalesPatch (9.0.1904.3002)" />
        <Dependent type="62" schemaName="SalesHubSitemap" />
      </MissingDependency>
      <MissingDependency>
        <Required type="61" schemaName="Sales/_imgs/productgrid/PriceLists.svg" displayName="Sales/_imgs/productgrid/PriceLists.svg" solution="msdynce_SalesPatch (9.0.1904.3002)" />
        <Dependent type="62" schemaName="SalesHubSitemap" />
      </MissingDependency>
      <MissingDependency>
        <Required type="61" schemaName="Sales/_imgs/productgrid/productCatalogSettings.svg" displayName="Sales/_imgs/productgrid/productCatalogSettings.svg" solution="msdynce_SalesPatch (9.0.1904.3002)" />
        <Dependent type="62" schemaName="SalesHubSitemap" />
      </MissingDependency>
      <MissingDependency>
        <Required type="61" schemaName="Sales/_imgs/productgrid/SalesTerritories.svg" displayName="Sales/_imgs/productgrid/SalesTerritories.svg" solution="msdynce_SalesPatch (9.0.1904.3002)" />
        <Dependent type="62" schemaName="SalesHubSitemap" />
      </MissingDependency>
      <MissingDependency>
        <Required type="61" schemaName="Sales/_imgs/productgrid/UnitGroups.svg" displayName="Sales/_imgs/productgrid/UnitGroups.svg" solution="msdynce_SalesPatch (9.0.1904.3002)" />
        <Dependent type="62" schemaName="SalesHubSitemap" />
      </MissingDependency>
      <MissingDependency>
        <Required type="61" schemaName="Sales/_imgs/saleAdminSetting/GsAnalyticsIcon.svg" displayName="Sales/_imgs/saleAdminSetting/GsAnalyticsIcon.svg" solution="msdynce_SalesPatch202001 (9.0.22084.10001)" />
        <Dependent type="62" schemaName="SalesHubSitemap" />
      </MissingDependency>
      <MissingDependency>
        <Required type="61" schemaName="Sales/_imgs/saleAdminSetting/GsChatCollabIcon.svg" displayName="Sales/_imgs/saleAdminSetting/GsChatCollabIcon.svg" solution="msdynce_SalesPatch202001 (9.0.22084.10001)" />
        <Dependent type="62" schemaName="SalesHubSitemap" />
      </MissingDependency>
      <MissingDependency>
        <Required type="61" schemaName="Sales/_imgs/saleAdminSetting/GsLinkedInIcon.svg" displayName="Sales/_imgs/saleAdminSetting/GsLinkedInIcon.svg" solution="msdynce_SalesPatch202001 (9.0.22084.10001)" />
        <Dependent type="62" schemaName="SalesHubSitemap" />
      </MissingDependency>
      <MissingDependency>
        <Required type="61" schemaName="Sales/_imgs/saleAdminSetting/GsLnOIcon.svg" displayName="Sales/_imgs/saleAdminSetting/GsLnOIcon.svg" solution="msdynce_SalesPatch202001 (9.0.22084.10001)" />
        <Dependent type="62" schemaName="SalesHubSitemap" />
      </MissingDependency>
      <MissingDependency>
        <Required type="61" schemaName="Sales/_imgs/saleAdminSetting/GsOverviewIcon.svg" displayName="Sales/_imgs/saleAdminSetting/GsOverviewIcon.svg" solution="msdynce_SalesPatch202001 (9.0.22084.10001)" />
        <Dependent type="62" schemaName="SalesHubSitemap" />
      </MissingDependency>
      <MissingDependency>
        <Required type="61" schemaName="Sales/_imgs/saleAdminSetting/GsProductivityToolsIcon.svg" displayName="Sales/_imgs/saleAdminSetting/GsProductivityToolsIcon.svg" solution="msdynce_SalesPatch202001 (9.0.22084.10001)" />
        <Dependent type="62" schemaName="SalesHubSitemap" />
      </MissingDependency>
      <MissingDependency>
        <Required type="61" schemaName="Sales/_imgs/saleAdminSetting/GsTeamsCallsIcon.svg" displayName="Sales/_imgs/saleAdminSetting/GsTeamsCallsIcon.svg" solution="msdynce_SalesPatch202001 (9.0.22084.10001)" />
        <Dependent type="62" schemaName="SalesHubSitemap" />
      </MissingDependency>
      <MissingDependency>
        <Required type="61" schemaName="Sales/_imgs/saleAdminSetting/InsightIcon.svg" displayName="Sales/_imgs/saleAdminSetting/InsightIcon.svg" solution="msdynce_SalesPatch202001 (9.0.22084.10001)" />
        <Dependent type="62" schemaName="SalesHubSitemap" />
      </MissingDependency>
      <MissingDependency>
        <Required type="61" schemaName="Sales/_imgs/saleAdminSetting/SettingsIcon.svg" displayName="Sales/_imgs/saleAdminSetting/SettingsIcon.svg" solution="msdynce_SalesPatch (9.0.1904.3002)" />
        <Dependent type="62" schemaName="SalesHubSitemap" />
      </MissingDependency>
      <MissingDependency>
        <Required type="62" schemaName="SalesHubSitemap" solution="msdyn_SalesApp (9.0.22091.10001)" />
        <Dependent type="62" schemaName="SalesHubSitemap" />
      </MissingDependency>
      <MissingDependency>
        <Required type="66" schemaName="MscrmControls.CardFeedContainer.CardFeedContainer" displayName="MscrmControls.CardFeedContainer.CardFeedContainer" solution="BaseCustomControlsCore (9.0.2209.2007)" />
        <Dependent type="60" displayName="Account" parentDisplayName="Account" id="{8448b78f-8f42-454e-8e2a-f8196b0419af}" />
      </MissingDependency>
      <MissingDependency>
        <Required type="66" schemaName="MscrmControls.PowerBIPCFControl" displayName="MscrmControls.PowerBIPCFControl" solution="BaseCustomControlsCore (9.0.2209.2007)" />
        <Dependent type="60" displayName="Account" parentDisplayName="Account" id="{8448b78f-8f42-454e-8e2a-f8196b0419af}" />
      </MissingDependency>
      <MissingDependency>
        <Required type="66" schemaName="msdyn_MscrmControls.TreeView.TreeViewControl" displayName="msdyn_MscrmControls.TreeView.TreeViewControl" solution="msdyn_AssetCommon (1.0.26.9)" />
        <Dependent type="60" displayName="Account" parentDisplayName="Account" id="{8448b78f-8f42-454e-8e2a-f8196b0419af}" />
      </MissingDependency>
      <MissingDependency>
        <Required type="80" schemaName="msdynce_saleshub" displayName="Sales Hub" solution="msdyn_SalesApp (9.0.22091.10001)" />
        <Dependent type="80" schemaName="msdynce_saleshub" displayName="Sales Hub" />
      </MissingDependency>
    </MissingDependencies>
  </SolutionManifest>
</ImportExportXml>