{"schemaVersion":"1.0","appDefinitionTemplate":{"id":"/providers/Microsoft.PowerApps/apps/","type":"Microsoft.PowerApps/apps","tags":{"minimumRequiredApiVersion":"2.2.0"},"properties":{"appVersion":"2019-10-15T10:57:36Z","lifeCycleId":"Published","createdByClientVersion":{"major":3,"minor":19093,"build":16,"revision":0,"majorRevision":0,"minorRevision":0},"minClientVersion":{"major":3,"minor":19093,"build":16,"revision":0,"majorRevision":0,"minorRevision":0},"backgroundColor":"rgba(0, 134, 208, 1)","backgroundImageUri":"/6337948775386318031/N6a49e946-4fea-4b78-a6ba-edf87f981169-logoSmallFile","displayName":"Training In A Day Registration","description":"Register for our hands on training events and learn more about the Power Platform","commitMessage":"","appUris":{"documentUri":{"value":"/6337948775386318031/Ndb417f26-1e4d-4247-b1bd-6d0bc9a294e0-document.msapp","readonlyValue":"/6337948775386318031/Ndb417f26-1e4d-4247-b1bd-6d0bc9a294e0-document.msapp"},"imageUris":[]},"createdTime":"0001-01-01T00:00:00Z","lastModifiedTime":"0001-01-01T00:00:00Z","sharedGroupsCount":0,"sharedUsersCount":0,"icons":{"smallIconUri":"/6337948775386318031/N679edff9-583b-482a-9e3c-2f1d65eb60c5-small.png","mediumIconUri":"/6337948775386318031/N3935e355-4c70-4a92-a1fe-c2775a519a25-medium.png","largeIconUri":"/6337948775386318031/N1d6d933f-362c-461c-900c-28175f6cec91-large.png","wideIconUri":"/6337948775386318031/N8e2cb867-f742-49f5-b347-b8e9802bd291-wide.png"},"connectionReferences":{"2e44dbcf-945e-4d29-ad79-74cd5fab8789":{"id":"6c9fc799-a1b6-4fe8-96f7-81ec43656f8e","displayName":"Office 365 Outlook","iconUri":"https://connectoricons-prod.azureedge.net/office365/icon_1.0.1272.1735.png","dataSources":["Office365"],"dependencies":[],"dependents":[],"parameterHints":{},"isOnPremiseConnection":false,"bypassConsent":false,"dataSets":{},"apiTier":"Standard","isCustomApiConnection":false},"2e077578-1e56-433c-a9c9-3f50c91d7415":{"id":"77664c30-5c4d-4d95-81b6-b3fc33d3c1bf","displayName":"Office 365 Users","iconUri":"https://connectoricons-prod.azureedge.net/office365users/icon_1.0.1258.1715.png","dataSources":["Office365Users"],"dependencies":[],"dependents":[],"parameterHints":{},"isOnPremiseConnection":false,"bypassConsent":false,"dataSets":{},"apiTier":"Standard","isCustomApiConnection":false}},"databaseReferences":{"default.cds":{"databaseDetails":{"referenceType":"Environmental","environmentName":"default.cds"},"dataSources":{"COE Settings":{"entitySetName":"admin_coesettingses","logicalName":"admin_coesettings"},"InADayEvents":{"entitySetName":"admin_inadayevents","logicalName":"admin_inadayevent"},"InADayAttendees":{"entitySetName":"admin_inadayattendeeses","logicalName":"admin_inadayattendees"}}}},"almMode":"Solution"},"appComponents":[]}}