{"schemaVersion":"1.0","appDefinitionTemplate":{"id":"/providers/Microsoft.PowerApps/apps/","type":"Microsoft.PowerApps/apps","tags":{"minimumRequiredApiVersion":"2.2.0"},"properties":{"appVersion":"2020-01-07T13:00:05Z","lifeCycleId":"Published","createdByClientVersion":{"major":3,"minor":19115,"build":0,"revision":0,"majorRevision":0,"minorRevision":0},"minClientVersion":{"major":3,"minor":19115,"build":0,"revision":0,"majorRevision":0,"minorRevision":0},"backgroundColor":"rgba(76, 74, 72, 1)","backgroundImageUri":"/16200142078311094838/Nd90ddc1b-1346-4fe7-9a9d-9ee2b1c63782-logoSmallFile","displayName":"Developer Compliance Center","description":"Portal for PowerApps creators to view their apps and submit more information to get better support from their Center of Excellence.","commitMessage":"","appUris":{"documentUri":{"value":"/16200142078311094838/N852d0507-5797-4262-b14a-cce333c96b0c-document.msapp","readonlyValue":"/16200142078311094838/N852d0507-5797-4262-b14a-cce333c96b0c-document.msapp"},"imageUris":[]},"createdTime":"0001-01-01T00:00:00Z","lastModifiedTime":"0001-01-01T00:00:00Z","sharedGroupsCount":0,"sharedUsersCount":0,"icons":{"smallIconUri":"/16200142078311094838/N49b1294a-77bc-4e44-87c6-a86aeed9e1b7-small.png","mediumIconUri":"/16200142078311094838/N6d8577c5-5e47-49c8-9105-8572767b904b-medium.png","largeIconUri":"/16200142078311094838/N2e290f9a-0c7e-44dd-bd4b-9ca64ddddb73-large.png","wideIconUri":"/16200142078311094838/N1f721498-21ab-4c67-8bb2-19c917edfa02-wide.png"},"connectionReferences":{"271d7114-707c-4aad-be98-6a34fd0dd6ff":{"id":"1f2a9fbe-9c5d-4ced-94d9-79010c3d5cce","displayName":"PowerApps for App Makers","iconUri":"https://connectoricons-prod.azureedge.net/powerappsforappmakers/icon_1.0.1257.1710.png","dataSources":["PowerAppsforAppMakers"],"dependencies":[],"dependents":[],"parameterHints":{},"isOnPremiseConnection":false,"bypassConsent":false,"dataSets":{},"apiTier":"Standard","isCustomApiConnection":false},"2e44dbcf-945e-4d29-ad79-74cd5fab8789":{"id":"6c9fc799-a1b6-4fe8-96f7-81ec43656f8e","displayName":"Office 365 Outlook","iconUri":"https://connectoricons-prod.azureedge.net/office365/icon_1.0.1297.1825.png","dataSources":["Office365"],"dependencies":[],"dependents":[],"parameterHints":{},"isOnPremiseConnection":false,"bypassConsent":false,"dataSets":{},"apiTier":"Standard","isCustomApiConnection":false},"2e077578-1e56-433c-a9c9-3f50c91d7415":{"id":"77664c30-5c4d-4d95-81b6-b3fc33d3c1bf","displayName":"Office 365 Users","iconUri":"https://connectoricons-prod.azureedge.net/office365users/icon_1.0.1293.1804.png","dataSources":["Office365Users"],"dependencies":[],"dependents":[],"parameterHints":{},"isOnPremiseConnection":false,"bypassConsent":false,"dataSets":{},"apiTier":"Standard","isCustomApiConnection":false}},"databaseReferences":{"default.cds":{"databaseDetails":{"referenceType":"Environmental","environmentName":"default.cds"},"dataSources":{"COE Settings":{"entitySetName":"admin_coesettingses","logicalName":"admin_coesettings"},"Environments":{"entitySetName":"admin_environments","logicalName":"admin_environment"},"Makers":{"entitySetName":"admin_makers","logicalName":"admin_maker"},"PowerApps Apps":{"entitySetName":"admin_apps","logicalName":"admin_app"}}}},"almMode":"Solution","performanceOptimizationEnabled":false},"isAppComponentLibrary":false,"appComponents":[]}}