<environmentvariabledefinition schemaname="admin_PowerPlatformMakeSecurityGroup">
  <description default="ID of Power Platform Make Security Group">
    <label description="ID of Power Platform Make Security Group" languagecode="1033" />
  </description>
  <displayname default="Power Platform Make Office 365 Group">
    <label description="Power Platform Make Office 365 Group" languagecode="1033" />
  </displayname>
  <introducedversion>1.16</introducedversion>
  <iscustomizable>1</iscustomizable>
  <isrequired>0</isrequired>
  <type>100000000</type>
</environmentvariabledefinition>