<ImportExportXml xmlns:xsi="http://www.w3.org/2001/XMLSchema-instance">
  <Entities></Entities>
  <Roles></Roles>
  <Workflows>
    <Workflow WorkflowId="{751183fc-db68-ea11-a811-000d3a31cf04}" Name="[Child] Admin | Sync Logs">
      <JsonFileName>/Workflows/ChildAdminSyncLogs-751183FC-DB68-EA11-A811-000D3A31CF04.json</JsonFileName>
      <Type>1</Type>
      <Subprocess>0</Subprocess>
      <Category>5</Category>
      <Mode>0</Mode>
      <Scope>4</Scope>
      <OnDemand>0</OnDemand>
      <TriggerOnCreate>0</TriggerOnCreate>
      <TriggerOnDelete>0</TriggerOnDelete>
      <AsyncAutodelete>0</AsyncAutodelete>
      <SyncWorkflowLogOnFailure>0</SyncWorkflowLogOnFailure>
      <StateCode>1</StateCode>
      <StatusCode>2</StatusCode>
      <RunAs>1</RunAs>
      <IsTransacted>1</IsTransacted>
      <IntroducedVersion>1.0</IntroducedVersion>
      <IsCustomizable>1</IsCustomizable>
      <BusinessProcessType>0</BusinessProcessType>
      <PrimaryEntity>none</PrimaryEntity>
      <LocalizedNames>
        <LocalizedName languagecode="1033" description="[Child] Admin | Sync Logs" />
      </LocalizedNames>
    </Workflow>
    <Workflow WorkflowId="{fa91974d-6e68-ea11-a811-000d3a31cf04}" Name="Admin | Sync Audit Logs">
      <JsonFileName>/Workflows/AdminSyncAuditLogs-FA91974D-6E68-EA11-A811-000D3A31CF04.json</JsonFileName>
      <Type>1</Type>
      <Subprocess>0</Subprocess>
      <Category>5</Category>
      <Mode>0</Mode>
      <Scope>4</Scope>
      <OnDemand>0</OnDemand>
      <TriggerOnCreate>0</TriggerOnCreate>
      <TriggerOnDelete>0</TriggerOnDelete>
      <AsyncAutodelete>0</AsyncAutodelete>
      <SyncWorkflowLogOnFailure>0</SyncWorkflowLogOnFailure>
      <StateCode>1</StateCode>
      <StatusCode>2</StatusCode>
      <RunAs>1</RunAs>
      <IsTransacted>1</IsTransacted>
      <IntroducedVersion>1.0</IntroducedVersion>
      <IsCustomizable>1</IsCustomizable>
      <BusinessProcessType>0</BusinessProcessType>
      <PrimaryEntity>none</PrimaryEntity>
      <LocalizedNames>
        <LocalizedName languagecode="1033" description="Admin | Sync Audit Logs" />
      </LocalizedNames>
    </Workflow>
  </Workflows>
  <FieldSecurityProfiles></FieldSecurityProfiles>
  <Templates />
  <EntityMaps />
  <EntityRelationships />
  <OrganizationSettings />
  <optionsets />
  <CustomControls />
  <EntityDataProviders />
  <Connectors>
    <Connector>
      <connectorid>de4da0c8-bd02-41df-b0da-bbe0290e8fb4</connectorid>
      <description>Connects to the Office 365 Management API.</description>
      <displayname>Office 365 Management API</displayname>
      <iconbrandcolor>#007ee5</iconbrandcolor>
      <name>admin_5Foffice-20365-20management-20api</name>
      <connectortype>1</connectortype>
      <openapidefinition>/Connector/admin_5Foffice-20365-20management-20api_openapidefinition.json</openapidefinition>
      <connectionparameters>/Connector/admin_5Foffice-20365-20management-20api_connectionparameters.json</connectionparameters>
      <policytemplateinstances>/Connector/admin_5Foffice-20365-20management-20api_policytemplateinstances.json</policytemplateinstances>
      <iconblob>/Connector/admin_5Foffice-20365-20management-20api_iconblob.Jpeg</iconblob>
    </Connector>
  </Connectors>
  <Languages>
    <Language>1033</Language>
  </Languages>
</ImportExportXml>