<ImportExportXml version="9.1.0.15342" SolutionPackageVersion="9.1" languagecode="1033" generatedBy="CrmLive" xmlns:xsi="http://www.w3.org/2001/XMLSchema-instance">
  <SolutionManifest>
    <UniqueName>ReleasePlanner</UniqueName>
    <LocalizedNames>
      <LocalizedName description="ReleasePlanner" languagecode="1033" />
    </LocalizedNames>
    <Descriptions />
    <Version>1.0.0.0</Version>
    <Managed>1</Managed>
    <Publisher>
      <UniqueName>msftmicrosoft</UniqueName>
      <LocalizedNames>
        <LocalizedName description="msftmicrosoft" languagecode="1033" />
      </LocalizedNames>
      <Descriptions>
        <Description description="msftmicrosoft" languagecode="1033" />
      </Descriptions>
      <EMailAddress xsi:nil="true"></EMailAddress>
      <SupportingWebsiteUrl xsi:nil="true"></SupportingWebsiteUrl>
      <CustomizationPrefix>msft</CustomizationPrefix>
      <CustomizationOptionValuePrefix>95160</CustomizationOptionValuePrefix>
      <Addresses>
        <Address>
          <AddressNumber>1</AddressNumber>
          <AddressTypeCode>1</AddressTypeCode>
          <City xsi:nil="true"></City>
          <County xsi:nil="true"></County>
          <Country xsi:nil="true"></Country>
          <Fax xsi:nil="true"></Fax>
          <FreightTermsCode xsi:nil="true"></FreightTermsCode>
          <ImportSequenceNumber xsi:nil="true"></ImportSequenceNumber>
          <Latitude xsi:nil="true"></Latitude>
          <Line1 xsi:nil="true"></Line1>
          <Line2 xsi:nil="true"></Line2>
          <Line3 xsi:nil="true"></Line3>
          <Longitude xsi:nil="true"></Longitude>
          <Name xsi:nil="true"></Name>
          <PostalCode xsi:nil="true"></PostalCode>
          <PostOfficeBox xsi:nil="true"></PostOfficeBox>
          <PrimaryContactName xsi:nil="true"></PrimaryContactName>
          <ShippingMethodCode>1</ShippingMethodCode>
          <StateOrProvince xsi:nil="true"></StateOrProvince>
          <Telephone1 xsi:nil="true"></Telephone1>
          <Telephone2 xsi:nil="true"></Telephone2>
          <Telephone3 xsi:nil="true"></Telephone3>
          <TimeZoneRuleVersionNumber xsi:nil="true"></TimeZoneRuleVersionNumber>
          <UPSZone xsi:nil="true"></UPSZone>
          <UTCOffset xsi:nil="true"></UTCOffset>
          <UTCConversionTimeZoneCode xsi:nil="true"></UTCConversionTimeZoneCode>
        </Address>
        <Address>
          <AddressNumber>2</AddressNumber>
          <AddressTypeCode>1</AddressTypeCode>
          <City xsi:nil="true"></City>
          <County xsi:nil="true"></County>
          <Country xsi:nil="true"></Country>
          <Fax xsi:nil="true"></Fax>
          <FreightTermsCode xsi:nil="true"></FreightTermsCode>
          <ImportSequenceNumber xsi:nil="true"></ImportSequenceNumber>
          <Latitude xsi:nil="true"></Latitude>
          <Line1 xsi:nil="true"></Line1>
          <Line2 xsi:nil="true"></Line2>
          <Line3 xsi:nil="true"></Line3>
          <Longitude xsi:nil="true"></Longitude>
          <Name xsi:nil="true"></Name>
          <PostalCode xsi:nil="true"></PostalCode>
          <PostOfficeBox xsi:nil="true"></PostOfficeBox>
          <PrimaryContactName xsi:nil="true"></PrimaryContactName>
          <ShippingMethodCode>1</ShippingMethodCode>
          <StateOrProvince xsi:nil="true"></StateOrProvince>
          <Telephone1 xsi:nil="true"></Telephone1>
          <Telephone2 xsi:nil="true"></Telephone2>
          <Telephone3 xsi:nil="true"></Telephone3>
          <TimeZoneRuleVersionNumber xsi:nil="true"></TimeZoneRuleVersionNumber>
          <UPSZone xsi:nil="true"></UPSZone>
          <UTCOffset xsi:nil="true"></UTCOffset>
          <UTCConversionTimeZoneCode xsi:nil="true"></UTCConversionTimeZoneCode>
        </Address>
      </Addresses>
    </Publisher>
    <RootComponents>
      <RootComponent type="1" schemaName="msdyn_helppage" behavior="1" />
      <RootComponent type="1" schemaName="msft_application" behavior="0" />
      <RootComponent type="1" schemaName="msft_applicationarea" behavior="0" />
      <RootComponent type="1" schemaName="msft_applicationoverview" behavior="0" />
      <RootComponent type="1" schemaName="msft_applicationstakeholder" behavior="0" />
      <RootComponent type="1" schemaName="msft_releasenoteshistory" behavior="0" />
      <RootComponent type="1" schemaName="msft_releaseplan" behavior="0" />
      <RootComponent type="1" schemaName="msft_releaseplanattachment" behavior="0" />
      <RootComponent type="1" schemaName="msft_releasewave" behavior="0" />
      <RootComponent type="9" schemaName="msft_applicationstakeholderrole" behavior="0" />
      <RootComponent type="9" schemaName="msft_featureplan" behavior="0" />
      <RootComponent type="9" schemaName="msft_itemtype" behavior="0" />
      <RootComponent type="9" schemaName="msft_releasenotestatus" behavior="0" />
      <RootComponent type="9" schemaName="msft_releasestatus" behavior="0" />
      <RootComponent type="20" id="{2ba7b8af-6c73-ea11-a811-000d3a563be2}" behavior="0" />
      <RootComponent type="20" id="{adc58c9d-6c73-ea11-a811-000d3a563be2}" behavior="0" />
      <RootComponent type="20" id="{dc0762c3-6c73-ea11-a811-000d3a563be2}" behavior="0" />
      <RootComponent type="29" id="{53ad58d0-837a-ea11-a812-000d3a5bbe28}" behavior="0" />
      <RootComponent type="29" id="{911e1d57-5a7a-ea11-a812-000d3a5bbe28}" behavior="0" />
      <RootComponent type="29" id="{965aa4e8-5d7a-ea11-a812-000d3a5bbe28}" behavior="0" />
      <RootComponent type="29" id="{9d27108e-687a-ea11-a812-000d3a3b478b}" behavior="0" />
      <RootComponent type="29" id="{a14f73c9-1274-ea11-a811-000d3a579c34}" behavior="0" />
      <RootComponent type="29" id="{d24b2c45-1274-ea11-a811-000d3a579c34}" behavior="0" />
      <RootComponent type="29" id="{df7d2a02-f57e-ea11-a812-000d3a3b478b}" behavior="0" />
      <RootComponent type="60" id="{02120f0e-a31d-4b6c-a5b4-627e72f2d3af}" behavior="0" />
      <RootComponent type="60" id="{396bfcd6-1a1b-4bb9-a524-d10fe1905870}" behavior="0" />
      <RootComponent type="60" id="{4bfb791c-97a6-4be9-b5b4-ac2934209e10}" behavior="0" />
      <RootComponent type="60" id="{7c62cbb2-54df-4bdf-aff0-644cbef6a203}" behavior="0" />
      <RootComponent type="60" id="{945f6f3b-cf28-46b2-a0cd-b0e72021f312}" behavior="0" />
      <RootComponent type="60" id="{be273183-8775-46a9-9b61-e1d435d64751}" behavior="0" />
      <RootComponent type="60" id="{c5ea659d-cadb-4662-b676-534c098a4afd}" behavior="0" />
      <RootComponent type="60" id="{c82413c8-d047-415f-842b-b6be645c1fd5}" behavior="0" />
      <RootComponent type="60" id="{e959a0e5-9b32-4ee5-8b78-236c741ead87}" behavior="0" />
      <RootComponent type="60" id="{f6c86d52-30c6-4f47-848c-30c48d74cb93}" behavior="0" />
      <RootComponent type="61" schemaName="msft_GenerateWordDocRibbon" behavior="0" />
      <RootComponent type="61" schemaName="msft_icon_application_area_svg" behavior="0" />
      <RootComponent type="61" schemaName="msft_icon_application_overview_svg" behavior="0" />
      <RootComponent type="61" schemaName="msft_icon_application_stakeholder_svg" behavior="0" />
      <RootComponent type="61" schemaName="msft_icon_application_svg" behavior="0" />
      <RootComponent type="61" schemaName="msft_icon_release_plan_svg" behavior="0" />
      <RootComponent type="61" schemaName="msft_icon_release_wave_svg" behavior="0" />
      <RootComponent type="61" schemaName="msft_OdataUtils" behavior="0" />
      <RootComponent type="61" schemaName="msft_releaseplan.js" behavior="0" />
      <RootComponent type="62" schemaName="msft_ReleasePlanner" behavior="0" />
      <RootComponent type="66" schemaName="msft_msft.UploadImageToolV1" behavior="0" />
      <RootComponent type="80" schemaName="msft_ReleasePlanner" behavior="0" />
    </RootComponents>
    <MissingDependencies>
      <MissingDependency>
        <Required key="0" type="1" schemaName="msdyn_helppage" displayName="Help Page" solution="msdyn_ContextualHelp (1.0.0.10)" />
        <Dependent key="0" type="1" schemaName="msdyn_helppage" displayName="Help Page" />
      </MissingDependency>
      <MissingDependency>
        <Required key="0" type="1" schemaName="msdyn_helppage" displayName="Help Page" solution="msdyn_ContextualHelp (1.0.0.10)" />
        <Dependent key="1" type="msdyn_helppage" id="{84ac94a1-ba88-ea11-a812-000d3a3b478b}" />
      </MissingDependency>
      <MissingDependency>
        <Required key="0" type="1" schemaName="msdyn_helppage" displayName="Help Page" solution="msdyn_ContextualHelp (1.0.0.10)" />
        <Dependent key="2" type="msdyn_helppage" id="{14ae9029-f888-ea11-a812-000d3a3b478b}" />
      </MissingDependency>
      <MissingDependency>
        <Required key="0" type="1" schemaName="msdyn_helppage" displayName="Help Page" solution="msdyn_ContextualHelp (1.0.0.10)" />
        <Dependent key="3" type="msdyn_helppage" id="{3f91a519-8589-ea11-a812-000d3a3b478b}" />
      </MissingDependency>
      <MissingDependency>
        <Required key="0" type="1" schemaName="msdyn_helppage" displayName="Help Page" solution="msdyn_ContextualHelp (1.0.0.10)" />
        <Dependent key="4" type="msdyn_helppage" id="{5780b080-f788-ea11-a812-000d3a3b478b}" />
      </MissingDependency>
      <MissingDependency>
        <Required key="0" type="1" schemaName="msdyn_helppage" displayName="Help Page" solution="msdyn_ContextualHelp (1.0.0.10)" />
        <Dependent key="5" type="msdyn_helppage" id="{53f92dee-f788-ea11-a812-000d3a3b478b}" />
      </MissingDependency>
      <MissingDependency>
        <Required key="0" type="1" schemaName="msdyn_helppage" displayName="Help Page" solution="msdyn_ContextualHelp (1.0.0.10)" />
        <Dependent key="6" type="msdyn_helppage" id="{1d8a6b72-a889-ea11-a812-000d3a3b478b}" />
      </MissingDependency>
      <MissingDependency>
        <Required key="7" type="1" schemaName="product" displayName="Product" solution="msdynce_ProductManagement (9.0.4.0066)" />
        <Dependent key="8" type="29" displayName="Generate Release Plans Word document" id="{53ad58d0-837a-ea11-a812-000d3a5bbe28}" />
      </MissingDependency>
      <MissingDependency>
        <Required key="7" type="1" schemaName="product" displayName="Product" solution="msdynce_ProductManagement (9.0.4.0066)" />
        <Dependent key="9" type="10" schemaName="msft_product_msft_application" displayName="msft_product_msft_application" parentSchemaName="product" parentDisplayName="Product" />
      </MissingDependency>
      <MissingDependency>
        <Required key="10" type="2" schemaName="productid" displayName="Product" parentSchemaName="product" parentDisplayName="Product" solution="msdynce_ProductManagement (9.0.4.0066)" />
        <Dependent key="9" type="10" schemaName="msft_product_msft_application" displayName="msft_product_msft_application" parentSchemaName="product" parentDisplayName="Product" />
      </MissingDependency>
      <MissingDependency>
        <Required key="11" type="2" schemaName="name" displayName="Name" parentSchemaName="product" parentDisplayName="Product" solution="msdynce_ProductManagement (9.0.4.0066)" />
        <Dependent key="9" type="10" schemaName="msft_product_msft_application" displayName="msft_product_msft_application" parentSchemaName="product" parentDisplayName="Product" />
      </MissingDependency>
      <MissingDependency>
        <Required key="11" type="2" schemaName="name" displayName="Name" parentSchemaName="product" parentDisplayName="Product" solution="msdynce_ProductManagement (9.0.4.0066)" />
        <Dependent key="12" type="10" schemaName="msft_product_msft_application_HierarchyProduct" displayName="msft_product_msft_application_HierarchyProduct" parentSchemaName="product" parentDisplayName="Product" />
      </MissingDependency>
      <MissingDependency>
        <Required key="11" type="2" schemaName="name" displayName="Name" parentSchemaName="product" parentDisplayName="Product" solution="msdynce_ProductManagement (9.0.4.0066)" />
        <Dependent key="13" type="10" schemaName="msft_product_msft_application_Product" displayName="msft_product_msft_application_Product" parentSchemaName="product" parentDisplayName="Product" />
      </MissingDependency>
      <MissingDependency>
        <Required key="14" type="66" schemaName="MscrmControls.FlipSwitch.FlipSwitchControl" displayName="MscrmControls.FlipSwitch.FlipSwitchControl" solution="CustomControlsCore (9.1.0000.15342)" />
        <Dependent key="15" type="60" displayName="Contributor Form" parentDisplayName="Application Overview" id="{7c62cbb2-54df-4bdf-aff0-644cbef6a203}" />
      </MissingDependency>
      <MissingDependency>
        <Required key="14" type="66" schemaName="MscrmControls.FlipSwitch.FlipSwitchControl" displayName="MscrmControls.FlipSwitch.FlipSwitchControl" solution="CustomControlsCore (9.1.0000.15342)" />
        <Dependent key="16" type="60" displayName="Information" parentDisplayName="Application" id="{f6c86d52-30c6-4f47-848c-30c48d74cb93}" />
      </MissingDependency>
      <MissingDependency>
        <Required key="14" type="66" schemaName="MscrmControls.FlipSwitch.FlipSwitchControl" displayName="MscrmControls.FlipSwitch.FlipSwitchControl" solution="CustomControlsCore (9.1.0000.15342)" />
        <Dependent key="17" type="60" displayName="Contributor Form" parentDisplayName="Release Plan" id="{c82413c8-d047-415f-842b-b6be645c1fd5}" />
      </MissingDependency>
      <MissingDependency>
        <Required key="14" type="66" schemaName="MscrmControls.FlipSwitch.FlipSwitchControl" displayName="MscrmControls.FlipSwitch.FlipSwitchControl" solution="CustomControlsCore (9.1.0000.15342)" />
        <Dependent key="18" type="60" displayName="Reviewer Form" parentDisplayName="Application Area" id="{945f6f3b-cf28-46b2-a0cd-b0e72021f312}" />
      </MissingDependency>
      <MissingDependency>
        <Required key="14" type="66" schemaName="MscrmControls.FlipSwitch.FlipSwitchControl" displayName="MscrmControls.FlipSwitch.FlipSwitchControl" solution="CustomControlsCore (9.1.0000.15342)" />
        <Dependent key="19" type="60" displayName="Contributor Form" parentDisplayName="Application Area" id="{396bfcd6-1a1b-4bb9-a524-d10fe1905870}" />
      </MissingDependency>
      <MissingDependency>
        <Required key="14" type="66" schemaName="MscrmControls.FlipSwitch.FlipSwitchControl" displayName="MscrmControls.FlipSwitch.FlipSwitchControl" solution="CustomControlsCore (9.1.0000.15342)" />
        <Dependent key="20" type="60" displayName="Reviewer Form" parentDisplayName="Application Overview" id="{4bfb791c-97a6-4be9-b5b4-ac2934209e10}" />
      </MissingDependency>
      <MissingDependency>
        <Required key="14" type="66" schemaName="MscrmControls.FlipSwitch.FlipSwitchControl" displayName="MscrmControls.FlipSwitch.FlipSwitchControl" solution="CustomControlsCore (9.1.0000.15342)" />
        <Dependent key="21" type="60" displayName="Reviewer Form" parentDisplayName="Release Plan" id="{e959a0e5-9b32-4ee5-8b78-236c741ead87}" />
      </MissingDependency>
      <MissingDependency>
        <Required key="22" type="61" schemaName="msdyn_/Images/AppModule_Default_Icon.png" displayName="msdyn_/Images/AppModule_Default_Icon.png" solution="AppModuleWebResources (2.5)" />
        <Dependent key="23" type="80" schemaName="msft_ReleasePlanner" displayName="Release Planner" />
      </MissingDependency>
    </MissingDependencies>
  </SolutionManifest>
</ImportExportXml>