{"properties":{"connectionReferences":{},"definition":{"$schema":"https://schema.management.azure.com/providers/Microsoft.Logic/schemas/2016-06-01/workflowdefinition.json#","contentVersion":"1.0.0.0","parameters":{"$authentication":{"defaultValue":{},"type":"SecureObject"}},"triggers":{"manual":{"type":"Request","kind":"Http","inputs":{"schema":{"type":"object","properties":{"productid":{"type":"string"},"releasetype":{"type":"integer"},"docownerreviewed":{"type":"boolean"}}}}}},"actions":{"Init_IncludeAllPlans":{"runAfter":{},"type":"InitializeVariable","inputs":{"variables":[{"name":"IncludeAllPlans","type":"boolean","value":"@true"}]}},"Init_FilterCriteria":{"runAfter":{"Init_IncludeAllPlans":["Succeeded"]},"type":"InitializeVariable","inputs":{"variables":[{"name":"FilterCriteria","type":"String"}]}},"IncludeAllPlans_equals_True":{"actions":{"Set_No_Filter_criteria":{"runAfter":{},"type":"SetVariable","inputs":{"name":"FilterCriteria","value":"and (msft_publishedreleasenote eq true) and (msft_reviewed eq  @{triggerBody()?['docownerreviewed']}) and (statuscode eq 1)"}}},"runAfter":{"Init_FilterCriteria":["Succeeded"]},"else":{"actions":{"Set_Filter_criteria_to_a_value":{"runAfter":{},"type":"SetVariable","inputs":{"name":"FilterCriteria","value":"and ((msft_actualreleasedate ge 2019-10-01T00:00:00.000Z or msft_estimatedreleasedate ge 2019-10-01T00:00:00.000Z) and (msft_estimatedreleasedate le 2020-03-31T00:00:00.000Z or msft_actualreleasedate le 2020-03-31T00:00:00.000Z)) and (msft_publishedreleasenote eq true) and (msft_reviewed eq  @{triggerBody()?['docownerreviewed']}) and (statuscode eq 1)"}}}},"expression":{"equals":["@variables('IncludeAllPlans')","@true"]},"type":"If"},"Response":{"runAfter":{"IncludeAllPlans_equals_True":["Succeeded"]},"type":"Response","kind":"Http","inputs":{"statusCode":200,"body":{"criteria":"@replace(replace(variables('FilterCriteria'), 'True', 'true'), 'False', 'false')"}}}},"outputs":{}}},"schemaVersion":"1.0.0.0"}