<environmentvariabledefinition schemaname="admin_AdminMail">
  <defaultvalue>adelev@pplatform.onmicrosoft.com</defaultvalue>
  <description default="CoE Admin eMail">
    <label description="CoE Admin eMail" languagecode="1033" />
  </description>
  <displayname default="Admin eMail">
    <label description="Admin eMail" languagecode="1033" />
  </displayname>
  <introducedversion>1.62</introducedversion>
  <iscustomizable>1</iscustomizable>
  <isrequired>0</isrequired>
  <type>100000000</type>
</environmentvariabledefinition>