{"properties":{"connectionReferences":{"shared_powerappsforadmins_1":{"runtimeSource":"embedded","connection":{},"api":{"name":"shared_powerappsforadmins"}},"shared_flowmanagement_1":{"runtimeSource":"embedded","connection":{},"api":{"name":"shared_flowmanagement"}},"shared_office365users_1":{"runtimeSource":"embedded","connection":{},"api":{"name":"shared_office365users"}},"shared_commondataservice_4":{"runtimeSource":"embedded","connection":{},"api":{"name":"shared_commondataservice"}},"shared_powerplatformforadmins":{"runtimeSource":"embedded","connection":{},"api":{"name":"shared_powerplatformforadmins"}},"shared_powerappsforappmakers_1":{"runtimeSource":"embedded","connection":{},"api":{"name":"shared_powerappsforappmakers"}},"shared_commondataservice_1":{"runtimeSource":"embedded","connection":{},"api":{"name":"shared_commondataservice"}}},"definition":{"$schema":"https://schema.management.azure.com/providers/Microsoft.Logic/schemas/2016-06-01/workflowdefinition.json#","contentVersion":"1.0.0.0","parameters":{"$connections":{"defaultValue":{},"type":"Object"},"$authentication":{"defaultValue":{},"type":"SecureObject"}},"triggers":{"Recurrence":{"recurrence":{"frequency":"Day","interval":1,"schedule":{"hours":["0"]}},"type":"Recurrence"}},"actions":{"Apply_to_each_Environment":{"foreach":"@body('Get_Environments')?['value']","actions":{"Get_Apps_as_Admin":{"runAfter":{"Check_if_SYSTEM_created_Environment":["Succeeded"]},"metadata":{"flowSystemMetadata":{"swaggerOperationId":"Get-AdminApps"}},"type":"ApiConnection","inputs":{"host":{"connection":{"name":"@parameters('$connections')['shared_powerappsforadmins_1']['connectionId']"}},"method":"get","path":"/providers/Microsoft.PowerApps/scopes/admin/environments/@{encodeURIComponent(items('Apply_to_each_Environment')?['name'])}/apps","queries":{"api-version":"2018-10-01","$top":1000},"authentication":"@parameters('$authentication')"},"runtimeConfiguration":{"paginationPolicy":{"minimumItemCount":10000}}},"Get_Custom_Connectors_as_Admin":{"runAfter":{"Check_if_SYSTEM_created_Environment":["Succeeded"]},"metadata":{"flowSystemMetadata":{"swaggerOperationId":"Get-AdminConnectors"}},"type":"ApiConnection","inputs":{"host":{"connection":{"name":"@parameters('$connections')['shared_powerappsforadmins_1']['connectionId']"}},"method":"get","path":"/providers/Microsoft.PowerApps/scopes/admin/environments/@{encodeURIComponent(items('Apply_to_each_Environment')?['name'])}/apis","queries":{"api-version":"2018-10-01"},"authentication":"@parameters('$authentication')"}},"List_Flows_as_Admin":{"runAfter":{"Check_if_SYSTEM_created_Environment":["Succeeded"]},"metadata":{"flowSystemMetadata":{"swaggerOperationId":"ListFlowsInEnvironment"}},"type":"ApiConnection","inputs":{"host":{"connection":{"name":"@parameters('$connections')['shared_flowmanagement_1']['connectionId']"}},"method":"get","path":"/scopes/admin/environments/@{encodeURIComponent(items('Apply_to_each_Environment')?['name'])}/flows","authentication":"@parameters('$authentication')"},"runtimeConfiguration":{"paginationPolicy":{"minimumItemCount":10000}}},"Apply_to_each_App":{"foreach":"@body('Get_Apps_as_Admin')?['value']","actions":{"Upsert_App_Details":{"actions":{"Get_PowerApp_Maker_profile":{"runAfter":{},"metadata":{"flowSystemMetadata":{"swaggerOperationId":"UserProfile_V2"}},"type":"ApiConnection","inputs":{"host":{"connection":{"name":"@parameters('$connections')['shared_office365users_1']['connectionId']"}},"method":"get","path":"/codeless/v1.0/users/@{encodeURIComponent(items('Apply_to_each_App')?['properties']?['owner']?['id'])}","authentication":"@parameters('$authentication')"}},"Upsert_App_Maker_record":{"runAfter":{"Get_PowerApp_Maker_profile":["Succeeded"]},"metadata":{"flowSystemMetadata":{"swaggerOperationId":"PatchItem_V2"}},"type":"ApiConnection","inputs":{"host":{"connection":{"name":"@parameters('$connections')['shared_commondataservice_4']['connectionId']"}},"method":"patch","body":{"admin_displayname":"@body('Get_PowerApp_Maker_profile')?['displayName']","admin_city":"@body('Get_PowerApp_Maker_profile')?['city']","admin_country":"@body('Get_PowerApp_Maker_profile')?['country']","admin_department":"@body('Get_PowerApp_Maker_profile')?['department']","admin_jobtitle":"@body('Get_PowerApp_Maker_profile')?['jobTitle']","admin_userprincipalname":"@items('Apply_to_each_App')?['properties']?['owner']?['userPrincipalName']"},"path":"/v2/datasets/@{encodeURIComponent(encodeURIComponent('default.cds'))}/tables/@{encodeURIComponent(encodeURIComponent('admin_makers'))}/items/@{encodeURIComponent(encodeURIComponent(items('Apply_to_each_App')?['properties']?['owner']?['id']))}","authentication":"@parameters('$authentication')"}},"Upsert_App_record_(abandoned_app)":{"runAfter":{"Get_PowerApp_Maker_profile":["Failed"]},"metadata":{"flowSystemMetadata":{"swaggerOperationId":"PatchItem_V2"}},"type":"ApiConnection","inputs":{"host":{"connection":{"name":"@parameters('$connections')['shared_commondataservice_4']['connectionId']"}},"method":"patch","body":{"admin_displayname":"@items('Apply_to_each_App')?['properties']?['displayName']","admin_appsharedgroups":"@items('Apply_to_each_App')?['properties']?['sharedGroupsCount']","admin_appsharedusers":"@items('Apply_to_each_App')?['properties']?['sharedUsersCount']","admin_appcreatedon":"@items('Apply_to_each_App')?['properties']?['createdTime']","admin_appdescription":"@items('Apply_to_each_App')?['properties']?['description']","admin_appenvironmentdisplayname":"@items('Apply_to_each_Environment')?['properties']?['displayName']","admin_appiconuri":"@items('Apply_to_each_App')?['properties']?['backgroundImageUri']","admin_appmodifiedon":"@items('Apply_to_each_App')?['properties']?['lastModifiedTime']","admin_apppublished":"@{items('Apply_to_each_App')?['properties']?['lastPublishTime']}","admin_powerappstype":597910000,"admin_iconbackgroundcolor":"@items('Apply_to_each_App')?['properties']?['backgroundColor']","admin_recordmodified":"@variables('today')","_admin_appenvironment_value":"@{outputs('Remove_any_Environment_prefix')}","_ownerid_type":""},"path":"/v2/datasets/@{encodeURIComponent(encodeURIComponent('default.cds'))}/tables/@{encodeURIComponent(encodeURIComponent('admin_apps'))}/items/@{encodeURIComponent(encodeURIComponent(items('Apply_to_each_App')?['name']))}","authentication":"@parameters('$authentication')"}},"Upsert_App_record":{"runAfter":{"Upsert_App_Maker_record":["Succeeded"]},"metadata":{"flowSystemMetadata":{"swaggerOperationId":"PatchItem_V2"}},"type":"ApiConnection","inputs":{"host":{"connection":{"name":"@parameters('$connections')['shared_commondataservice_4']['connectionId']"}},"method":"patch","body":{"admin_displayname":"@items('Apply_to_each_App')?['properties']?['displayName']","admin_appsharedgroups":"@items('Apply_to_each_App')?['properties']?['sharedGroupsCount']","admin_appsharedusers":"@items('Apply_to_each_App')?['properties']?['sharedUsersCount']","_admin_appowner_value":"@body('Upsert_App_Maker_record')?['admin_makerid']","admin_appcreatedon":"@items('Apply_to_each_App')?['properties']?['createdTime']","admin_appdescription":"@items('Apply_to_each_App')?['properties']?['description']","admin_appenvironmentdisplayname":"@items('Apply_to_each_Environment')?['properties']?['displayName']","admin_appiconuri":"@items('Apply_to_each_App')?['properties']?['backgroundImageUri']","admin_appmodifiedon":"@items('Apply_to_each_App')?['properties']?['lastModifiedTime']","admin_appownerdisplayname":"@items('Apply_to_each_App')?['properties']?['owner']?['displayName']","admin_apppublished":"@{items('Apply_to_each_App')?['properties']?['lastPublishTime']}","admin_powerappstype":597910000,"admin_iconbackgroundcolor":"@items('Apply_to_each_App')?['properties']?['backgroundColor']","admin_recordmodified":"@variables('today')","_admin_appenvironment_value":"@{outputs('Remove_any_Environment_prefix')}"},"path":"/v2/datasets/@{encodeURIComponent(encodeURIComponent('default.cds'))}/tables/@{encodeURIComponent(encodeURIComponent('admin_apps'))}/items/@{encodeURIComponent(encodeURIComponent(items('Apply_to_each_App')?['name']))}","authentication":"@parameters('$authentication')"}}},"runAfter":{},"type":"Scope"},"Apply_to_each_existing_connection":{"foreach":"@body('Filter_App_Connection_References')","actions":{"Delete_Connection":{"runAfter":{},"metadata":{"flowSystemMetadata":{"swaggerOperationId":"DeleteItem"}},"type":"ApiConnection","inputs":{"host":{"connection":{"name":"@parameters('$connections')['shared_commondataservice_4']['connectionId']"}},"method":"delete","path":"/datasets/@{encodeURIComponent(encodeURIComponent('default.cds'))}/tables/@{encodeURIComponent(encodeURIComponent('admin_connectionreferences'))}/items/@{encodeURIComponent(encodeURIComponent(items('Apply_to_each_existing_connection')?['admin_connectionreferenceid']))}","authentication":"@parameters('$authentication')"}}},"runAfter":{"Filter_App_Connection_References":["Succeeded"]},"type":"Foreach","runtimeConfiguration":{"concurrency":{"repetitions":50}}},"Check_if_Connection_References_are_not_null":{"actions":{"Apply_to_each_Connection_Reference":{"foreach":"@items('Apply_to_each_App')?['properties']?['connectionReferences']","actions":{"Create_a_new_App_Connection":{"runAfter":{"Filter_current_app_Connector":["Succeeded"]},"metadata":{"flowSystemMetadata":{"swaggerOperationId":"PostItem_V2"}},"type":"ApiConnection","inputs":{"host":{"connection":{"name":"@parameters('$connections')['shared_commondataservice_4']['connectionId']"}},"method":"post","body":{"admin_displayname":"@items('Apply_to_each_Connection_Reference')?['displayName']","_admin_app_value":"@items('Apply_to_each_App')?['name']","_admin_connector_value":"@{first(body('Filter_current_app_Connector'))?['admin_connectorid']}","_ownerid_type":""},"path":"/v2/datasets/@{encodeURIComponent(encodeURIComponent('default.cds'))}/tables/@{encodeURIComponent(encodeURIComponent('admin_connectionreferences'))}/items","authentication":"@parameters('$authentication')"}},"Filter_current_app_Connector":{"runAfter":{},"type":"Query","inputs":{"from":"@body('List_Connectors')?['value']","where":"@equals(item()?['admin_displayname'], items('Apply_to_each_Connection_Reference')?['displayName'])"}}},"runAfter":{},"type":"Foreach","runtimeConfiguration":{"concurrency":{"repetitions":50}}}},"runAfter":{"Apply_to_each_existing_connection":["Succeeded"]},"expression":{"not":{"equals":["@items('Apply_to_each_App')?['properties']?['connectionReferences']","@null"]}},"type":"If"},"Filter_App_Connection_References":{"runAfter":{"Upsert_App_Details":["Succeeded","Failed"]},"type":"Query","inputs":{"from":"@body('List_Existing_Connection_References')?['value']","where":"@equals(item()?['_admin_app_value'], items('Apply_to_each_App')?['name'])"}}},"runAfter":{"Get_Apps_as_Admin":["Succeeded"]},"type":"Foreach","runtimeConfiguration":{"concurrency":{"repetitions":50}}},"Apply_to_each_Connector":{"foreach":"@body('Get_Custom_Connectors_as_Admin')?['value']","actions":{"GET_connector_swagger_JSON":{"runAfter":{},"type":"Http","inputs":{"method":"GET","uri":"@items('Apply_to_each_Connector')?['properties']?['apiDefinitions']?['modifiedSwaggerUrl']"}},"Parse_swagger_JSON":{"runAfter":{"GET_connector_swagger_JSON":["Succeeded"]},"type":"ParseJson","inputs":{"content":"@body('GET_connector_swagger_JSON')","schema":{"type":"object","properties":{"swagger":{"type":"string"},"info":{"type":"object","properties":{"version":{"type":"string"},"title":{"type":"string"},"description":{"type":"string"}}},"host":{"type":"string"},"basePath":{"type":"string"},"schemes":{"type":"array","items":{"type":"string"}},"consumes":{"type":"array"},"produces":{"type":"array","items":{"type":"string"}},"definitions":{"type":"object","properties":{}},"parameters":{"type":"object","properties":{}},"responses":{"type":"object","properties":{}},"securityDefinitions":{"type":"object","properties":{"basic_auth":{"type":"object","properties":{"type":{"type":"string"}}}}},"security":{"type":"array"},"tags":{"type":"array"}}}}},"Find_connector_record":{"runAfter":{"Parse_swagger_JSON":["Succeeded"]},"metadata":{"flowSystemMetadata":{"swaggerOperationId":"GetItems_V2"}},"type":"ApiConnection","inputs":{"host":{"connection":{"name":"@parameters('$connections')['shared_commondataservice_4']['connectionId']"}},"method":"get","path":"/v2/datasets/@{encodeURIComponent(encodeURIComponent('default.cds'))}/tables/@{encodeURIComponent(encodeURIComponent('admin_connectors'))}/items","queries":{"$filter":"admin_displayname eq '@{items('Apply_to_each_Connector')?['properties']?['displayName']}'"},"authentication":"@parameters('$authentication')"}},"Compose_connector_upsert_guid":{"runAfter":{"Find_connector_record":["Succeeded"]},"type":"Compose","inputs":"@if(empty(body('Find_connector_record')?['value']),guid(),first(body('Find_connector_record')?['value'])?['admin_connectorid'])"},"Update_Custom_Connector_record":{"runAfter":{"Upsert_Connector_Maker_record":["Succeeded"]},"metadata":{"flowSystemMetadata":{"swaggerOperationId":"PatchItem_V2"}},"type":"ApiConnection","inputs":{"host":{"connection":{"name":"@parameters('$connections')['shared_commondataservice_4']['connectionId']"}},"method":"patch","body":{"admin_displayname":"@items('Apply_to_each_Connector')?['properties']?['displayName']","admin_name":"@items('Apply_to_each_Connector')?['name']","admin_backgroundcolor":"@items('Apply_to_each_Connector')?['properties']?['iconBrandColor']","admin_connectorcreateddatetime":"@items('Apply_to_each_Connector')?['properties']?['createdTime']","admin_connectorcreatordisplayname":"@items('Apply_to_each_Connector')?['properties']?['createdBy']?['displayName']","admin_environmentdisplayname":"@items('Apply_to_each_Environment')?['properties']?['displayName']","admin_iconuri":"@items('Apply_to_each_Connector')?['properties']?['iconUri']","admin_connectormodified":"@items('Apply_to_each_Connector')?['properties']?['changedTime']","admin_customconnectorhost":"@body('Parse_swagger_JSON')?['host']","admin_iscustomapi":true,"admin_recordmodified":"@variables('today')","_admin_maker_value":"@items('Apply_to_each_Connector')?['properties']?['createdBy']?['id']","_ownerid_type":""},"path":"/v2/datasets/@{encodeURIComponent(encodeURIComponent('default.cds'))}/tables/@{encodeURIComponent(encodeURIComponent('admin_connectors'))}/items/@{encodeURIComponent(encodeURIComponent(outputs('Compose_connector_upsert_guid')))}","authentication":"@parameters('$authentication')"}},"Get_Connector_creator's_user_profile":{"runAfter":{"Compose_connector_upsert_guid":["Succeeded"]},"metadata":{"flowSystemMetadata":{"swaggerOperationId":"UserProfile_V2"}},"type":"ApiConnection","inputs":{"host":{"connection":{"name":"@parameters('$connections')['shared_office365users_1']['connectionId']"}},"method":"get","path":"/codeless/v1.0/users/@{encodeURIComponent(items('Apply_to_each_Connector')?['properties']?['createdBy']?['id'])}","authentication":"@parameters('$authentication')"}},"Upsert_Custom_Connector_record_(abandoned)":{"runAfter":{"Get_Connector_creator's_user_profile":["Failed"]},"metadata":{"flowSystemMetadata":{"swaggerOperationId":"PatchItem_V2"}},"type":"ApiConnection","inputs":{"host":{"connection":{"name":"@parameters('$connections')['shared_commondataservice_4']['connectionId']"}},"method":"patch","body":{"admin_displayname":"@items('Apply_to_each_Connector')?['properties']?['displayName']","admin_name":"@items('Apply_to_each_Connector')?['name']","admin_backgroundcolor":"@items('Apply_to_each_Connector')?['properties']?['iconBrandColor']","admin_connectorcreateddatetime":"@items('Apply_to_each_Connector')?['properties']?['createdTime']","admin_connectorcreatordisplayname":"@items('Apply_to_each_Connector')?['properties']?['createdBy']?['displayName']","admin_environmentdisplayname":"@items('Apply_to_each_Environment')?['properties']?['displayName']","admin_iconuri":"@items('Apply_to_each_Connector')?['properties']?['iconUri']","admin_connectormodified":"@items('Apply_to_each_Connector')?['properties']?['changedTime']","admin_customconnectorhost":"@body('Parse_swagger_JSON')?['host']","admin_iscustomapi":true,"admin_recordmodified":"@variables('today')","_ownerid_type":""},"path":"/v2/datasets/@{encodeURIComponent(encodeURIComponent('default.cds'))}/tables/@{encodeURIComponent(encodeURIComponent('admin_connectors'))}/items/@{encodeURIComponent(encodeURIComponent(outputs('Compose_connector_upsert_guid')))}","authentication":"@parameters('$authentication')"}},"Upsert_Connector_Maker_record":{"runAfter":{"Get_Connector_creator's_user_profile":["Succeeded"]},"metadata":{"flowSystemMetadata":{"swaggerOperationId":"PatchItem_V2"}},"type":"ApiConnection","inputs":{"host":{"connection":{"name":"@parameters('$connections')['shared_commondataservice_4']['connectionId']"}},"method":"patch","body":{"admin_displayname":"@body('Get_Connector_creator''s_user_profile')?['displayName']","admin_city":"@body('Get_Connector_creator''s_user_profile')?['city']","admin_country":"@body('Get_Connector_creator''s_user_profile')?['country']","admin_department":"@body('Get_Connector_creator''s_user_profile')?['department']","admin_jobtitle":"@body('Get_Connector_creator''s_user_profile')?['jobTitle']","admin_userprincipalname":"@body('Get_Connector_creator''s_user_profile')?['userPrincipalName']","_ownerid_type":""},"path":"/v2/datasets/@{encodeURIComponent(encodeURIComponent('default.cds'))}/tables/@{encodeURIComponent(encodeURIComponent('admin_makers'))}/items/@{encodeURIComponent(encodeURIComponent(items('Apply_to_each_Connector')?['properties']?['createdBy']?['id']))}","authentication":"@parameters('$authentication')"}}},"runAfter":{"Get_Custom_Connectors_as_Admin":["Succeeded"]},"type":"Foreach","runtimeConfiguration":{"concurrency":{"repetitions":50}}},"Apply_to_each_Flow":{"foreach":"@body('List_Flows_as_Admin')?['value']","actions":{"Apply_to_each_Flow_Connection":{"foreach":"@body('Filter_Flow_Connection_References')","actions":{"Delete_a_record":{"runAfter":{},"metadata":{"flowSystemMetadata":{"swaggerOperationId":"DeleteItem"}},"type":"ApiConnection","inputs":{"host":{"connection":{"name":"@parameters('$connections')['shared_commondataservice_4']['connectionId']"}},"method":"delete","path":"/datasets/@{encodeURIComponent(encodeURIComponent('default.cds'))}/tables/@{encodeURIComponent(encodeURIComponent('admin_connectionreferences'))}/items/@{encodeURIComponent(encodeURIComponent(items('Apply_to_each_Flow_Connection')?['admin_connectionreferenceid']))}","authentication":"@parameters('$authentication')"}}},"runAfter":{"Filter_Flow_Connection_References":["Succeeded"]},"type":"Foreach","runtimeConfiguration":{"concurrency":{"repetitions":50}}},"Get_Flow_as_Admin":{"runAfter":{},"metadata":{"flowSystemMetadata":{"swaggerOperationId":"AdminGetFlow"}},"type":"ApiConnection","inputs":{"host":{"connection":{"name":"@parameters('$connections')['shared_flowmanagement_1']['connectionId']"}},"method":"get","path":"/scopes/admin/environments/@{encodeURIComponent(items('Apply_to_each_Environment')?['name'])}/flows/@{encodeURIComponent(items('Apply_to_each_Flow')?['name'])}","authentication":"@parameters('$authentication')"}},"Check_if_Flow_Connection_References_are_not_null":{"actions":{"Apply_to_each_Flow_Connection_Reference":{"foreach":"@body('Get_Flow_as_Admin')?['properties']?['connectionReferences']","actions":{"Create_a_new_Flow_Connection_Reference":{"runAfter":{"Filter_Flow_Connector":["Succeeded"]},"metadata":{"flowSystemMetadata":{"swaggerOperationId":"PostItem_V2"}},"type":"ApiConnection","inputs":{"host":{"connection":{"name":"@parameters('$connections')['shared_commondataservice_4']['connectionId']"}},"method":"post","body":{"admin_displayname":"@items('Apply_to_each_Flow_Connection_Reference')?['apiDefinition']?['properties']?['displayName']","_admin_connector_value":"@{first(body('Filter_Flow_Connector'))?['admin_connectorid']}","_admin_flow_value":"@items('Apply_to_each_Flow')?['name']","_ownerid_type":""},"path":"/v2/datasets/@{encodeURIComponent(encodeURIComponent('default.cds'))}/tables/@{encodeURIComponent(encodeURIComponent('admin_connectionreferences'))}/items","authentication":"@parameters('$authentication')"}},"Filter_Flow_Connector":{"runAfter":{},"type":"Query","inputs":{"from":"@body('List_Connectors')?['value']","where":"@equals(item()?['admin_displayname'], items('Apply_to_each_Flow_Connection_Reference')?['apiDefinition']?['properties']?['displayName'])"}}},"runAfter":{},"type":"Foreach","runtimeConfiguration":{"concurrency":{"repetitions":50}}}},"runAfter":{"Apply_to_each_Flow_Connection":["Succeeded"]},"expression":{"not":{"equals":["@body('Get_Flow_as_Admin')?['properties']?['connectionReferences']","@null"]}},"type":"If"},"Upsert_Flow_Details":{"actions":{"Get_Flow_Creator_profile":{"runAfter":{},"metadata":{"flowSystemMetadata":{"swaggerOperationId":"UserProfile_V2"}},"type":"ApiConnection","inputs":{"host":{"connection":{"name":"@parameters('$connections')['shared_office365users_1']['connectionId']"}},"method":"get","path":"/codeless/v1.0/users/@{encodeURIComponent(items('Apply_to_each_Flow')?['properties']?['creator']?['objectId'])}","authentication":"@parameters('$authentication')"}},"Upsert_Flow_Maker":{"runAfter":{"Get_Flow_Creator_profile":["Succeeded"]},"metadata":{"flowSystemMetadata":{"swaggerOperationId":"PatchItem_V2"}},"type":"ApiConnection","inputs":{"host":{"connection":{"name":"@parameters('$connections')['shared_commondataservice_4']['connectionId']"}},"method":"patch","body":{"admin_displayname":"@body('Get_Flow_Creator_profile')?['displayName']","admin_city":"@body('Get_Flow_Creator_profile')?['city']","admin_country":"@body('Get_Flow_Creator_profile')?['country']","admin_department":"@body('Get_Flow_Creator_profile')?['department']","admin_jobtitle":"@body('Get_Flow_Creator_profile')?['jobTitle']","admin_userprincipalname":"@body('Get_Flow_Creator_profile')?['userPrincipalName']","_ownerid_type":""},"path":"/v2/datasets/@{encodeURIComponent(encodeURIComponent('default.cds'))}/tables/@{encodeURIComponent(encodeURIComponent('admin_makers'))}/items/@{encodeURIComponent(encodeURIComponent(body('Get_Flow_as_Admin')?['properties']?['creator']?['objectId']))}","authentication":"@parameters('$authentication')"}},"Upsert_Flow_record":{"runAfter":{"Upsert_Flow_Maker":["Succeeded"]},"metadata":{"flowSystemMetadata":{"swaggerOperationId":"PatchItem_V2"}},"type":"ApiConnection","inputs":{"host":{"connection":{"name":"@parameters('$connections')['shared_commondataservice_4']['connectionId']"}},"method":"patch","body":{"admin_displayname":"@items('Apply_to_each_Flow')?['properties']?['displayName']","_admin_flowenvironment_value":"@{outputs('Remove_any_Environment_prefix')}","admin_flowcreatedon":"@items('Apply_to_each_Flow')?['properties']?['createdTime']","admin_flowenvironmentdisplayname":"@items('Apply_to_each_Environment')?['properties']?['createdBy']?['displayName']","admin_flowmodifiedon":"@items('Apply_to_each_Flow')?['properties']?['lastModifiedTime']","admin_recordmodified":"@variables('today')","_admin_flowcreator_value":"@body('Get_Flow_as_Admin')?['properties']?['creator']?['objectId']","_ownerid_type":""},"path":"/v2/datasets/@{encodeURIComponent(encodeURIComponent('default.cds'))}/tables/@{encodeURIComponent(encodeURIComponent('admin_flows'))}/items/@{encodeURIComponent(encodeURIComponent(items('Apply_to_each_Flow')?['name']))}","authentication":"@parameters('$authentication')"}},"Upsert_Flow_record_(creator_not_found)":{"runAfter":{"Get_Flow_Creator_profile":["Failed"]},"metadata":{"flowSystemMetadata":{"swaggerOperationId":"PatchItem_V2"}},"type":"ApiConnection","inputs":{"host":{"connection":{"name":"@parameters('$connections')['shared_commondataservice_4']['connectionId']"}},"method":"patch","body":{"admin_displayname":"@items('Apply_to_each_Flow')?['properties']?['displayName']","_admin_flowenvironment_value":"@{outputs('Remove_any_Environment_prefix')}","admin_flowcreatedon":"@items('Apply_to_each_Flow')?['properties']?['createdTime']","admin_flowenvironmentdisplayname":"@items('Apply_to_each_Environment')?['properties']?['createdBy']?['displayName']","admin_flowmakerdisplayname":"Unknown","admin_flowmodifiedon":"@items('Apply_to_each_Flow')?['properties']?['lastModifiedTime']","admin_recordmodified":"@variables('today')","_ownerid_type":""},"path":"/v2/datasets/@{encodeURIComponent(encodeURIComponent('default.cds'))}/tables/@{encodeURIComponent(encodeURIComponent('admin_flows'))}/items/@{encodeURIComponent(encodeURIComponent(items('Apply_to_each_Flow')?['name']))}","authentication":"@parameters('$authentication')"}}},"runAfter":{"Get_Flow_as_Admin":["Succeeded"]},"type":"Scope"},"Filter_Flow_Connection_References":{"runAfter":{"Upsert_Flow_Details":["Succeeded","Failed"]},"type":"Query","inputs":{"from":"@body('List_Existing_Connection_References')?['value']","where":"@equals(item()?['_admin_flow_value'], items('Apply_to_each_Flow')?['name'])"}}},"runAfter":{"List_Flows_as_Admin":["Succeeded"]},"type":"Foreach","runtimeConfiguration":{"concurrency":{"repetitions":50}}},"Condition:_Check_if_Environment_has_CDS_for_Apps":{"actions":{"List_Model_Driven_Apps":{"runAfter":{},"metadata":{"flowSystemMetadata":{"swaggerOperationId":"GetItems_V2"}},"type":"ApiConnection","inputs":{"host":{"connection":{"name":"@parameters('$connections')['shared_commondataservice_4']['connectionId']"}},"method":"get","path":"/v2/datasets/@{encodeURIComponent(encodeURIComponent(items('Apply_to_each_Environment')?['properties']?['linkedEnvironmentMetadata']?['uniqueName'],'.',first(split(items('Apply_to_each_Environment')?['properties']?['linkedEnvironmentMetadata']?['hostNameSuffix'],'.'))))}/tables/@{encodeURIComponent(encodeURIComponent('appmodules'))}/items","authentication":"@parameters('$authentication')"}},"Apply_to_each_Model_Driven_App":{"foreach":"@body('List_Model_Driven_Apps')?['value']","actions":{"Parse_Model_Driven_App_JSON":{"runAfter":{},"type":"ParseJson","inputs":{"content":"@items('Apply_to_each_Model_Driven_App')","schema":{"type":"object","properties":{"@@odata.id":{"type":"string"},"@@odata.etag":{"type":"string"},"ItemInternalId":{"type":"string"},"overwritetime":{"type":"string"},"isfeatured":{"type":"boolean"},"_organizationid_value":{"type":"string"},"_organizationid_type":{"type":"string"},"descriptor":{"type":"string"},"solutionid":{"type":"string"},"uniquename":{"type":"string"},"formfactor":{"type":"integer"},"ismanaged":{"type":"boolean"},"appmoduleidunique":{"type":"string"},"navigationtype":{"type":"integer"},"_navigationtype_label":{"type":"string"},"appmoduleid":{"type":"string"},"createdon":{"type":"string"},"componentstate":{"type":"integer"},"_componentstate_label":{"type":"string"},"modifiedon":{"type":"string"},"_modifiedby_value":{"type":"string"},"_modifiedby_type":{"type":"string"},"versionnumber":{"type":"integer"},"webresourceid":{"type":"string"},"isdefault":{"type":"boolean"},"name":{"type":"string"},"_createdby_value":{"type":"string"},"_createdby_type":{"type":"string"}}}}},"Get_MDD_App_Creator":{"runAfter":{"Parse_Model_Driven_App_JSON":["Succeeded"]},"metadata":{"flowSystemMetadata":{"swaggerOperationId":"GetItem_V2"}},"type":"ApiConnection","inputs":{"host":{"connection":{"name":"@parameters('$connections')['shared_commondataservice_4']['connectionId']"}},"method":"get","path":"/v2/datasets/@{encodeURIComponent(encodeURIComponent(items('Apply_to_each_Environment')?['properties']?['linkedEnvironmentMetadata']?['uniqueName'],'.',first(split(items('Apply_to_each_Environment')?['properties']?['linkedEnvironmentMetadata']?['hostNameSuffix'],'.'))))}/tables/@{encodeURIComponent(encodeURIComponent('systemusers'))}/items/@{encodeURIComponent(encodeURIComponent(body('Parse_Model_Driven_App_JSON')?['_createdby_value']))}","authentication":"@parameters('$authentication')"}},"Check_if_made_by_System":{"actions":{"Upsert_Model_Driven_App_(created_by_SYSTEM)":{"runAfter":{},"metadata":{"flowSystemMetadata":{"swaggerOperationId":"PatchItem_V2"}},"type":"ApiConnection","inputs":{"host":{"connection":{"name":"@parameters('$connections')['shared_commondataservice_4']['connectionId']"}},"method":"patch","body":{"admin_displayname":"@body('Parse_Model_Driven_App_JSON')?['name']","admin_appcreatedon":"@body('Parse_Model_Driven_App_JSON')?['createdon']","admin_appmodifiedon":"@body('Parse_Model_Driven_App_JSON')?['modifiedon']","admin_appownerdisplayname":"SYSTEM","admin_powerappstype":597910001,"admin_recordmodified":"@variables('today')","_admin_appenvironment_value":"@{outputs('Remove_any_Environment_prefix')}","_ownerid_type":""},"path":"/v2/datasets/@{encodeURIComponent(encodeURIComponent('default.cds'))}/tables/@{encodeURIComponent(encodeURIComponent('admin_apps'))}/items/@{encodeURIComponent(encodeURIComponent(body('Parse_Model_Driven_App_JSON')?['ItemInternalId']))}","authentication":"@parameters('$authentication')"}}},"runAfter":{"Get_MDD_App_Creator":["Succeeded"]},"else":{"actions":{"Get_user_profile_(V2)":{"runAfter":{},"metadata":{"flowSystemMetadata":{"swaggerOperationId":"UserProfile_V2"}},"type":"ApiConnection","inputs":{"host":{"connection":{"name":"@parameters('$connections')['shared_office365users_1']['connectionId']"}},"method":"get","path":"/codeless/v1.0/users/@{encodeURIComponent(body('Get_MDD_App_Creator')?['azureactivedirectoryobjectid'])}","authentication":"@parameters('$authentication')"}},"Upsert_Model_Driven_App":{"runAfter":{"Upsert_Model_Driven_App_Maker":["Succeeded"]},"metadata":{"flowSystemMetadata":{"swaggerOperationId":"PatchItem_V2"}},"type":"ApiConnection","inputs":{"host":{"connection":{"name":"@parameters('$connections')['shared_commondataservice_4']['connectionId']"}},"method":"patch","body":{"admin_displayname":"@body('Parse_Model_Driven_App_JSON')?['name']","_admin_appowner_value":"@body('Get_user_profile_(V2)')?['id']","admin_appcreatedon":"@body('Parse_Model_Driven_App_JSON')?['createdon']","admin_appmodifiedon":"@body('Parse_Model_Driven_App_JSON')?['modifiedon']","admin_powerappstype":597910001,"admin_recordmodified":"@variables('today')","_admin_appenvironment_value":"@{outputs('Remove_any_Environment_prefix')}","_ownerid_type":""},"path":"/v2/datasets/@{encodeURIComponent(encodeURIComponent('default.cds'))}/tables/@{encodeURIComponent(encodeURIComponent('admin_apps'))}/items/@{encodeURIComponent(encodeURIComponent(body('Parse_Model_Driven_App_JSON')?['ItemInternalId']))}","authentication":"@parameters('$authentication')"}},"Upsert_Model_Driven_App_Maker":{"runAfter":{"Get_user_profile_(V2)":["Succeeded","Failed"]},"metadata":{"flowSystemMetadata":{"swaggerOperationId":"PatchItem_V2"}},"type":"ApiConnection","inputs":{"host":{"connection":{"name":"@parameters('$connections')['shared_commondataservice_4']['connectionId']"}},"method":"patch","body":{"admin_displayname":"@body('Get_user_profile_(V2)')?['displayName']","admin_city":"@body('Get_user_profile_(V2)')?['city']","admin_country":"@body('Get_user_profile_(V2)')?['country']","admin_department":"@body('Get_user_profile_(V2)')?['department']","admin_jobtitle":"@body('Get_user_profile_(V2)')?['jobTitle']","admin_userprincipalname":"@body('Get_user_profile_(V2)')?['userPrincipalName']","_ownerid_type":""},"path":"/v2/datasets/@{encodeURIComponent(encodeURIComponent('default.cds'))}/tables/@{encodeURIComponent(encodeURIComponent('admin_makers'))}/items/@{encodeURIComponent(encodeURIComponent(body('Get_user_profile_(V2)')?['id']))}","authentication":"@parameters('$authentication')"}}}},"expression":{"equals":["@body('Get_MDD_App_Creator')?['fullname']","SYSTEM"]},"type":"If"}},"runAfter":{"List_Model_Driven_Apps":["Succeeded"]},"type":"Foreach","runtimeConfiguration":{"concurrency":{"repetitions":50}}}},"runAfter":{"Check_if_SYSTEM_created_Environment":["Skipped"]},"expression":{"not":{"equals":["@items('Apply_to_each_Environment')?['properties']?['linkedEnvironmentMetadata']","@null"]}},"type":"If"},"Remove_any_Environment_prefix":{"runAfter":{"Name_Length":["Succeeded"]},"type":"Compose","inputs":"@substring(items('Apply_to_each_Environment')?['name'], int(outputs('Name_Length')), 36)","description":"Returns the GUID without any prefix (right 36 chars)"},"Check_if_SYSTEM_created_Environment":{"actions":{"Upsert_Environment_(SYSTEM_maker)":{"runAfter":{},"metadata":{"flowSystemMetadata":{"swaggerOperationId":"PatchItem_V2"}},"type":"ApiConnection","inputs":{"host":{"connection":{"name":"@parameters('$connections')['shared_commondataservice_4']['connectionId']"}},"method":"patch","body":{"admin_displayname":"@items('Apply_to_each_Environment')?['properties']?['displayName']","admin_environmentcdsinstanceurl":"@items('Apply_to_each_Environment')?['properties']?['linkedEnvironmentMetadata']?['instanceUrl']","admin_environmentcreatedon":"@items('Apply_to_each_Environment')?['properties']?['createdTime']","admin_environmentmakerdisplayname":"@items('Apply_to_each_Environment')?['properties']?['createdBy']?['displayName']","admin_environmentmodifiedon":"@items('Apply_to_each_Environment')?['properties']?['lastModifiedTime']","admin_region":"@items('Apply_to_each_Environment')?['location']","admin_environmentsku":"@items('Apply_to_each_Environment')?['properties']?['environmentSku']","admin_environmentname":"@items('Apply_to_each_Environment')?['name']","admin_recordmodified":"@variables('today')","_admin_maker_value":"@variables('systemMaker')","_ownerid_type":""},"path":"/v2/datasets/@{encodeURIComponent(encodeURIComponent('default.cds'))}/tables/@{encodeURIComponent(encodeURIComponent('admin_environments'))}/items/@{encodeURIComponent(encodeURIComponent(outputs('Remove_any_Environment_prefix')))}","authentication":"@parameters('$authentication')"}}},"runAfter":{"Remove_any_Environment_prefix":["Succeeded"]},"else":{"actions":{"Upsert_Environment_Maker":{"runAfter":{},"metadata":{"flowSystemMetadata":{"swaggerOperationId":"PatchItem_V2"}},"type":"ApiConnection","inputs":{"host":{"connection":{"name":"@parameters('$connections')['shared_commondataservice_4']['connectionId']"}},"method":"patch","body":{"admin_displayname":"@items('Apply_to_each_Environment')?['properties']?['createdBy']?['displayName']","admin_userprincipalname":"@items('Apply_to_each_Environment')?['properties']?['createdBy']?['userPrincipalName']","_ownerid_type":""},"path":"/v2/datasets/@{encodeURIComponent(encodeURIComponent('default.cds'))}/tables/@{encodeURIComponent(encodeURIComponent('admin_makers'))}/items/@{encodeURIComponent(encodeURIComponent(items('Apply_to_each_Environment')?['properties']?['createdBy']?['id']))}","authentication":"@parameters('$authentication')"}},"Upsert_Environment":{"runAfter":{"Upsert_Environment_Maker":["Succeeded"]},"metadata":{"flowSystemMetadata":{"swaggerOperationId":"PatchItem_V2"}},"type":"ApiConnection","inputs":{"host":{"connection":{"name":"@parameters('$connections')['shared_commondataservice_4']['connectionId']"}},"method":"patch","body":{"admin_displayname":"@items('Apply_to_each_Environment')?['properties']?['displayName']","admin_environmentcdsinstanceurl":"@items('Apply_to_each_Environment')?['properties']?['linkedEnvironmentMetadata']?['instanceUrl']","admin_environmentcreatedon":"@items('Apply_to_each_Environment')?['properties']?['createdTime']","admin_environmentmakerdisplayname":"@items('Apply_to_each_Environment')?['properties']?['createdBy']?['displayName']","admin_environmentmodifiedon":"@items('Apply_to_each_Environment')?['properties']?['lastModifiedTime']","admin_region":"@items('Apply_to_each_Environment')?['location']","admin_environmentsku":"@items('Apply_to_each_Environment')?['properties']?['environmentSku']","admin_environmentname":"@items('Apply_to_each_Environment')?['name']","admin_recordmodified":"@variables('today')","_admin_maker_value":"@body('Upsert_Environment_Maker')?['admin_makerid']","_ownerid_type":""},"path":"/v2/datasets/@{encodeURIComponent(encodeURIComponent('default.cds'))}/tables/@{encodeURIComponent(encodeURIComponent('admin_environments'))}/items/@{encodeURIComponent(encodeURIComponent(items('Apply_to_each_Environment')?['name']))}","authentication":"@parameters('$authentication')"}}}},"expression":{"or":[{"equals":["@items('Apply_to_each_Environment')?['properties']?['createdBy']?['id']","SYSTEM"]},{"equals":["@items('Apply_to_each_Environment')?['properties']?['createdBy']?['displayName']","SYSTEM"]}]},"type":"If"},"Name_Length":{"runAfter":{},"type":"Compose","inputs":"@sub(length(items('Apply_to_each_Environment')?['name']),36)","description":"Returns the index where the GUID starts"}},"runAfter":{"List_Connectors":["Succeeded"]},"type":"Foreach","description":"Iterates through all the environments in the tenant","runtimeConfiguration":{"concurrency":{"repetitions":50}}},"Initialize_systemMaker":{"runAfter":{},"type":"InitializeVariable","inputs":{"variables":[{"name":"systemMaker","type":"String"}]},"description":"SYSTEM maker is used to identify the owner record for Environments generated by the system, such as the default environment"},"Initialize_today_variable":{"runAfter":{"Initialize_systemMaker":["Succeeded"]},"type":"InitializeVariable","inputs":{"variables":[{"name":"today","type":"String","value":"@{utcNow()}"}]},"description":"Used to identify the 'Record Modified' field on all resource entities"},"List_Makers":{"runAfter":{"Initialize_today_variable":["Succeeded"]},"metadata":{"flowSystemMetadata":{"swaggerOperationId":"GetItems_V2"}},"type":"ApiConnection","inputs":{"host":{"connection":{"name":"@parameters('$connections')['shared_commondataservice_4']['connectionId']"}},"method":"get","path":"/v2/datasets/@{encodeURIComponent(encodeURIComponent('default.cds'))}/tables/@{encodeURIComponent(encodeURIComponent('admin_makers'))}/items","authentication":"@parameters('$authentication')"},"runtimeConfiguration":{"paginationPolicy":{"minimumItemCount":10000}}},"Get_SYSTEM_record":{"runAfter":{"List_Existing_Connection_References":["Succeeded"]},"type":"Query","inputs":{"from":"@body('List_Makers')?['value']","where":"@equals(item()?['admin_displayname'], 'SYSTEM')"}},"Get_Environments":{"runAfter":{"Get_SYSTEM_record":["Succeeded"]},"metadata":{"flowSystemMetadata":{"swaggerOperationId":"Get-AdminEnvironment"}},"type":"ApiConnection","inputs":{"host":{"connection":{"name":"@parameters('$connections')['shared_powerplatformforadmins']['connectionId']"}},"method":"get","path":"/environments","queries":{"api-version":"2018-10-01"},"authentication":"@parameters('$authentication')"},"runtimeConfiguration":{"paginationPolicy":{"minimumItemCount":10000}}},"Get_Connectors":{"runAfter":{"Get_Environments":["Succeeded"]},"metadata":{"flowSystemMetadata":{"swaggerOperationId":"Get-Connectors"}},"type":"ApiConnection","inputs":{"host":{"connection":{"name":"@parameters('$connections')['shared_powerappsforappmakers_1']['connectionId']"}},"method":"get","path":"/providers/Microsoft.PowerApps/apis","queries":{"showApisWithToS":"true","$filter":"environment eq '@{first(body('Get_Environments')?['value'])?['name']}'","api-version":"2016-11-01"},"authentication":"@parameters('$authentication')"}},"Apply_to_each_Standard_Connector":{"foreach":"@body('Get_Connectors')?['value']","actions":{"Get_Connector_Record":{"runAfter":{},"metadata":{"flowSystemMetadata":{"swaggerOperationId":"GetItems_V2"}},"type":"ApiConnection","inputs":{"host":{"connection":{"name":"@parameters('$connections')['shared_commondataservice_4']['connectionId']"}},"method":"get","path":"/v2/datasets/@{encodeURIComponent(encodeURIComponent('default.cds'))}/tables/@{encodeURIComponent(encodeURIComponent('admin_connectors'))}/items","queries":{"$filter":"admin_name eq '@{items('Apply_to_each_Standard_Connector')?['name']}'"},"authentication":"@parameters('$authentication')"}},"Check_if_the_connector_is_custom":{"actions":{"Upsert_Connector_record":{"runAfter":{},"metadata":{"flowSystemMetadata":{"swaggerOperationId":"PatchItem_V2"}},"type":"ApiConnection","inputs":{"host":{"connection":{"name":"@parameters('$connections')['shared_commondataservice_1']['connectionId']"}},"method":"patch","body":{"admin_displayname":"@items('Apply_to_each_Standard_Connector')?['properties']?['displayName']","admin_name":"@items('Apply_to_each_Standard_Connector')?['name']","admin_backgroundcolor":"@items('Apply_to_each_Standard_Connector')?['properties']?['metadata']?['brandColor']","admin_iconuri":"@items('Apply_to_each_Standard_Connector')?['properties']?['iconUri']","admin_connectormodified":"@items('Apply_to_each_Standard_Connector')?['properties']?['changedTime']","admin_iscustomapi":false,"admin_recordmodified":"@variables('today')","_ownerid_type":""},"path":"/v2/datasets/@{encodeURIComponent(encodeURIComponent('default.cds'))}/tables/@{encodeURIComponent(encodeURIComponent('admin_connectors'))}/items/@{encodeURIComponent(encodeURIComponent(outputs('Get_Connector_GUID_or_create_one')))}","authentication":"@parameters('$authentication')"}}},"runAfter":{"Get_Connector_GUID_or_create_one":["Succeeded"]},"expression":{"equals":["@items('Apply_to_each_Standard_Connector')?['properties']?['isCustomApi']","@false"]},"type":"If"},"Filter_Standard_Connector":{"runAfter":{"Get_Connector_Record":["Succeeded"]},"type":"Query","inputs":{"from":"@body('List_initial_Connector_records')?['value']","where":"@equals(item()?['admin_name'], items('Apply_to_each_Standard_Connector')?['name'])"}},"Get_Connector_GUID_or_create_one":{"runAfter":{"Filter_Standard_Connector":["Succeeded"]},"type":"Compose","inputs":"@if(not(empty(body('Filter_Standard_Connector'))),first(body('Filter_Standard_Connector'))?['admin_connectorid'],guid())"}},"runAfter":{"Condition":["Succeeded"]},"type":"Foreach","runtimeConfiguration":{"concurrency":{"repetitions":50}}},"List_Connectors":{"runAfter":{"Apply_to_each_Standard_Connector":["Succeeded"]},"metadata":{"flowSystemMetadata":{"swaggerOperationId":"GetItems_V2"}},"type":"ApiConnection","inputs":{"host":{"connection":{"name":"@parameters('$connections')['shared_commondataservice_1']['connectionId']"}},"method":"get","path":"/v2/datasets/@{encodeURIComponent(encodeURIComponent('default.cds'))}/tables/@{encodeURIComponent(encodeURIComponent('admin_connectors'))}/items","authentication":"@parameters('$authentication')"},"runtimeConfiguration":{"paginationPolicy":{"minimumItemCount":1000}}},"List_Existing_Connection_References":{"runAfter":{"List_initial_Connector_records":["Succeeded"]},"metadata":{"flowSystemMetadata":{"swaggerOperationId":"GetItems_V2"}},"type":"ApiConnection","inputs":{"host":{"connection":{"name":"@parameters('$connections')['shared_commondataservice_4']['connectionId']"}},"method":"get","path":"/v2/datasets/@{encodeURIComponent(encodeURIComponent('default.cds'))}/tables/@{encodeURIComponent(encodeURIComponent('admin_connectionreferences'))}/items","authentication":"@parameters('$authentication')"},"runtimeConfiguration":{"paginationPolicy":{"minimumItemCount":10000}}},"Condition":{"actions":{"Create_Maker_record_for_SYSTEM":{"runAfter":{},"metadata":{"flowSystemMetadata":{"swaggerOperationId":"PostItem_V2"}},"type":"ApiConnection","inputs":{"host":{"connection":{"name":"@parameters('$connections')['shared_commondataservice_4']['connectionId']"}},"method":"post","body":{"admin_displayname":"SYSTEM","_ownerid_type":"","admin_objectid":"@{guid()}"},"path":"/v2/datasets/@{encodeURIComponent(encodeURIComponent('default.cds'))}/tables/@{encodeURIComponent(encodeURIComponent('admin_makers'))}/items","authentication":"@parameters('$authentication')"}},"Set_systemMaker_with_new_record":{"runAfter":{"Create_Maker_record_for_SYSTEM":["Succeeded"]},"type":"SetVariable","inputs":{"name":"systemMaker","value":"@body('Create_Maker_record_for_SYSTEM')?['admin_makerid']"}}},"runAfter":{"Get_Connectors":["Succeeded"]},"else":{"actions":{"Set_systemMaker_with_existing_record":{"runAfter":{},"type":"SetVariable","inputs":{"name":"systemMaker","value":"@first(body('Get_SYSTEM_record'))?['admin_makerid']"}}}},"expression":{"equals":["@length(body('Get_SYSTEM_record'))",0]},"type":"If","description":"Initializes SYSTEM maker record"},"List_initial_Connector_records":{"runAfter":{"List_Makers":["Succeeded"]},"metadata":{"flowSystemMetadata":{"swaggerOperationId":"GetItems_V2"}},"type":"ApiConnection","inputs":{"host":{"connection":{"name":"@parameters('$connections')['shared_commondataservice_4']['connectionId']"}},"method":"get","path":"/v2/datasets/@{encodeURIComponent(encodeURIComponent('default.cds'))}/tables/@{encodeURIComponent(encodeURIComponent('admin_connectors'))}/items","authentication":"@parameters('$authentication')"},"runtimeConfiguration":{"paginationPolicy":{"minimumItemCount":10000}}}},"outputs":{}}},"schemaVersion":"1.0.0.0"}