{"properties":{"connectionReferences":{"shared_commondataservice_1":{"runtimeSource":"embedded","connection":{},"api":{"name":"shared_commondataservice"}},"shared_office365":{"runtimeSource":"embedded","connection":{},"api":{"name":"shared_office365"}},"shared_commondataservice":{"runtimeSource":"embedded","connection":{},"api":{"name":"shared_commondataservice"}}},"definition":{"$schema":"https://schema.management.azure.com/providers/Microsoft.Logic/schemas/2016-06-01/workflowdefinition.json#","contentVersion":"1.0.0.0","parameters":{"$connections":{"defaultValue":{},"type":"Object"},"$authentication":{"defaultValue":{},"type":"SecureObject"}},"triggers":{"Recurrence":{"recurrence":{"frequency":"Day","interval":1,"schedule":{"hours":["6"]}},"type":"Recurrence"}},"actions":{"Check_if_there_were_Sync_Flow_errors":{"actions":{"Create_HTML_table":{"runAfter":{},"type":"Table","inputs":{"from":"@outputs('List_Sync_Flow_Errors')?['body/value']","format":"HTML","columns":[{"header":"Flow","value":"@item()?['admin_name']"},{"header":"Environment","value":"@item()?['admin_environmentname']"},{"header":"URL","value":"@concat('<a href=\"', item()?['admin_flowinstanceurl'], '\">', item()['admin_flowinstanceurl'], '</a>')"}]}},"List_Environment_Variable_-_admin_AdminMail":{"runAfter":{"Compose_HTML_Table":["Succeeded"]},"metadata":{"flowSystemMetadata":{"swaggerOperationId":"GetItems_V2"}},"type":"ApiConnection","inputs":{"host":{"connection":{"name":"@parameters('$connections')['shared_commondataservice_1']['connectionId']"}},"method":"get","path":"/v2/datasets/@{encodeURIComponent(encodeURIComponent('default.cds'))}/tables/@{encodeURIComponent(encodeURIComponent('environmentvariabledefinitions'))}/items","queries":{"$filter":"schemaname eq 'admin_AdminMail'"},"authentication":"@parameters('$authentication')"}},"Set_Admin_Mail_Variable":{"foreach":"@body('List_Environment_Variable_-_admin_AdminMail')?['value']","actions":{"Set_variable":{"runAfter":{},"type":"SetVariable","inputs":{"name":"adminMail","value":"@items('Set_Admin_Mail_Variable')?['defaultvalue']"}}},"runAfter":{"List_Environment_Variable_-_admin_AdminMail":["Succeeded"]},"type":"Foreach"},"Send_an_email_(V2)":{"runAfter":{"Set_Admin_Mail_Variable":["Succeeded"]},"type":"OpenApiConnection","inputs":{"host":{"apiId":"/providers/Microsoft.PowerApps/apis/shared_office365","connectionName":"shared_office365","operationId":"SendEmailV2"},"parameters":{"emailMessage/To":"@variables('adminMail')","emailMessage/Subject":"Admin | Sync Flow Errors","emailMessage/Body":"@{variables('css')}\n<p>Some of the Sync Flows in the CoE Starter Kit have failed. See below and navigate to the Flow Instance URL to find out more details:<br>\n<br>\n@{outputs('Compose_HTML_Table')}<br>\n</p>","emailMessage/Importance":"Normal"},"authentication":"@parameters('$authentication')"}},"Compose_HTML_Table":{"runAfter":{"Create_HTML_table":["Succeeded"]},"type":"Compose","inputs":"@replace(replace(replace(body('Create_HTML_table'), '&lt;', '<'), '&gt;', '>'), '&quot;', '\"')"},"Delete_last_days_Sync_Flow_errors":{"foreach":"@outputs('List_Sync_Flow_Errors')?['body/value']","actions":{"Delete_a_record":{"runAfter":{},"type":"OpenApiConnection","inputs":{"host":{"apiId":"/providers/Microsoft.PowerApps/apis/shared_commondataservice","connectionName":"shared_commondataservice","operationId":"DeleteItem"},"parameters":{"dataset":"default.cds","table":"admin_syncflowerrorses","id":"@items('Delete_last_days_Sync_Flow_errors')?['admin_syncflowerrorsid']"},"authentication":"@parameters('$authentication')"}}},"runAfter":{"Send_an_email_(V2)":["Succeeded"]},"type":"Foreach"}},"runAfter":{"List_Sync_Flow_Errors":["Succeeded"]},"expression":{"greater":["@length(outputs('List_Sync_Flow_Errors')?['body/value'])",0]},"type":"If"},"Initialize_Admin_eMail_variable":{"runAfter":{},"type":"InitializeVariable","inputs":{"variables":[{"name":"adminMail","type":"String"}]},"description":"Environment location specific Flow URL"},"Initialize_Style_for_HTML_eMail":{"runAfter":{"Initialize_Admin_eMail_variable":["Succeeded"]},"type":"InitializeVariable","inputs":{"variables":[{"name":"css","type":"String","value":"<style>\ntable {\n  border-collapse: collapse;\n  width: 100%;\n}\n\nth, td {\n  padding: 8px;\n  text-align: left;\n  border-bottom: 1px solid #ddd;\n}\n</style>"}]}},"List_Sync_Flow_Errors":{"runAfter":{"Initialize_Style_for_HTML_eMail":["Succeeded"]},"type":"OpenApiConnection","inputs":{"host":{"apiId":"/providers/Microsoft.PowerApps/apis/shared_commondataservice","connectionName":"shared_commondataservice","operationId":"GetItems_V2"},"parameters":{"dataset":"default.cds","table":"admin_syncflowerrorses"},"authentication":"@parameters('$authentication')"}}},"outputs":{}}},"schemaVersion":"1.0.0.0"}