{"properties":{"connectionReferences":{"shared_office365":{"runtimeSource":"invoker","connection":{},"api":{"name":"shared_office365"}},"shared_commondataservice":{"runtimeSource":"invoker","connection":{},"api":{"name":"shared_commondataservice"}}},"definition":{"$schema":"https://schema.management.azure.com/providers/Microsoft.Logic/schemas/2016-06-01/workflowdefinition.json#","contentVersion":"1.0.0.0","parameters":{"$connections":{"defaultValue":{},"type":"Object"},"$authentication":{"defaultValue":{},"type":"SecureObject"}},"triggers":{"manual":{"type":"Request","kind":"PowerApp","inputs":{"schema":{"type":"object","properties":{"Guidreview_Valeur":{"type":"string","description":"Entrer la valeur initiale","x-ms-powerflows-param-ispartial":false},"LbSubTitle_Valeur":{"type":"string","description":"Entrer la valeur initiale","x-ms-powerflows-param-ispartial":false},"LbTargetEmail_Valeur":{"type":"string","description":"Entrer la valeur initiale","x-ms-powerflows-param-ispartial":false},"LbFileName_Valeur":{"type":"string","description":"Entrer la valeur initiale","x-ms-powerflows-param-ispartial":false},"LbEmailObject_Valeur":{"type":"string","description":"Entrer la valeur initiale","x-ms-powerflows-param-ispartial":false},"LbEmailBody_Valeur":{"type":"string","description":"Entrer la valeur initiale","x-ms-powerflows-param-ispartial":false}},"required":["Guidreview_Valeur","LbSubTitle_Valeur","LbTargetEmail_Valeur","LbFileName_Valeur","LbEmailObject_Valeur","LbEmailBody_Valeur"]}}}},"actions":{"Guid_review":{"runAfter":{},"type":"InitializeVariable","inputs":{"variables":[{"name":"Guid_review","type":"string","value":"@{triggerBody()['Guidreview_Valeur']}"}]}},"VarStyles":{"runAfter":{"LbSubTitle":["Succeeded"]},"type":"InitializeVariable","inputs":{"variables":[{"name":"VarStyles","type":"object","value":{"MainStyleH2":"font-family: &quot;Segoe UI&quot;, &quot;Open Sans&quot;, sans-serif;","SquareText":"margin-left:20px;display:inline;font-family: &quot;Segoe UI&quot;, &quot;Open Sans&quot;, sans-serif; font-size: 12pt; color: rgb(102, 102, 102); font-weight: normal; font-style: normal; text-align: left; line-height: 1.2;","PatternTitle":"position: relative; height: 21px; margin-top: 10px;font-family: &quot;Segoe UI&quot;, &quot;Open Sans&quot;, sans-serif; font-size: 12pt; color: rgb(0, 0, 0); font-weight: 600; font-style: normal; text-align: left; padding: 0px; line-height: 1.2; overflow-y: hidden;","PatternText":"position: relative; height: 21px; margin-top: 10px;font-family: &quot;Open Sans&quot;, sans-serif; font-size: 12pt; color: rgb(0, 0, 0); font-weight: normal; font-style: normal; text-align: left; padding: 0px; line-height: 1.3; overflow-y: hidden;","CommentsHeader":"font-family: &quot;Segoe UI&quot;, &quot;Open Sans&quot;, sans-serif; font-size: 12pt; color: rgb(102, 102, 102); font-weight: normal; font-style: normal; text-align: left; padding-top: 16px; line-height: 1.2; overflow-y: hidden;","CommentsText1":"position: relative; width: 99%; min-height: 51px; margin-top: 10px;border-style: solid; border-width: 0px; border-color: rgb(166, 166, 166); margin: -0.5px;","CommentsText2":"font-size: 12pt; font-family: &quot;Segoe UI&quot;, &quot;Open Sans&quot;, sans-serif; color: rgb(0, 0, 0);","FormulaHeader":"position: relative; width: 500px; height: 40px; margin-top: 10px;font-family: &quot;Segoe UI&quot;, &quot;Open Sans&quot;, sans-serif; font-size: 12pt; color: rgb(102, 102, 102); font-weight: normal; font-style: normal; text-align: left; padding: 0px; line-height: 1.2; overflow-y: hidden;","Bloc1Header":"position: relative; width: 99%;min-height:200px; margin-top: 10px;","ObjectsTitles":"position: absolute; top: 0px; left: 15px; width: 227px; height: 27px;font-family: &quot;Segoe UI&quot;, &quot;Open Sans&quot;, sans-serif; font-size: 10pt; color: rgb(48, 48, 48); font-weight: normal; font-style: normal; text-align: left; padding: 0px; line-height: 1.2; overflow-y: hidden;","PolygonStyle":"position: absolute; top: 15px; left: 20%; width: 69px; height: 25px;","ObjectsTitles2":"position: absolute; top: 0px; left: 30%; width: 227px; height: 27px;font-family: &quot;Segoe UI&quot;, &quot;Open Sans&quot;, sans-serif; font-size: 10pt; color: rgb(48, 48, 48); font-weight: normal; font-style: normal; text-align: left; padding: 0px; line-height: 1.2; overflow-y: hidden;","ObjectsTitles3":"position: absolute; top: 0px; left: 65%; width: 227px; height: 27px;font-family: &quot;Segoe UI&quot;, &quot;Open Sans&quot;, sans-serif; font-size: 10pt; color: rgb(48, 48, 48); font-weight: normal; font-style: normal; text-align: left; padding: 0px; line-height: 1.2; overflow-y: hidden;","ScreenName":"position: absolute; top: 21px; left: 15px; width: 295px; height: 23px;font-family: &quot;Segoe UI&quot;, &quot;Open Sans&quot;, sans-serif; font-size: 12pt; color: rgb(48, 48, 48); font-weight: 600; font-style: normal; text-align: left; padding: 0px; line-height: 1.2; overflow-y: hidden;","CtrlName":"position: absolute; top: 21px; left: 30%; width: 374px; height: 23px;font-family: &quot;Segoe UI&quot;, &quot;Open Sans&quot;, sans-serif; font-size: 12pt; color: rgb(48, 48, 48); font-weight: 600; font-style: normal; text-align: left; padding: 0px; line-height: 1.2; overflow-y: hidden;","PropertyName":"position: absolute; top: 21px; left: 65%; width: 580px; height: 23px;font-family: &quot;Segoe UI&quot;, &quot;Open Sans&quot;, sans-serif; font-size: 12pt; color: rgb(48, 48, 48); font-weight: 600; font-style: normal; text-align: left; padding: 0px; line-height: 1.2; overflow-y: hidden;","PropertyCode":"position: absolute; top: 57px; left: 0px; width: 100%; font-size: 11pt; font-family: &quot;Segoe UI&quot;, &quot;Open Sans&quot;, sans-serif; color: rgb(0, 0, 0);","CategoryName":"position: relative; height: 35px;width:100%; margin-bottom: 15px;font-family: &quot;Segoe UI&quot;, &quot;Open Sans&quot;, sans-serif; font-size: 13pt;color:white; background-color: rgb(95, 95, 95); font-weight: 600; font-style: normal; text-align: left;","ReferencesHeader":"position: relative; width: 500px; height: 20px; margin-top: 0px;font-family: &quot;Segoe UI&quot;, &quot;Open Sans&quot;, sans-serif; font-size: 12pt; color: rgb(102, 102, 102); font-weight: normal; font-style: normal; text-align: left; padding: 0px; line-height: 1.2; overflow-y: hidden;","TexteReference":"position: relative;text-decoration: underline; width: 500px; height: 20px; margin-top: 0px;font-family: &quot;Segoe UI&quot;, &quot;Open Sans&quot;, sans-serif; font-size: 12pt; color: rgb(22, 32, 182); font-weight: normal; font-style: normal; text-align: left; padding: 0px; line-height: 1.2; overflow-y: hidden;"}}]}},"GetDatas":{"actions":{"GetReview":{"runAfter":{},"type":"OpenApiConnection","inputs":{"host":{"apiId":"/providers/Microsoft.PowerApps/apis/shared_commondataservice","connectionName":"shared_commondataservice","operationId":"GetItem_V2"},"parameters":{"dataset":"orgf13f21b3.crm","table":"cat_reviews","id":"@variables('Guid_review')"},"authentication":{"value":"@json(decodeBase64(triggerOutputs().headers['X-MS-APIM-Tokens']))['$ConnectionKey']","type":"Raw"}}},"GetReviewItems":{"runAfter":{"GetReview":["Succeeded"]},"type":"OpenApiConnection","inputs":{"host":{"apiId":"/providers/Microsoft.PowerApps/apis/shared_commondataservice","connectionName":"shared_commondataservice","operationId":"GetItems_V2"},"parameters":{"dataset":"orgf13f21b3.crm","table":"cat_reviewitems","$filter":"_cat_review_value eq '@{variables('Guid_review')}'"},"authentication":{"value":"@json(decodeBase64(triggerOutputs().headers['X-MS-APIM-Tokens']))['$ConnectionKey']","type":"Raw"}},"runtimeConfiguration":{"paginationPolicy":{"minimumItemCount":10000}}},"GetPatterns":{"runAfter":{"GetReviewItems":["Succeeded"]},"type":"OpenApiConnection","inputs":{"host":{"apiId":"/providers/Microsoft.PowerApps/apis/shared_commondataservice","connectionName":"shared_commondataservice","operationId":"GetItems_V2"},"parameters":{"dataset":"orgf13f21b3.crm","table":"cat_patterns","$filter":"cat_category ne null","$orderby":"cat_category asc"},"authentication":{"value":"@json(decodeBase64(triggerOutputs().headers['X-MS-APIM-Tokens']))['$ConnectionKey']","type":"Raw"}}}},"runAfter":{"LbComments":["Succeeded"]},"type":"Scope"},"LbHeader":{"runAfter":{"GetDatas":["Succeeded"]},"type":"InitializeVariable","inputs":{"variables":[{"name":"LbHeader","type":"string","value":"<div style='margin-bottom:5px'>\n<h2 style='@{variables('VarStyles')?['MainStyleH2']}'>Review repport : @{outputs('GetReview')?['body/cat_name']}</h2>\n</div>\n<div style='margin-bottom:35px'>\n<h3 style='@{variables('VarStyles')?['MainStyleH2']}'>@{variables('LbSubTitle')}</h3>\n</div>"}]}},"LbSubTitle":{"runAfter":{"Guid_review":["Succeeded"]},"type":"InitializeVariable","inputs":{"variables":[{"name":"LbSubTitle","type":"string","value":"@{triggerBody()['LbSubTitle_Valeur']}"}]}},"ForEachItem":{"foreach":"@outputs('GetPatterns')?['body/value']","actions":{"ResetLbHtmlCategory":{"runAfter":{},"type":"SetVariable","inputs":{"name":"LbHtmlCategory","value":" "}},"NewCategoryOrNot":{"actions":{"SetCategory":{"runAfter":{},"type":"SetVariable","inputs":{"name":"LbHtmlCategory","value":"<div  style='@{variables('VarStyles')?['CategoryName']}'>\n\t@{items('ForEachItem')?['_cat_category_label']}\n</div>"}}},"runAfter":{"ResetLbHtmlCategory":["Succeeded"]},"expression":{"not":{"equals":["@variables('LbOldCategory')","@items('ForEachItem')?['_cat_category_label']"]}},"type":"If"},"ListReferences":{"runAfter":{"ForeachSubItem":["Succeeded"]},"type":"OpenApiConnection","inputs":{"host":{"apiId":"/providers/Microsoft.PowerApps/apis/shared_commondataservice","connectionName":"shared_commondataservice","operationId":"GetItems_V2"},"parameters":{"dataset":"orgf13f21b3.crm","table":"cat_resources","$filter":"_cat_pattern_value eq '@{items('ForEachItem')?['cat_patternid']}'"},"authentication":{"value":"@json(decodeBase64(triggerOutputs().headers['X-MS-APIM-Tokens']))['$ConnectionKey']","type":"Raw"}}},"FilterOnItems":{"runAfter":{"NoticeOldCategory":["Succeeded"]},"type":"Query","inputs":{"from":"@outputs('GetReviewItems')?['body/value']","where":"@equals(item()?['_cat_pattern_value'], items('ForEachItem')?['cat_patternid'])"}},"ForeachSubItem":{"foreach":"@body('FilterOnItems')","actions":{"SetHtmlElement":{"runAfter":{},"type":"SetVariable","inputs":{"name":"LbHtmlElement","value":"<div>\n\t\t<div style='display:inline'>\n\t\t\t<div style='display:inline'>\n\n\t\t\t    <svg version='1.1' baseProfile='tiny' preserveAspectRatio='none' xmlns='http://www.w3.org/2000/svg' aria-hidden='true' style='width: 20px; height: 20px;'>\n\t\t\t\t\t<g>\n\t\t\t\t\t  <polygon data-bind='attr: {\n\t\t\t\t\t\tfill: fill,\n\t\t\t\t\t\tpoints: innerPoints\n\t\t\t\t\t  }' fill='@{if(\r\n    equals(items('ForeachSubItem')?['_cat_reviewitemstatus_label'],'PASS'),\r\n        'rgba(0, 255, 0, 1)',\r\n        if(equals(items('ForeachSubItem')?['_cat_reviewitemstatus_label'],'FAIL'),\r\n            'rgba(255, 0, 0, 1)',\r\n            'rgba(150, 150, 150, 1)'\r\n        )\r\n    )}' points='0,0 0,20 20,20 20,0'>\n\t\t\t\t\t  </polygon>\n\n\t\t\t\t\t  <!-- Border polygon -->\n\t\t\t\t\t  <polygon data-bind='attr: {\n\t\t\t\t\t\tfill: 'transparent',\n\t\t\t\t\t\tstroke: borderColor,\n\t\t\t\t\t\t'stroke-width': borderThickness,\n\t\t\t\t\t\t'stroke-dasharray': properties.BorderStyle,\n\t\t\t\t\t\tpoints: outerPoints\n\t\t\t\t\t  }' fill='transparent' stroke='@{if(\r\n    equals(items('ForeachSubItem')?['_cat_reviewitemstatus_label'],'PASS'),\r\n        'rgba(0, 255, 0, 1)',\r\n        if(equals(items('ForeachSubItem')?['_cat_reviewitemstatus_label'],'FAIL'),\r\n            'rgba(255, 0, 0, 1)',\r\n            'rgba(150, 150, 150, 1)'\r\n        )\r\n    )}' stroke-width='0' stroke-dasharray='none' points='0,0 0,20 20,20 20,0'></polygon>\n\t\t\t\t\t</g>\n\t\t\t    </svg>\n\t\t\t</div>\n\t\t\t<div style='@{variables('VarStyles')?['SquareText']}'>\n\t\t\t\t\t          @{items('ForeachSubItem')?['_cat_reviewitemstatus_label']}\n\t\t\t</div>\n\t\t</div>\n\t  </div>\n\t  <div  style='@{variables('VarStyles')?['PatternTitle']}'>\n\t\t\t@{items('ForEachItem')?['cat_name']}\n\t  </div>\n\t\t  \n\t  <div  style='@{variables('VarStyles')?['PatternText']}'>\n\t\t\t@{items('ForEachItem')?['cat_description']}\n\t  </div>"}},"CommentOrNot":{"actions":{"SetLbHtmlComment":{"runAfter":{},"type":"SetVariable","inputs":{"name":"LbHtmlComment","value":"<div  style='@{variables('VarStyles')?['CommentsHeader']}'>\n\t\tCOMMENTS\n\t  </div>\n\t  <div  style='@{variables('VarStyles')?['CommentsText1']}'>\n\t\t  <div style='@{variables('VarStyles')?['CommentsText2']}'>\n\t\t\t<p>@{items('ForeachSubItem')?['cat_comment']}</p>\n\t\t  </div>\n\t  </div>"}}},"runAfter":{"Définir_une_variable_2":["Succeeded"]},"else":{"actions":{"EmptyLbHtmlComment":{"runAfter":{},"type":"SetVariable","inputs":{"name":"LbHtmlComment","value":"  "}}}},"expression":{"greater":["@length(variables('VarForTesting'))",0]},"type":"If"},"GetCodeParts":{"runAfter":{"CommentOrNot":["Succeeded"]},"type":"OpenApiConnection","inputs":{"host":{"apiId":"/providers/Microsoft.PowerApps/apis/shared_commondataservice","connectionName":"shared_commondataservice","operationId":"GetItems_V2"},"parameters":{"dataset":"orgf13f21b3.crm","table":"cat_rev_codepartses","$filter":"_cat_fk_codepart_reviewitem_value eq '@{items('ForeachSubItem')?['cat_reviewitemid']}'"},"authentication":{"value":"@json(decodeBase64(triggerOutputs().headers['X-MS-APIM-Tokens']))['$ConnectionKey']","type":"Raw"}}},"ForEachCodePart":{"foreach":"@outputs('GetCodeParts')?['body/value']","actions":{"AddCodePart":{"runAfter":{},"type":"AppendToStringVariable","inputs":{"name":"LbHtmlCodeParts","value":"<div style='@{variables('VarStyles')?['Bloc1Header']}'>\n\t\t   \n\t\t\t  \n\t\t\t    <div  style='@{variables('VarStyles')?['ObjectsTitles']}'>\n\t\t\t\t    Screen\n\t\t\t    </div>\n\t\t\t    <div style='@{variables('VarStyles')?['ObjectsTitles2']}'>\n\t\t\t\t    Control\n\t\t\t    </div>\n\t\t\t    <div style='@{variables('VarStyles')?['ObjectsTitles3']}'>\n\t\t\t\t\tProperty\n\t\t\t\t</div>\n\t\t\t\t<div  style='@{variables('VarStyles')?['PolygonStyle']}'>\n\t\t\t\t  \n\t\t\t\t\t<svg xmlns:xlink='http://www.w3.org/1999/xlink' viewBox='0 0 32 32' width='69px' height='25px' fill='rgba(48, 48, 48, 1)' style='display: block;'>\n\t\t\t\t\t<polygon points='20.6,7.7 27.9,15 0.3,15 0.3,17 27.9,17 20.6,24.3 22,25.7 31.7,16 22,6.3 '></polygon>\n\t\t\t\t\t</svg>\n\t\t\t\t</div>\n\t\t\t\t<div  style='position: absolute; top: 15px; left: 55%; width: 69px; height: 25px;'>\n\t\t\t\t  \n\t\t\t\t\t<svg xmlns:xlink='http://www.w3.org/1999/xlink' viewBox='0 0 32 32' width='69px' height='25px' fill='rgba(48, 48, 48, 1)' style='display: block;'>\n\t\t\t\t\t<polygon points='20.6,7.7 27.9,15 0.3,15 0.3,17 27.9,17 20.6,24.3 22,25.7 31.7,16 22,6.3 '></polygon>\n\t\t\t\t\t</svg>\n\n\t\t\t    </div>\n\t\t\t    <div style='@{variables('VarStyles')?['ScreenName']}'>\n\t\t\t\t\t@{items('ForEachCodePart')?['cat_lb_screenname']}\n\t\t\t\t</div>\n\t\t\t    <div style='@{variables('VarStyles')?['CtrlName']}'>\n\t\t\t\t\t@{items('ForEachCodePart')?['cat_lb_controlname']}\n\t\t\t    </div>\n\t\t\t    <div style='@{variables('VarStyles')?['PropertyName']}'>\n\t\t\t\t\t\t\t@{items('ForEachCodePart')?['cat_lb_propertyname']}\n\t\t\t\t\t  </div>\n\t\t\t    <div>\n\t\t\t\t\t\n\t\t\t\t    <svg version='1.1' baseProfile='tiny' preserveAspectRatio='none' xmlns='http://www.w3.org/2000/svg' style='width: 100%; height: 55px;'>\n\t\t\t\t\t\t<g>\n\t\t\t\t\t\t  <polygon data-bind='attr: {\n\t\t\t\t\t\t\tfill: fill,\n\t\t\t\t\t\t\tpoints: innerPoints\n\t\t\t\t\t\t  }' fill='rgba(237, 237, 237, 1)' points='0,0 0,55 1828,55 1828,0'></polygon>\n\n\t\t\t\t\t\t  <!-- Border polygon -->\n\t\t\t\t\t\t  <polygon data-bind='attr: {\n\t\t\t\t\t\t\tfill: 'transparent',\n\t\t\t\t\t\t\tstroke: borderColor,\n\t\t\t\t\t\t\t'stroke-width': borderThickness,\n\t\t\t\t\t\t\t'stroke-dasharray': properties.BorderStyle,\n\t\t\t\t\t\t\tpoints: outerPoints\n\t\t\t\t\t\t  }' fill='transparent' stroke='rgba(189, 189, 189, 1)' stroke-width='0' stroke-dasharray='none' points='0,0 0,55 1828,55 1828,0'></polygon>\n\t\t\t\t\t\t</g>\n\t\t\t\t    </svg>\n\t\t\t\t<div>\n\t\t\t\t\t  <svg version='1.1' baseProfile='tiny' preserveAspectRatio='none' xmlns='http://www.w3.org/2000/svg' style='width: 100%; height: 2px;'>\n\t\t\t\t\t\t<g>\n\t\t\t\t\t\t  <polygon data-bind='attr: {\n\t\t\t\t\t\t\tfill: fill,\n\t\t\t\t\t\t\tpoints: innerPoints\n\t\t\t\t\t\t  }' fill='rgba(219, 219, 219, 1)' points='0,0 0,2 1828,2 1828,0'></polygon>\n\n\t\t\t\t\t\t  <!-- Border polygon -->\n\t\t\t\t\t\t  <polygon data-bind='attr: {\n\t\t\t\t\t\t\tfill: 'transparent',\n\t\t\t\t\t\t\tstroke: borderColor,\n\t\t\t\t\t\t\t'stroke-width': borderThickness,\n\t\t\t\t\t\t\t'stroke-dasharray': properties.BorderStyle,\n\t\t\t\t\t\t\tpoints: outerPoints\n\t\t\t\t\t\t  }' fill='transparent' stroke='rgba(175, 175, 175, 1)' stroke-width='0' stroke-dasharray='none' points='0,0 0,2 1828,2 1828,0'></polygon>\n\t\t\t\t\t\t</g>\n\t\t\t\t\t  </svg>\n\t\t\t\t</div>\n\t\t\t\t\t\n\n\t\t\t\t<div style='@{variables('VarStyles')?['PropertyCode']}'>\n\t\t\t\t\t@{if(lessOrEquals(length(items('ForEachCodePart')?['cat_lb_code']), 851),items('ForEachCodePart')?['cat_lb_code'],substring(items('ForEachCodePart')?['cat_lb_code'],0,850) ) \r\n}\n\t\t\t\t</div>\n\n\t\t\t</div>"}},"AddEndCodePart":{"runAfter":{"AddCodePart":["Succeeded"]},"type":"AppendToStringVariable","inputs":{"name":"LbHtmlCodeParts","value":"</div>"}}},"runAfter":{"Condition":["Succeeded"]},"type":"Foreach"},"Condition":{"actions":{"Définir_une_variable":{"runAfter":{},"type":"SetVariable","inputs":{"name":"LbHtmlCodeParts","value":"<div style='@{variables('VarStyles')?['FormulaHeader']}'>\n\t\tFORMULAS WHERE THIS IS AN ISSUE IN YOUR CODE\n\t  </div>\n            <div id='container'>"}}},"runAfter":{"GetCodeParts":["Succeeded"]},"else":{"actions":{"ResetHtmlCodeParts":{"runAfter":{},"type":"SetVariable","inputs":{"name":"LbHtmlCodeParts","value":"<div id='container'>"}}}},"expression":{"greater":["@length(outputs('GetCodeParts')?['body/value'])",0]},"type":"If"},"Définir_une_variable_2":{"runAfter":{"SetHtmlElement":["Succeeded"]},"type":"SetVariable","inputs":{"name":"VarForTesting","value":"@{items('ForeachSubItem')?['cat_comment']}"}}},"runAfter":{"FilterOnItems":["Succeeded"]},"type":"Foreach"},"EmptyLbHtmlReferences":{"runAfter":{"ListReferences":["Succeeded"]},"type":"SetVariable","inputs":{"name":"LbHtmlReferences","value":" "}},"ForEachReference":{"foreach":"@outputs('ListReferences')?['body/value']","actions":{"AddRessource":{"runAfter":{},"type":"AppendToStringVariable","inputs":{"name":"LbHtmlReferences","value":"<div style='@{variables('VarStyles')?['TexteReference']}'>\n\t\t\t<a href='@{items('ForEachReference')?['cat_url']}'>@{items('ForEachReference')?['crfd9_lb_nomressource']}</a>\n\t\t</div>"}}},"runAfter":{"AreThereReferences":["Succeeded"]},"type":"Foreach"},"AreThereReferences":{"actions":{"SetHtmlreferences":{"runAfter":{},"type":"SetVariable","inputs":{"name":"LbHtmlReferences","value":"<div style='@{variables('VarStyles')?['ReferencesHeader']}'>\n\t\t\tLEARNING RESOURCES\n\t\t</div>"}}},"runAfter":{"EmptyLbHtmlReferences":["Succeeded"]},"expression":{"greater":["@length(outputs('ListReferences')?['body/value'])",0]},"type":"If"},"AddElements":{"runAfter":{"AddCategory":["Succeeded"]},"type":"AppendToStringVariable","inputs":{"name":"Lb_Html","value":"@variables('LbHtmlElement')"}},"AddCategory":{"runAfter":{"AreThereReferences_2":["Succeeded"]},"type":"AppendToStringVariable","inputs":{"name":"Lb_Html","value":"@variables('LbHtmlCategory')"}},"AddComments":{"runAfter":{"AddElements":["Succeeded"]},"type":"AppendToStringVariable","inputs":{"name":"Lb_Html","value":"@variables('LbHtmlComment')"}},"AddCodeParts":{"runAfter":{"AddComments":["Succeeded"]},"type":"AppendToStringVariable","inputs":{"name":"Lb_Html","value":"@variables('LbHtmlCodeParts')"}},"AddReferences":{"runAfter":{"AddCodeParts":["Succeeded"]},"type":"AppendToStringVariable","inputs":{"name":"Lb_Html","value":"@variables('LbHtmlReferences')"}},"AreThereReferences_2":{"actions":{"SetHtmlreferences_2":{"runAfter":{},"type":"AppendToStringVariable","inputs":{"name":"LbHtmlReferences","value":"<div style='position: relative;text-decoration: underline; width: 100%; height: 10px; margin-top: 0px;font-family: &quot;Segoe UI&quot;, &quot;Open Sans&quot;, sans-serif; font-size: 12pt; color: rgb(22, 32, 182); font-weight: normal; font-style: normal; text-align: left; padding: 0px; line-height: 1.2; overflow-y: hidden;'>\n\t\t\t<hr/>\n\t\t</div>\n\t\t<div style='position: relative;text-decoration: underline; width: 500px; height: 30px; margin-top: 0px;font-family: &quot;Segoe UI&quot;, &quot;Open Sans&quot;, sans-serif; font-size: 12pt; color: rgb(22, 32, 182); font-weight: normal; font-style: normal; text-align: left; padding: 0px; line-height: 1.2; overflow-y: hidden;'>\n\t\t\t\n\t\t</div>"}}},"runAfter":{"ForEachReference":["Succeeded"]},"expression":{"greater":["@length(outputs('ListReferences')?['body/value'])",0]},"type":"If"},"AddDivs":{"runAfter":{"AddReferences":["Succeeded"]},"type":"AppendToStringVariable","inputs":{"name":"Lb_Html","value":"</div></div>"}},"NoticeOldCategory":{"runAfter":{"NewCategoryOrNot":["Succeeded"]},"type":"SetVariable","inputs":{"name":"LbOldCategory","value":"@{items('ForEachItem')?['_cat_category_label']}"}}},"runAfter":{"VarForTesting":["Succeeded"]},"type":"Foreach"},"Lb_TargetEmail":{"runAfter":{"VarStyles":["Succeeded"]},"type":"InitializeVariable","inputs":{"variables":[{"name":"Lb_TargetEmail","type":"string","value":"@{triggerBody()['LbTargetEmail_Valeur']}"}]}},"Lb_FileName":{"runAfter":{"Lb_TargetEmail":["Succeeded"]},"type":"InitializeVariable","inputs":{"variables":[{"name":"Lb_FileName","type":"string","value":"@{triggerBody()['LbFileName_Valeur']}"}]}},"Lb_EmailObject":{"runAfter":{"Lb_FileName":["Succeeded"]},"type":"InitializeVariable","inputs":{"variables":[{"name":"Lb_EmailObject","type":"string","value":"@{triggerBody()['LbEmailObject_Valeur']}"}]}},"Lb_EmailBody":{"runAfter":{"Lb_EmailObject":["Succeeded"]},"type":"InitializeVariable","inputs":{"variables":[{"name":"Lb_EmailBody","type":"string","value":"@{triggerBody()['LbEmailBody_Valeur']}"}]}},"HTTP":{"runAfter":{"ForEachItem":["Succeeded"]},"type":"Http","inputs":{"method":"POST","uri":"https://basfhtmlpdf.azurewebsites.net/api/BASF_Pdf_/ConvertHtmlPdf","body":"@variables('Lb_Html')"}},"SendEmail":{"runAfter":{"HTTP":["Succeeded"]},"metadata":{"flowSystemMetadata":{"swaggerOperationId":"SendEmailV2"}},"type":"ApiConnection","inputs":{"host":{"connection":{"name":"@json(decodeBase64(triggerOutputs().headers['X-MS-APIM-Tokens']))['$connections']['shared_office365']['connectionId']"}},"method":"post","body":{"To":"@{variables('Lb_TargetEmail')}","Subject":"@{variables('Lb_EmailObject')}","Body":"<p>@{variables('Lb_EmailBody')}</p>","Attachments":[{"Name":"@variables('Lb_FileName')","ContentBytes":"@{base64(body('HTTP'))}"}],"Importance":"Normal"},"path":"/v2/Mail","authentication":{"type":"Raw","value":"@json(decodeBase64(triggerOutputs().headers['X-MS-APIM-Tokens']))['$ConnectionKey']"}}},"LbHtml":{"runAfter":{"Lb_EmailBody":["Succeeded"]},"type":"InitializeVariable","inputs":{"variables":[{"name":"Lb_Html","type":"string"}]}},"LbComments":{"runAfter":{"LbHtml":["Succeeded"]},"type":"InitializeVariable","inputs":{"variables":[{"name":"LbComments","type":"string"}]}},"LbOldCategory":{"runAfter":{"InitLb_Html":["Succeeded"]},"type":"InitializeVariable","inputs":{"variables":[{"name":"LbOldCategory","type":"string","value":"old"}]}},"LbHtmlCategory":{"runAfter":{"LbOldCategory":["Succeeded"]},"type":"InitializeVariable","inputs":{"variables":[{"name":"LbHtmlCategory","type":"string","value":"null"}]}},"InitLb_Html":{"runAfter":{"LbHeader":["Succeeded"]},"type":"SetVariable","inputs":{"name":"Lb_Html","value":"@{variables('LbHeader')}"}},"LbHtmlElement":{"runAfter":{"LbHtmlCategory":["Succeeded"]},"type":"InitializeVariable","inputs":{"variables":[{"name":"LbHtmlElement","type":"string"}]}},"LbHtmlComment":{"runAfter":{"LbHtmlElement":["Succeeded"]},"type":"InitializeVariable","inputs":{"variables":[{"name":"LbHtmlComment","type":"string"}]}},"LbHtmlCodeParts":{"runAfter":{"LbHtmlComment":["Succeeded"]},"type":"InitializeVariable","inputs":{"variables":[{"name":"LbHtmlCodeParts","type":"string"}]}},"LbHtmlReferences":{"runAfter":{"LbHtmlCodeParts":["Succeeded"]},"type":"InitializeVariable","inputs":{"variables":[{"name":"LbHtmlReferences","type":"string"}]}},"VarForTesting":{"runAfter":{"LbHtmlReferences":["Succeeded"]},"type":"InitializeVariable","inputs":{"variables":[{"name":"VarForTesting","type":"string"}]}}},"outputs":{}}},"schemaVersion":"1.0.0.0"}