<ImportExportXml version="9.2.20122.145" SolutionPackageVersion="9.2" languagecode="1033" generatedBy="CrmLive" xmlns:xsi="http://www.w3.org/2001/XMLSchema-instance">
  <SolutionManifest>
    <UniqueName>CenterofExcellenceAuditComponents</UniqueName>
    <LocalizedNames>
      <LocalizedName description="Center of Excellence - Governance Components" languagecode="1033" />
    </LocalizedNames>
    <Descriptions />
    <Version>1.30</Version>
    <Managed>1</Managed>
    <Publisher>
      <UniqueName>powerplatformadmin</UniqueName>
      <LocalizedNames>
        <LocalizedName description="Power Platform Admin" languagecode="1033" />
      </LocalizedNames>
      <Descriptions />
      <EMailAddress xsi:nil="true"></EMailAddress>
      <SupportingWebsiteUrl xsi:nil="true"></SupportingWebsiteUrl>
      <CustomizationPrefix>admin</CustomizationPrefix>
      <CustomizationOptionValuePrefix>59791</CustomizationOptionValuePrefix>
      <Addresses>
        <Address>
          <AddressNumber>1</AddressNumber>
          <AddressTypeCode>1</AddressTypeCode>
          <City xsi:nil="true"></City>
          <County xsi:nil="true"></County>
          <Country xsi:nil="true"></Country>
          <Fax xsi:nil="true"></Fax>
          <FreightTermsCode xsi:nil="true"></FreightTermsCode>
          <ImportSequenceNumber xsi:nil="true"></ImportSequenceNumber>
          <Latitude xsi:nil="true"></Latitude>
          <Line1 xsi:nil="true"></Line1>
          <Line2 xsi:nil="true"></Line2>
          <Line3 xsi:nil="true"></Line3>
          <Longitude xsi:nil="true"></Longitude>
          <Name xsi:nil="true"></Name>
          <PostalCode xsi:nil="true"></PostalCode>
          <PostOfficeBox xsi:nil="true"></PostOfficeBox>
          <PrimaryContactName xsi:nil="true"></PrimaryContactName>
          <ShippingMethodCode>1</ShippingMethodCode>
          <StateOrProvince xsi:nil="true"></StateOrProvince>
          <Telephone1 xsi:nil="true"></Telephone1>
          <Telephone2 xsi:nil="true"></Telephone2>
          <Telephone3 xsi:nil="true"></Telephone3>
          <TimeZoneRuleVersionNumber xsi:nil="true"></TimeZoneRuleVersionNumber>
          <UPSZone xsi:nil="true"></UPSZone>
          <UTCOffset xsi:nil="true"></UTCOffset>
          <UTCConversionTimeZoneCode xsi:nil="true"></UTCConversionTimeZoneCode>
        </Address>
        <Address>
          <AddressNumber>2</AddressNumber>
          <AddressTypeCode>1</AddressTypeCode>
          <City xsi:nil="true"></City>
          <County xsi:nil="true"></County>
          <Country xsi:nil="true"></Country>
          <Fax xsi:nil="true"></Fax>
          <FreightTermsCode xsi:nil="true"></FreightTermsCode>
          <ImportSequenceNumber xsi:nil="true"></ImportSequenceNumber>
          <Latitude xsi:nil="true"></Latitude>
          <Line1 xsi:nil="true"></Line1>
          <Line2 xsi:nil="true"></Line2>
          <Line3 xsi:nil="true"></Line3>
          <Longitude xsi:nil="true"></Longitude>
          <Name xsi:nil="true"></Name>
          <PostalCode xsi:nil="true"></PostalCode>
          <PostOfficeBox xsi:nil="true"></PostOfficeBox>
          <PrimaryContactName xsi:nil="true"></PrimaryContactName>
          <ShippingMethodCode>1</ShippingMethodCode>
          <StateOrProvince xsi:nil="true"></StateOrProvince>
          <Telephone1 xsi:nil="true"></Telephone1>
          <Telephone2 xsi:nil="true"></Telephone2>
          <Telephone3 xsi:nil="true"></Telephone3>
          <TimeZoneRuleVersionNumber xsi:nil="true"></TimeZoneRuleVersionNumber>
          <UPSZone xsi:nil="true"></UPSZone>
          <UTCOffset xsi:nil="true"></UTCOffset>
          <UTCConversionTimeZoneCode xsi:nil="true"></UTCConversionTimeZoneCode>
        </Address>
      </Addresses>
    </Publisher>
    <RootComponents>
      <RootComponent type="1" schemaName="admin_archiveapproval" behavior="0" />
      <RootComponent type="9" schemaName="cr5d5_archivalitemtype" behavior="0" />
      <RootComponent type="29" id="{11f2ff3d-0987-e911-a856-000d3a372932}" behavior="0" />
      <RootComponent type="29" id="{33024c20-c222-eb11-a813-000d3a1bb495}" behavior="0" />
      <RootComponent type="29" id="{6c0522f0-6256-eb11-a812-000d3a996adc}" behavior="0" />
      <RootComponent type="29" id="{708e4fc8-5e23-eb11-a813-000d3a1bb495}" behavior="0" />
      <RootComponent type="29" id="{78466552-7e56-eb11-a812-000d3a996adc}" behavior="0" />
      <RootComponent type="29" id="{7e68d839-0556-eb11-a812-000d3a996adc}" behavior="0" />
      <RootComponent type="29" id="{d740e841-7057-eb11-a812-000d3a9964a5}" behavior="0" />
      <RootComponent type="60" id="{5467ed9f-589e-4209-864b-782b41ba2f9e}" behavior="0" />
      <RootComponent type="62" schemaName="admin_AppArchiveandCleanUpView" behavior="0" />
      <RootComponent type="80" schemaName="admin_AppArchiveandCleanUpView" behavior="0" />
      <RootComponent type="300" schemaName="admin_powerappcreatorportal_046cc" behavior="0" />
    </RootComponents>
    <MissingDependencies>
      <MissingDependency>
        <Required key="0" type="1" schemaName="environmentvariabledefinition" displayName="Environment Variable Definition" solution="EnvironmentVariables (1.0.2.53)" />
        <Dependent key="1" type="29" displayName="Admin | Compliance detail request" id="{11f2ff3d-0987-e911-a856-000d3a372932}" />
      </MissingDependency>
      <MissingDependency>
        <Required key="2" type="1" schemaName="environmentvariablevalue" displayName="Environment Variable Value" solution="EnvironmentVariables (1.0.2.53)" />
        <Dependent key="1" type="29" displayName="Admin | Compliance detail request" id="{11f2ff3d-0987-e911-a856-000d3a372932}" />
      </MissingDependency>
      <MissingDependency>
        <Required key="3" type="connectionreference" displayName="admin_Office365UsersCoEConnection" solution="Active" id.connectionreferencelogicalname="admin_Office365UsersCoEConnection" />
        <Dependent key="1" type="29" displayName="Admin | Compliance detail request" id="{11f2ff3d-0987-e911-a856-000d3a372932}" />
      </MissingDependency>
      <MissingDependency>
        <Required key="4" type="connectionreference" displayName="admin_Office365OutlookCoEConnection" solution="Active" id.connectionreferencelogicalname="admin_Office365OutlookCoEConnection" />
        <Dependent key="1" type="29" displayName="Admin | Compliance detail request" id="{11f2ff3d-0987-e911-a856-000d3a372932}" />
      </MissingDependency>
      <MissingDependency>
        <Required key="5" type="connectionreference" displayName="admin_CDSCurrentEnvironmentCoEConnection" solution="Active" id.connectionreferencelogicalname="admin_CDSCurrentEnvironmentCoEConnection" />
        <Dependent key="1" type="29" displayName="Admin | Compliance detail request" id="{11f2ff3d-0987-e911-a856-000d3a372932}" />
      </MissingDependency>
      <MissingDependency>
        <Required key="6" type="connectionreference" displayName="admin_CDSCoEConnection" solution="Active" id.connectionreferencelogicalname="admin_CDSCoEConnection" />
        <Dependent key="1" type="29" displayName="Admin | Compliance detail request" id="{11f2ff3d-0987-e911-a856-000d3a372932}" />
      </MissingDependency>
      <MissingDependency>
        <Required key="7" type="1" schemaName="admin_environment" displayName="Environment" solution="Active" />
        <Dependent key="8" type="29" displayName="Microsoft Teams Admin | Ask for Business Justification when Microsoft Teams environment is created" id="{33024c20-c222-eb11-a813-000d3a1bb495}" />
      </MissingDependency>
      <MissingDependency>
        <Required key="9" type="1" schemaName="admin_coesettings" displayName="COE Settings" solution="Active" />
        <Dependent key="8" type="29" displayName="Microsoft Teams Admin | Ask for Business Justification when Microsoft Teams environment is created" id="{33024c20-c222-eb11-a813-000d3a1bb495}" />
      </MissingDependency>
      <MissingDependency>
        <Required key="10" type="1" schemaName="admin_maker" displayName="Maker" solution="Active" />
        <Dependent key="8" type="29" displayName="Microsoft Teams Admin | Ask for Business Justification when Microsoft Teams environment is created" id="{33024c20-c222-eb11-a813-000d3a1bb495}" />
      </MissingDependency>
      <MissingDependency>
        <Required key="7" type="1" schemaName="admin_environment" displayName="Environment" solution="Active" />
        <Dependent key="11" type="29" displayName="Admin | Archive and Clean Up v2 (Start Approval for Flows)" id="{7e68d839-0556-eb11-a812-000d3a996adc}" />
      </MissingDependency>
      <MissingDependency>
        <Required key="0" type="1" schemaName="environmentvariabledefinition" displayName="Environment Variable Definition" solution="EnvironmentVariables (1.0.2.53)" />
        <Dependent key="11" type="29" displayName="Admin | Archive and Clean Up v2 (Start Approval for Flows)" id="{7e68d839-0556-eb11-a812-000d3a996adc}" />
      </MissingDependency>
      <MissingDependency>
        <Required key="12" type="1" schemaName="admin_flow" displayName="Flow" solution="Active" />
        <Dependent key="11" type="29" displayName="Admin | Archive and Clean Up v2 (Start Approval for Flows)" id="{7e68d839-0556-eb11-a812-000d3a996adc}" />
      </MissingDependency>
      <MissingDependency>
        <Required key="9" type="1" schemaName="admin_coesettings" displayName="COE Settings" solution="Active" />
        <Dependent key="11" type="29" displayName="Admin | Archive and Clean Up v2 (Start Approval for Flows)" id="{7e68d839-0556-eb11-a812-000d3a996adc}" />
      </MissingDependency>
      <MissingDependency>
        <Required key="2" type="1" schemaName="environmentvariablevalue" displayName="Environment Variable Value" solution="EnvironmentVariables (1.0.2.53)" />
        <Dependent key="11" type="29" displayName="Admin | Archive and Clean Up v2 (Start Approval for Flows)" id="{7e68d839-0556-eb11-a812-000d3a996adc}" />
      </MissingDependency>
      <MissingDependency>
        <Required key="2" type="1" schemaName="environmentvariablevalue" displayName="Environment Variable Value" solution="EnvironmentVariables (1.0.2.53)" />
        <Dependent key="13" type="29" displayName="Admin | Archive and Clean Up v2 (Check Approval)" id="{6c0522f0-6256-eb11-a812-000d3a996adc}" />
      </MissingDependency>
      <MissingDependency>
        <Required key="9" type="1" schemaName="admin_coesettings" displayName="COE Settings" solution="Active" />
        <Dependent key="13" type="29" displayName="Admin | Archive and Clean Up v2 (Check Approval)" id="{6c0522f0-6256-eb11-a812-000d3a996adc}" />
      </MissingDependency>
      <MissingDependency>
        <Required key="7" type="1" schemaName="admin_environment" displayName="Environment" solution="Active" />
        <Dependent key="13" type="29" displayName="Admin | Archive and Clean Up v2 (Check Approval)" id="{6c0522f0-6256-eb11-a812-000d3a996adc}" />
      </MissingDependency>
      <MissingDependency>
        <Required key="0" type="1" schemaName="environmentvariabledefinition" displayName="Environment Variable Definition" solution="EnvironmentVariables (1.0.2.53)" />
        <Dependent key="13" type="29" displayName="Admin | Archive and Clean Up v2 (Check Approval)" id="{6c0522f0-6256-eb11-a812-000d3a996adc}" />
      </MissingDependency>
      <MissingDependency>
        <Required key="14" type="1" schemaName="msdyn_flow_approvalresponse" displayName="Approval Response" solution="msdyn_FlowApprovalsCore (2.0.1.0)" />
        <Dependent key="13" type="29" displayName="Admin | Archive and Clean Up v2 (Check Approval)" id="{6c0522f0-6256-eb11-a812-000d3a996adc}" />
      </MissingDependency>
      <MissingDependency>
        <Required key="4" type="connectionreference" displayName="admin_Office365OutlookCoEConnection" solution="Active" id.connectionreferencelogicalname="admin_Office365OutlookCoEConnection" />
        <Dependent key="13" type="29" displayName="Admin | Archive and Clean Up v2 (Check Approval)" id="{6c0522f0-6256-eb11-a812-000d3a996adc}" />
      </MissingDependency>
      <MissingDependency>
        <Required key="0" type="1" schemaName="environmentvariabledefinition" displayName="Environment Variable Definition" solution="EnvironmentVariables (1.0.2.53)" />
        <Dependent key="15" type="29" displayName="Admin | Archive and Clean Up v2 (Start Approval for Apps)" id="{d740e841-7057-eb11-a812-000d3a9964a5}" />
      </MissingDependency>
      <MissingDependency>
        <Required key="16" type="1" schemaName="admin_app" displayName="PowerApps App" solution="Active" />
        <Dependent key="15" type="29" displayName="Admin | Archive and Clean Up v2 (Start Approval for Apps)" id="{d740e841-7057-eb11-a812-000d3a9964a5}" />
      </MissingDependency>
      <MissingDependency>
        <Required key="7" type="1" schemaName="admin_environment" displayName="Environment" solution="Active" />
        <Dependent key="15" type="29" displayName="Admin | Archive and Clean Up v2 (Start Approval for Apps)" id="{d740e841-7057-eb11-a812-000d3a9964a5}" />
      </MissingDependency>
      <MissingDependency>
        <Required key="9" type="1" schemaName="admin_coesettings" displayName="COE Settings" solution="Active" />
        <Dependent key="15" type="29" displayName="Admin | Archive and Clean Up v2 (Start Approval for Apps)" id="{d740e841-7057-eb11-a812-000d3a9964a5}" />
      </MissingDependency>
      <MissingDependency>
        <Required key="2" type="1" schemaName="environmentvariablevalue" displayName="Environment Variable Value" solution="EnvironmentVariables (1.0.2.53)" />
        <Dependent key="15" type="29" displayName="Admin | Archive and Clean Up v2 (Start Approval for Apps)" id="{d740e841-7057-eb11-a812-000d3a9964a5}" />
      </MissingDependency>
      <MissingDependency>
        <Required key="4" type="connectionreference" displayName="admin_Office365OutlookCoEConnection" solution="Active" id.connectionreferencelogicalname="admin_Office365OutlookCoEConnection" />
        <Dependent key="15" type="29" displayName="Admin | Archive and Clean Up v2 (Start Approval for Apps)" id="{d740e841-7057-eb11-a812-000d3a9964a5}" />
      </MissingDependency>
      <MissingDependency>
        <Required key="3" type="connectionreference" displayName="admin_Office365UsersCoEConnection" solution="Active" id.connectionreferencelogicalname="admin_Office365UsersCoEConnection" />
        <Dependent key="15" type="29" displayName="Admin | Archive and Clean Up v2 (Start Approval for Apps)" id="{d740e841-7057-eb11-a812-000d3a9964a5}" />
      </MissingDependency>
      <MissingDependency>
        <Required key="17" type="connectionreference" displayName="admin_PowerAppsforAdminsCoEConnection" solution="Active" id.connectionreferencelogicalname="admin_PowerAppsforAdminsCoEConnection" />
        <Dependent key="15" type="29" displayName="Admin | Archive and Clean Up v2 (Start Approval for Apps)" id="{d740e841-7057-eb11-a812-000d3a9964a5}" />
      </MissingDependency>
      <MissingDependency>
        <Required key="10" type="1" schemaName="admin_maker" displayName="Maker" solution="Active" />
        <Dependent key="18" type="29" displayName="Microsoft Teams Admin  | Weekly Clean Up of Microsoft Teams environments" id="{708e4fc8-5e23-eb11-a813-000d3a1bb495}" />
      </MissingDependency>
      <MissingDependency>
        <Required key="7" type="1" schemaName="admin_environment" displayName="Environment" solution="Active" />
        <Dependent key="18" type="29" displayName="Microsoft Teams Admin  | Weekly Clean Up of Microsoft Teams environments" id="{708e4fc8-5e23-eb11-a813-000d3a1bb495}" />
      </MissingDependency>
      <MissingDependency>
        <Required key="0" type="1" schemaName="environmentvariabledefinition" displayName="Environment Variable Definition" solution="EnvironmentVariables (1.0.2.53)" />
        <Dependent key="19" type="29" displayName="Admin | Archive and Clean Up v2 (Clean Up and Delete)" id="{78466552-7e56-eb11-a812-000d3a996adc}" />
      </MissingDependency>
      <MissingDependency>
        <Required key="2" type="1" schemaName="environmentvariablevalue" displayName="Environment Variable Value" solution="EnvironmentVariables (1.0.2.53)" />
        <Dependent key="19" type="29" displayName="Admin | Archive and Clean Up v2 (Clean Up and Delete)" id="{78466552-7e56-eb11-a812-000d3a996adc}" />
      </MissingDependency>
      <MissingDependency>
        <Required key="16" type="1" schemaName="admin_app" displayName="PowerApps App" solution="Active" />
        <Dependent key="20" type="10" schemaName="admin_ArchiveApproval_AppLookup_admin_App" displayName="admin_ArchiveApproval_AppLookup_admin_App" parentSchemaName="admin_app" parentDisplayName="PowerApps App" />
      </MissingDependency>
      <MissingDependency>
        <Required key="21" type="2" schemaName="admin_appid" displayName="App" parentSchemaName="admin_app" parentDisplayName="PowerApps App" solution="Active" />
        <Dependent key="20" type="10" schemaName="admin_ArchiveApproval_AppLookup_admin_App" displayName="admin_ArchiveApproval_AppLookup_admin_App" parentSchemaName="admin_app" parentDisplayName="PowerApps App" />
      </MissingDependency>
      <MissingDependency>
        <Required key="22" type="2" schemaName="admin_displayname" displayName="App Display Name" parentSchemaName="admin_app" parentDisplayName="PowerApps App" solution="Active" />
        <Dependent key="20" type="10" schemaName="admin_ArchiveApproval_AppLookup_admin_App" displayName="admin_ArchiveApproval_AppLookup_admin_App" parentSchemaName="admin_app" parentDisplayName="PowerApps App" />
      </MissingDependency>
      <MissingDependency>
        <Required key="12" type="1" schemaName="admin_flow" displayName="Flow" solution="Active" />
        <Dependent key="23" type="10" schemaName="admin_ArchiveApproval_FlowLookup_admin_Fl" displayName="admin_ArchiveApproval_FlowLookup_admin_Fl" parentSchemaName="admin_flow" parentDisplayName="Flow" />
      </MissingDependency>
      <MissingDependency>
        <Required key="24" type="2" schemaName="admin_displayname" displayName="Display Name" parentSchemaName="admin_flow" parentDisplayName="Flow" solution="Active" />
        <Dependent key="23" type="10" schemaName="admin_ArchiveApproval_FlowLookup_admin_Fl" displayName="admin_ArchiveApproval_FlowLookup_admin_Fl" parentSchemaName="admin_flow" parentDisplayName="Flow" />
      </MissingDependency>
      <MissingDependency>
        <Required key="25" type="2" schemaName="admin_flowid" displayName="Flow" parentSchemaName="admin_flow" parentDisplayName="Flow" solution="Active" />
        <Dependent key="23" type="10" schemaName="admin_ArchiveApproval_FlowLookup_admin_Fl" displayName="admin_ArchiveApproval_FlowLookup_admin_Fl" parentSchemaName="admin_flow" parentDisplayName="Flow" />
      </MissingDependency>
      <MissingDependency>
        <Required key="9" type="1" schemaName="admin_coesettings" displayName="COE Settings" solution="Active" />
        <Dependent key="26" type="300" schemaName="admin_powerappcreatorportal_046cc" displayName="Developer Compliance Center" />
      </MissingDependency>
      <MissingDependency>
        <Required key="12" type="1" schemaName="admin_flow" displayName="Flow" solution="Active" />
        <Dependent key="26" type="300" schemaName="admin_powerappcreatorportal_046cc" displayName="Developer Compliance Center" />
      </MissingDependency>
      <MissingDependency>
        <Required key="16" type="1" schemaName="admin_app" displayName="PowerApps App" solution="Active" />
        <Dependent key="26" type="300" schemaName="admin_powerappcreatorportal_046cc" displayName="Developer Compliance Center" />
      </MissingDependency>
      <MissingDependency>
        <Required key="7" type="1" schemaName="admin_environment" displayName="Environment" solution="Active" />
        <Dependent key="26" type="300" schemaName="admin_powerappcreatorportal_046cc" displayName="Developer Compliance Center" />
      </MissingDependency>
      <MissingDependency>
        <Required key="10" type="1" schemaName="admin_maker" displayName="Maker" solution="Active" />
        <Dependent key="26" type="300" schemaName="admin_powerappcreatorportal_046cc" displayName="Developer Compliance Center" />
      </MissingDependency>
      <MissingDependency>
        <Required key="27" type="1" schemaName="admin_pva" displayName="PVA" solution="Active" />
        <Dependent key="26" type="300" schemaName="admin_powerappcreatorportal_046cc" displayName="Developer Compliance Center" />
      </MissingDependency>
      <MissingDependency>
        <Required key="28" type="1" schemaName="admin_connector" displayName="PowerApps Connector" solution="Active" />
        <Dependent key="26" type="300" schemaName="admin_powerappcreatorportal_046cc" displayName="Developer Compliance Center" />
      </MissingDependency>
      <MissingDependency>
        <Required key="12" type="1" schemaName="admin_flow" displayName="Flow" solution="Active" />
        <Dependent key="29" type="26" schemaName="Flows Rejected for Archive" displayName="Flows Rejected for Archive" parentSchemaName="admin_archiveapproval" parentDisplayName="Archive Approval " id="{b5431edd-582d-ea11-a810-000d3a31cf04}" />
      </MissingDependency>
      <MissingDependency>
        <Required key="30" type="2" schemaName="admin_flowexcusedfromarchival" displayName="Flow Excused From Archival" parentSchemaName="admin_flow" parentDisplayName="Flow" solution="Active" />
        <Dependent key="29" type="26" schemaName="Flows Rejected for Archive" displayName="Flows Rejected for Archive" parentSchemaName="admin_archiveapproval" parentDisplayName="Archive Approval " id="{b5431edd-582d-ea11-a810-000d3a31cf04}" />
      </MissingDependency>
      <MissingDependency>
        <Required key="25" type="2" schemaName="admin_flowid" displayName="Flow" parentSchemaName="admin_flow" parentDisplayName="Flow" solution="Active" />
        <Dependent key="29" type="26" schemaName="Flows Rejected for Archive" displayName="Flows Rejected for Archive" parentSchemaName="admin_archiveapproval" parentDisplayName="Archive Approval " id="{b5431edd-582d-ea11-a810-000d3a31cf04}" />
      </MissingDependency>
      <MissingDependency>
        <Required key="16" type="1" schemaName="admin_app" displayName="PowerApps App" solution="Active" />
        <Dependent key="31" type="26" schemaName="Apps Rejected for Archive" displayName="Apps Rejected for Archive" parentSchemaName="admin_archiveapproval" parentDisplayName="Archive Approval " id="{e4cc68e3-ef60-eb11-a812-000d3a9a8a35}" />
      </MissingDependency>
      <MissingDependency>
        <Required key="21" type="2" schemaName="admin_appid" displayName="App" parentSchemaName="admin_app" parentDisplayName="PowerApps App" solution="Active" />
        <Dependent key="31" type="26" schemaName="Apps Rejected for Archive" displayName="Apps Rejected for Archive" parentSchemaName="admin_archiveapproval" parentDisplayName="Archive Approval " id="{e4cc68e3-ef60-eb11-a812-000d3a9a8a35}" />
      </MissingDependency>
      <MissingDependency>
        <Required key="32" type="2" schemaName="admin_appexcusedfromarchival" displayName="App Excused From Archival" parentSchemaName="admin_app" parentDisplayName="PowerApps App" solution="Active" />
        <Dependent key="31" type="26" schemaName="Apps Rejected for Archive" displayName="Apps Rejected for Archive" parentSchemaName="admin_archiveapproval" parentDisplayName="Archive Approval " id="{e4cc68e3-ef60-eb11-a812-000d3a9a8a35}" />
      </MissingDependency>
      <MissingDependency>
        <Required key="33" type="66" schemaName="MscrmControls.ModelForm.ModelFormControl" displayName="MscrmControls.ModelForm.ModelFormControl" solution="BaseCustomControlsCore (9.0.2012.2016)" />
        <Dependent key="34" type="60" displayName="Information" parentDisplayName="Archive Approval " id="{5467ed9f-589e-4209-864b-782b41ba2f9e}" />
      </MissingDependency>
      <MissingDependency>
        <Required key="35" type="61" schemaName="msdyn_/Images/AppModule_Default_Icon.png" displayName="msdyn_/Images/AppModule_Default_Icon.png" solution="AppModuleWebResources (2.5)" />
        <Dependent key="36" type="80" schemaName="admin_AppArchiveandCleanUpView" displayName="App Archive and Clean Up View" />
      </MissingDependency>
    </MissingDependencies>
  </SolutionManifest>
</ImportExportXml>