{"name":"31076d07-d06b-4ead-820b-91f1b502743a","id":"/providers/Microsoft.Flow/flows/31076d07-d06b-4ead-820b-91f1b502743a","type":"Microsoft.Flow/flows","properties":{"apiId":"/providers/Microsoft.PowerApps/apis/shared_logicflows","displayName":"PowerApps Button Archive App","definition":{"metadata":{"workflowEntityId":null,"creator":{"id":"437e20e7-a402-48a6-a6cd-071340b07d0f","type":"User","tenantId":"8a235459-3d2c-415d-8c1e-e2fe133509ad"},"provisioningMethod":"FromDefinition","failureAlertSubscription":true,"clientLastModifiedTime":"2020-04-10T14:47:52.9528362Z"},"$schema":"https://schema.management.azure.com/providers/Microsoft.Logic/schemas/2016-06-01/workflowdefinition.json#","contentVersion":"1.0.0.0","parameters":{"$connections":{"defaultValue":{},"type":"Object"},"$authentication":{"defaultValue":{},"type":"SecureObject"}},"triggers":{"manual":{"type":"Request","kind":"PowerApp","inputs":{"schema":{"type":"object","properties":{"HTTP_URI":{"type":"string","format":"uri","description":"Enter request URL","x-ms-powerflows-param-ispartial":false},"RemoveAppasAdmin_EnvironmentName":{"type":"string","description":"Name field of the Environment.","x-ms-powerflows-param-ispartial":false},"RemoveAppasAdmin_PowerAppName":{"type":"string","description":"Name field of the PowerApp.","x-ms-powerflows-param-ispartial":false},"Createfile_FileName":{"type":"string","description":"Name of the file.. This parameter is used as part of \"69C2EA96-59CD-4CF3-841A-FA0C51C3D353\"","x-ms-powerflows-param-ispartial":true},"Condition_ObjectName":{"type":"any","description":"Choose a value","x-ms-powerflows-param-ispartial":false},"Initializevariable_Value":{"type":"string","description":"Enter initial value","x-ms-powerflows-param-ispartial":false}},"required":["HTTP_URI","RemoveAppasAdmin_EnvironmentName","RemoveAppasAdmin_PowerAppName","Createfile_FileName","Condition_ObjectName","Initializevariable_Value"]}}}},"actions":{"Initialize_Archive_Site_URL_(SharePoint_Site)":{"runAfter":{},"type":"InitializeVariable","inputs":{"variables":[{"name":"archiveSiteUrl","type":"String","value":"https://pplatform.sharepoint.com/sites/PowerAppsCommunity"}]},"description":"Initialize the top level site URL (not including the folder path) of your Archive SharePoint Site"},"Initialize_Archive_Folder":{"runAfter":{"Initialize_Archive_Site_URL_(SharePoint_Site)":["Succeeded"]},"type":"InitializeVariable","inputs":{"variables":[{"name":"archiveFolder","type":"String","value":"PowerApps Archive"}]},"description":"Initialize the folder name of the document library "},"HTTP":{"runAfter":{"Initialize_variable":["Succeeded"]},"type":"Http","inputs":{"method":"GET","uri":"@triggerBody()['HTTP_URI']"}},"Create_file":{"runAfter":{"HTTP":["Succeeded"]},"metadata":{"flowSystemMetadata":{"swaggerOperationId":"CreateFile"}},"type":"ApiConnection","inputs":{"host":{"connection":{"name":"@json(decodeBase64(triggerOutputs().headers['X-MS-APIM-Tokens']))['$connections']['shared_sharepointonline']['connectionId']"},"api":{"runtimeUrl":"https://unitedstates-002.azure-apim.net/apim/sharepointonline"}},"method":"post","body":"@body('HTTP')","path":"/datasets/@{encodeURIComponent(encodeURIComponent(variables('archiveSiteUrl')))}/files","queries":{"folderPath":"@variables('archiveFolder')","name":"@{triggerBody()['Createfile_FileName']}-@{formatDateTime(utcNow(), 'yyyy-MM-dd')}.msapp","queryParametersSingleEncoded":true},"authentication":{"type":"Raw","value":"@json(decodeBase64(triggerOutputs().headers['X-MS-APIM-Tokens']))['$ConnectionKey']"}}},"Respond_Success":{"runAfter":{"Condition":["Succeeded"]},"type":"Response","kind":"PowerApp","inputs":{"statusCode":200,"body":{"response":"Success"},"schema":{"type":"object","properties":{"response":{"title":"Response","x-ms-dynamically-added":true,"type":"string"}}}}},"Respond_Failed":{"runAfter":{"Create_file":["Failed"]},"type":"Response","kind":"PowerApp","inputs":{"statusCode":200,"body":{"response":"Failed"},"schema":{"type":"object","properties":{"response":{"title":"Response","x-ms-dynamically-added":true,"type":"string"}}}}},"Condition":{"actions":{"Remove_App_as_Admin":{"runAfter":{},"metadata":{"flowSystemMetadata":{"swaggerOperationId":"Remove-AdminApp"}},"type":"ApiConnection","inputs":{"host":{"connection":{"name":"@json(decodeBase64(triggerOutputs().headers['X-MS-APIM-Tokens']))['$connections']['shared_powerappsforadmins']['connectionId']"},"api":{"runtimeUrl":"https://unitedstates-002.azure-apim.net/apim/powerappsforadmins"}},"method":"delete","path":"/providers/Microsoft.PowerApps/scopes/admin/environments/@{encodeURIComponent(triggerBody()['RemoveAppasAdmin_EnvironmentName'])}/apps/@{encodeURIComponent(triggerBody()['RemoveAppasAdmin_PowerAppName'])}","queries":{"api-version":"2016-11-01"},"authentication":{"type":"Raw","value":"@json(decodeBase64(triggerOutputs().headers['X-MS-APIM-Tokens']))['$ConnectionKey']"}}}},"runAfter":{"Create_file":["Succeeded"]},"expression":{"equals":["@variables('deleteApp')",true]},"type":"If"},"Initialize_variable":{"runAfter":{"Initialize_Archive_Folder":["Succeeded"]},"type":"InitializeVariable","inputs":{"variables":[{"name":"deleteApp","type":"string","value":"@triggerBody()['Initializevariable_Value']"}]}}},"outputs":{},"description":"Create one or more actions to happen when a button or link in PowerApps is selected. To use this flow from a PowerApp, select the control you want to trigger the flow and go to the Action tab in the PowerApps ribbon and select Flows."},"connectionReferences":{"shared_powerappsforadmins":{"connectionName":"2727a1e964b549e3aa50d5ebef00e431","source":"Invoker","id":"/providers/Microsoft.PowerApps/apis/shared_powerappsforadmins","tier":"NotSpecified"},"shared_sharepointonline":{"connectionName":"2ef2935b4bfd46cfb701c27e2a651169","source":"Invoker","id":"/providers/Microsoft.PowerApps/apis/shared_sharepointonline","tier":"NotSpecified"}},"flowFailureAlertSubscribed":false}}