<ImportExportXml version="9.2.21083.139" SolutionPackageVersion="9.2" languagecode="1033" generatedBy="CrmLive" xmlns:xsi="http://www.w3.org/2001/XMLSchema-instance">
  <SolutionManifest>
    <UniqueName>ArchitectureReview</UniqueName>
    <LocalizedNames>
      <LocalizedName description="Power Apps Review Solution" languagecode="1033" />
    </LocalizedNames>
    <Descriptions />
    <Version>1.0.0.43</Version>
    <Managed>1</Managed>
    <Publisher>
      <UniqueName>PowerCat</UniqueName>
      <LocalizedNames>
        <LocalizedName description="PowerCAT" languagecode="1033" />
      </LocalizedNames>
      <Descriptions>
        <Description description="PowerCAT" languagecode="1033" />
      </Descriptions>
      <EMailAddress xsi:nil="true"></EMailAddress>
      <SupportingWebsiteUrl xsi:nil="true"></SupportingWebsiteUrl>
      <CustomizationPrefix>cat</CustomizationPrefix>
      <CustomizationOptionValuePrefix>29305</CustomizationOptionValuePrefix>
      <Addresses>
        <Address>
          <AddressNumber>1</AddressNumber>
          <AddressTypeCode>1</AddressTypeCode>
          <City xsi:nil="true"></City>
          <County xsi:nil="true"></County>
          <Country xsi:nil="true"></Country>
          <Fax xsi:nil="true"></Fax>
          <FreightTermsCode xsi:nil="true"></FreightTermsCode>
          <ImportSequenceNumber xsi:nil="true"></ImportSequenceNumber>
          <Latitude xsi:nil="true"></Latitude>
          <Line1 xsi:nil="true"></Line1>
          <Line2 xsi:nil="true"></Line2>
          <Line3 xsi:nil="true"></Line3>
          <Longitude xsi:nil="true"></Longitude>
          <Name xsi:nil="true"></Name>
          <PostalCode xsi:nil="true"></PostalCode>
          <PostOfficeBox xsi:nil="true"></PostOfficeBox>
          <PrimaryContactName xsi:nil="true"></PrimaryContactName>
          <ShippingMethodCode>1</ShippingMethodCode>
          <StateOrProvince xsi:nil="true"></StateOrProvince>
          <Telephone1 xsi:nil="true"></Telephone1>
          <Telephone2 xsi:nil="true"></Telephone2>
          <Telephone3 xsi:nil="true"></Telephone3>
          <TimeZoneRuleVersionNumber xsi:nil="true"></TimeZoneRuleVersionNumber>
          <UPSZone xsi:nil="true"></UPSZone>
          <UTCOffset xsi:nil="true"></UTCOffset>
          <UTCConversionTimeZoneCode xsi:nil="true"></UTCConversionTimeZoneCode>
        </Address>
        <Address>
          <AddressNumber>2</AddressNumber>
          <AddressTypeCode>1</AddressTypeCode>
          <City xsi:nil="true"></City>
          <County xsi:nil="true"></County>
          <Country xsi:nil="true"></Country>
          <Fax xsi:nil="true"></Fax>
          <FreightTermsCode xsi:nil="true"></FreightTermsCode>
          <ImportSequenceNumber xsi:nil="true"></ImportSequenceNumber>
          <Latitude xsi:nil="true"></Latitude>
          <Line1 xsi:nil="true"></Line1>
          <Line2 xsi:nil="true"></Line2>
          <Line3 xsi:nil="true"></Line3>
          <Longitude xsi:nil="true"></Longitude>
          <Name xsi:nil="true"></Name>
          <PostalCode xsi:nil="true"></PostalCode>
          <PostOfficeBox xsi:nil="true"></PostOfficeBox>
          <PrimaryContactName xsi:nil="true"></PrimaryContactName>
          <ShippingMethodCode>1</ShippingMethodCode>
          <StateOrProvince xsi:nil="true"></StateOrProvince>
          <Telephone1 xsi:nil="true"></Telephone1>
          <Telephone2 xsi:nil="true"></Telephone2>
          <Telephone3 xsi:nil="true"></Telephone3>
          <TimeZoneRuleVersionNumber xsi:nil="true"></TimeZoneRuleVersionNumber>
          <UPSZone xsi:nil="true"></UPSZone>
          <UTCOffset xsi:nil="true"></UTCOffset>
          <UTCConversionTimeZoneCode xsi:nil="true"></UTCConversionTimeZoneCode>
        </Address>
      </Addresses>
    </Publisher>
    <RootComponents>
      <RootComponent type="1" schemaName="cat_pattern" behavior="0" />
      <RootComponent type="1" schemaName="cat_resource" behavior="0" />
      <RootComponent type="1" schemaName="cat_review" behavior="0" />
      <RootComponent type="1" schemaName="cat_reviewitem" behavior="0" />
      <RootComponent type="1" schemaName="cat_reviewrequest" behavior="0" />
      <RootComponent type="1" schemaName="cat_rev_appcheckermessagesarguments" behavior="0" />
      <RootComponent type="1" schemaName="cat_rev_appcheckerresult_review" behavior="0" />
      <RootComponent type="1" schemaName="cat_rev_appchecker_howtofix" behavior="0" />
      <RootComponent type="1" schemaName="cat_rev_appchecker_locations" behavior="0" />
      <RootComponent type="1" schemaName="cat_rev_appchecker_logicallocations" behavior="0" />
      <RootComponent type="1" schemaName="cat_rev_appchecker_results" behavior="0" />
      <RootComponent type="1" schemaName="cat_rev_appchecker_rulesreferences" behavior="0" />
      <RootComponent type="1" schemaName="cat_rev_applications" behavior="0" />
      <RootComponent type="1" schemaName="cat_rev_appsettings" behavior="0" />
      <RootComponent type="1" schemaName="cat_rev_codeparts" behavior="0" />
      <RootComponent type="1" schemaName="cat_rev_controls" behavior="0" />
      <RootComponent type="1" schemaName="cat_rev_customers" behavior="0" />
      <RootComponent type="1" schemaName="cat_rev_datasources" behavior="0" />
      <RootComponent type="1" schemaName="cat_rev_mediafiles" behavior="0" />
      <RootComponent type="1" schemaName="cat_rev_propertiescode" behavior="0" />
      <RootComponent type="1" schemaName="cat_rev_screennavigationtime" behavior="0" />
      <RootComponent type="1" schemaName="cat_rev_screens" behavior="0" />
      <RootComponent type="1" schemaName="cat_rev_settings" behavior="0" />
      <RootComponent type="1" schemaName="cat_rev_slowqueries" behavior="0" />
      <RootComponent type="1" schemaName="cat_rev_worklog" behavior="0" />
      <RootComponent type="9" schemaName="cat_apptype" behavior="0" />
      <RootComponent type="9" schemaName="cat_category" behavior="0" />
      <RootComponent type="9" schemaName="cat_chc_applicationbusiness" behavior="0" />
      <RootComponent type="9" schemaName="cat_chc_categoryproperty" behavior="0" />
      <RootComponent type="9" schemaName="cat_chc_statusimport" behavior="0" />
      <RootComponent type="9" schemaName="cat_datasource" behavior="0" />
      <RootComponent type="9" schemaName="cat_gr_statuspattern" behavior="0" />
      <RootComponent type="9" schemaName="cat_patterntype" behavior="0" />
      <RootComponent type="9" schemaName="cat_requeststatus" behavior="0" />
      <RootComponent type="9" schemaName="cat_reviewitemstatus" behavior="0" />
      <RootComponent type="9" schemaName="cat_reviewstatus" behavior="0" />
      <RootComponent type="9" schemaName="cat_reviewtype" behavior="0" />
      <RootComponent type="9" schemaName="cat_severity" behavior="0" />
      <RootComponent type="20" id="{81667d5e-87ac-eb11-8236-000d3a18d295}" behavior="0" />
      <RootComponent type="29" id="{08095975-e856-eb11-a812-000d3a8cc191}" behavior="0" />
      <RootComponent type="29" id="{1b4af77c-41a9-eb11-b1ac-000d3a1b48db}" behavior="0" />
      <RootComponent type="29" id="{8b86aab6-05ae-eb11-8236-000d3a197a59}" behavior="0" />
      <RootComponent type="29" id="{a7c48553-f9ad-eb11-8236-000d3a197a59}" behavior="0" />
      <RootComponent type="29" id="{f2e56dc5-1345-eb11-a813-000d3a8cc191}" behavior="0" />
      <RootComponent type="61" schemaName="cat_patterns_rules" behavior="0" />
      <RootComponent type="61" schemaName="cat_patterns_rules_v2" behavior="0" />
      <RootComponent type="62" schemaName="cat_CodeReviewAdmin" behavior="0" />
      <RootComponent type="66" schemaName="cat_SyntaxColoringControl.SyntaxColoringControl" behavior="0" />
      <RootComponent type="80" schemaName="cat_CodeReviewAdmin" behavior="0" />
      <RootComponent type="91" id="{f20a7a28-b5d5-48f4-84af-8541d4e7f9a0}" schemaName="Net.Formulas.Tools, Version=1.0.0.0, Culture=neutral, PublicKeyToken=c7515723cf8cdfb2" behavior="0" />
      <RootComponent type="92" id="{0fb31741-39aa-eb11-8236-000d3a18d295}" behavior="0" />
      <RootComponent type="92" id="{1a5c32fe-3aaa-eb11-8236-000d3a18d295}" behavior="0" />
      <RootComponent type="92" id="{1c84742c-3aaa-eb11-8236-000d3a18d295}" behavior="0" />
      <RootComponent type="92" id="{2fbf2796-39aa-eb11-8236-000d3a18d295}" behavior="0" />
      <RootComponent type="92" id="{339e88ce-39aa-eb11-8236-000d3a18d295}" behavior="0" />
      <RootComponent type="92" id="{6ebf4e78-3aaa-eb11-8236-000d3a18d295}" behavior="0" />
      <RootComponent type="92" id="{889da845-3aaa-eb11-8236-000d3a18d295}" behavior="0" />
      <RootComponent type="92" id="{9918091b-39aa-eb11-8236-000d3a18d295}" behavior="0" />
      <RootComponent type="92" id="{bfb424fa-c1ad-eb11-8236-000d3a18d295}" behavior="0" />
      <RootComponent type="92" id="{f69f5c9c-3aaa-eb11-8236-000d3a18d295}" behavior="0" />
      <RootComponent type="300" schemaName="cat_archreview_ad455" behavior="0" />
      <RootComponent type="300" schemaName="cat_powercatcomponentlibrary_0be3a" behavior="0" />
    </RootComponents>
    <MissingDependencies>
      <MissingDependency>
        <Required type="61" schemaName="msdyn_/Images/AppModule_Default_Icon.png" displayName="msdyn_/Images/AppModule_Default_Icon.png" solution="AppModuleWebResources (2.5)" />
        <Dependent type="80" schemaName="cat_CodeReviewAdmin" displayName="CodeReviewAdmin" />
      </MissingDependency>
    </MissingDependencies>
  </SolutionManifest>
</ImportExportXml>