<ImportExportXml version="9.1.0.25552" SolutionPackageVersion="9.1" languagecode="1033" generatedBy="CrmLive" xmlns:xsi="http://www.w3.org/2001/XMLSchema-instance">
  <SolutionManifest>
    <UniqueName>PowerPlatformGitHubALM</UniqueName>
    <LocalizedNames>
      <LocalizedName description="Power Platform GitHub ALM" languagecode="1033" />
    </LocalizedNames>
    <Descriptions />
    <Version>1.0.0.63</Version>
    <Managed>1</Managed>
    <Publisher>
      <UniqueName>powercat</UniqueName>
      <LocalizedNames>
        <LocalizedName description="Power CAT" languagecode="1033" />
      </LocalizedNames>
      <Descriptions />
      <EMailAddress xsi:nil="true"></EMailAddress>
      <SupportingWebsiteUrl xsi:nil="true"></SupportingWebsiteUrl>
      <CustomizationPrefix>cat</CustomizationPrefix>
      <CustomizationOptionValuePrefix>80906</CustomizationOptionValuePrefix>
      <Addresses>
        <Address>
          <AddressNumber>1</AddressNumber>
          <AddressTypeCode>1</AddressTypeCode>
          <City xsi:nil="true"></City>
          <County xsi:nil="true"></County>
          <Country xsi:nil="true"></Country>
          <Fax xsi:nil="true"></Fax>
          <FreightTermsCode xsi:nil="true"></FreightTermsCode>
          <ImportSequenceNumber xsi:nil="true"></ImportSequenceNumber>
          <Latitude xsi:nil="true"></Latitude>
          <Line1 xsi:nil="true"></Line1>
          <Line2 xsi:nil="true"></Line2>
          <Line3 xsi:nil="true"></Line3>
          <Longitude xsi:nil="true"></Longitude>
          <Name xsi:nil="true"></Name>
          <PostalCode xsi:nil="true"></PostalCode>
          <PostOfficeBox xsi:nil="true"></PostOfficeBox>
          <PrimaryContactName xsi:nil="true"></PrimaryContactName>
          <ShippingMethodCode>1</ShippingMethodCode>
          <StateOrProvince xsi:nil="true"></StateOrProvince>
          <Telephone1 xsi:nil="true"></Telephone1>
          <Telephone2 xsi:nil="true"></Telephone2>
          <Telephone3 xsi:nil="true"></Telephone3>
          <TimeZoneRuleVersionNumber xsi:nil="true"></TimeZoneRuleVersionNumber>
          <UPSZone xsi:nil="true"></UPSZone>
          <UTCOffset xsi:nil="true"></UTCOffset>
          <UTCConversionTimeZoneCode xsi:nil="true"></UTCConversionTimeZoneCode>
        </Address>
        <Address>
          <AddressNumber>2</AddressNumber>
          <AddressTypeCode>1</AddressTypeCode>
          <City xsi:nil="true"></City>
          <County xsi:nil="true"></County>
          <Country xsi:nil="true"></Country>
          <Fax xsi:nil="true"></Fax>
          <FreightTermsCode xsi:nil="true"></FreightTermsCode>
          <ImportSequenceNumber xsi:nil="true"></ImportSequenceNumber>
          <Latitude xsi:nil="true"></Latitude>
          <Line1 xsi:nil="true"></Line1>
          <Line2 xsi:nil="true"></Line2>
          <Line3 xsi:nil="true"></Line3>
          <Longitude xsi:nil="true"></Longitude>
          <Name xsi:nil="true"></Name>
          <PostalCode xsi:nil="true"></PostalCode>
          <PostOfficeBox xsi:nil="true"></PostOfficeBox>
          <PrimaryContactName xsi:nil="true"></PrimaryContactName>
          <ShippingMethodCode>1</ShippingMethodCode>
          <StateOrProvince xsi:nil="true"></StateOrProvince>
          <Telephone1 xsi:nil="true"></Telephone1>
          <Telephone2 xsi:nil="true"></Telephone2>
          <Telephone3 xsi:nil="true"></Telephone3>
          <TimeZoneRuleVersionNumber xsi:nil="true"></TimeZoneRuleVersionNumber>
          <UPSZone xsi:nil="true"></UPSZone>
          <UTCOffset xsi:nil="true"></UTCOffset>
          <UTCConversionTimeZoneCode xsi:nil="true"></UTCConversionTimeZoneCode>
        </Address>
      </Addresses>
    </Publisher>
    <RootComponents>
      <RootComponent type="1" schemaName="cat_buildrequest" behavior="0" />
      <RootComponent type="1" schemaName="cat_dependency" behavior="0" />
      <RootComponent type="1" schemaName="cat_deploymentstage" behavior="0" />
      <RootComponent type="1" schemaName="cat_devenvironment" behavior="0" />
      <RootComponent type="1" schemaName="cat_project" behavior="0" />
      <RootComponent type="1" schemaName="cat_stringtext" behavior="0" />
      <RootComponent type="1" schemaName="cat_telemetry" behavior="0" />
      <RootComponent type="9" schemaName="cat_buildstatus" behavior="0" />
      <RootComponent type="9" schemaName="cat_deploymentstatus" behavior="0" />
      <RootComponent type="9" schemaName="cat_projectstatus" behavior="0" />
      <RootComponent type="9" schemaName="cat_telemetrytype" behavior="0" />
      <RootComponent type="9" schemaName="cat_type" behavior="0" />
      <RootComponent type="20" id="{fca53f9d-22f1-ea11-a815-000d3a1abe26}" behavior="0" />
      <RootComponent type="29" id="{0405e906-dae1-ea11-a813-000d3a56b702}" behavior="0" />
      <RootComponent type="29" id="{05878f85-5a13-eb11-a813-000d3aa3e77c}" behavior="0" />
      <RootComponent type="29" id="{05dc414d-78eb-ea11-a817-000d3a56b702}" behavior="0" />
      <RootComponent type="29" id="{076afc29-3ce8-ea11-a817-000d3a1abe26}" behavior="0" />
      <RootComponent type="29" id="{2e65873a-a8ed-ea11-a817-000d3a1abe26}" behavior="0" />
      <RootComponent type="29" id="{4528dfaf-782e-eb11-a813-000d3a33febe}" behavior="0" />
      <RootComponent type="29" id="{46735d3d-d2e1-ea11-a813-000d3a1abe26}" behavior="0" />
      <RootComponent type="29" id="{4ada345e-9007-eb11-a813-000d3aa3e751}" behavior="0" />
      <RootComponent type="29" id="{518f39d7-f4e5-ea11-a817-000d3a56b702}" behavior="0" />
      <RootComponent type="29" id="{54afa95f-d7ec-ea11-a817-000d3a1abe26}" behavior="0" />
      <RootComponent type="29" id="{692cd95a-c0e2-ea11-a813-000d3a1abe26}" behavior="0" />
      <RootComponent type="29" id="{6f3ff001-d7ec-ea11-a817-000d3a1abe26}" behavior="0" />
      <RootComponent type="29" id="{73024dfe-53f2-ea11-a815-000d3a56b702}" behavior="0" />
      <RootComponent type="29" id="{ad40cdeb-dce1-ea11-a813-000d3a56b702}" behavior="0" />
      <RootComponent type="29" id="{b2b37f18-27e8-ea11-a817-000d3a56b702}" behavior="0" />
      <RootComponent type="29" id="{b4ea7f57-d0ee-ea11-a817-000d3a1abe26}" behavior="0" />
      <RootComponent type="29" id="{c5ecb6ea-e4e1-ea11-a813-000d3a1abe26}" behavior="0" />
      <RootComponent type="29" id="{cc597e78-44ef-ea11-a815-000d3a1abe26}" behavior="0" />
      <RootComponent type="60" id="{c7325a8f-5811-eb11-a813-000d3aa3e751}" behavior="0" />
      <RootComponent type="70" id="{f86d5743-93f2-ea11-a815-000d3a56b702}" behavior="0" />
      <RootComponent type="300" schemaName="cat_powerappsgithubalm_742d6" behavior="0" />
      <RootComponent type="300" schemaName="cat_poweropsadmin_3c171" behavior="0" />
    </RootComponents>
    <MissingDependencies>
      <MissingDependency>
        <Required key="0" type="1" schemaName="environmentvariabledefinition" displayName="Environment Variable Definition" solution="EnvironmentVariables (1.0.2.50)" />
        <Dependent key="1" type="300" schemaName="cat_powerappsgithubalm_742d6" displayName="PowerOps" />
      </MissingDependency>
      <MissingDependency>
        <Required key="2" type="1" schemaName="environmentvariablevalue" displayName="Environment Variable Value" solution="EnvironmentVariables (1.0.2.50)" />
        <Dependent key="1" type="300" schemaName="cat_powerappsgithubalm_742d6" displayName="PowerOps" />
      </MissingDependency>
      <MissingDependency>
        <Required key="2" type="1" schemaName="environmentvariablevalue" displayName="Environment Variable Value" solution="EnvironmentVariables (1.0.2.50)" />
        <Dependent key="3" type="300" schemaName="cat_poweropsadmin_3c171" displayName="PowerOpsAdmin" />
      </MissingDependency>
      <MissingDependency>
        <Required key="0" type="1" schemaName="environmentvariabledefinition" displayName="Environment Variable Definition" solution="EnvironmentVariables (1.0.2.50)" />
        <Dependent key="3" type="300" schemaName="cat_poweropsadmin_3c171" displayName="PowerOpsAdmin" />
      </MissingDependency>
      <MissingDependency>
        <Required key="2" type="1" schemaName="environmentvariablevalue" displayName="Environment Variable Value" solution="EnvironmentVariables (1.0.2.50)" />
        <Dependent key="4" type="29" displayName="ReadEnvironmentVariable" id="{b2b37f18-27e8-ea11-a817-000d3a56b702}" />
      </MissingDependency>
      <MissingDependency>
        <Required key="0" type="1" schemaName="environmentvariabledefinition" displayName="Environment Variable Definition" solution="EnvironmentVariables (1.0.2.50)" />
        <Dependent key="4" type="29" displayName="ReadEnvironmentVariable" id="{b2b37f18-27e8-ea11-a817-000d3a56b702}" />
      </MissingDependency>
    </MissingDependencies>
  </SolutionManifest>
</ImportExportXml>