<powerbireport uniquename="cr236_7fd91c11a4ba45edbb7a51e21a185a2a">
  <datasetid>
    <uniquename>new_dataset_8b911d86-e82b-468f-a00c-e4db22fc3c22</uniquename>
  </datasetid>
  <etag>637984821799870000</etag>
  <iscustomizable>1</iscustomizable>
  <name>Sales Analytics for Dynamics 365 Sales CH</name>
  <package mimetype="application/zip">package.pbipkg</package>
  <reportobjectid>5c6e5292-d9fa-4268-977e-7798cb6dfc39</reportobjectid>
  <reportoriginalobjectid>2b1279c2-ea68-4cd0-a675-13abf6a45e5e</reportoriginalobjectid>
  <statecode>0</statecode>
  <statuscode>1</statuscode>
  <workspaceobjectid>f04e22ca-bec0-4169-b008-50f62ac656f8</workspaceobjectid>
</powerbireport>