{"properties":{"connectionReferences":{"shared_commondataservice":{"runtimeSource":"embedded","connection":{"connectionReferenceLogicalName":"admin_CDSCoEAuditConnection"},"api":{"name":"shared_commondataservice"}},"shared_office365users":{"runtimeSource":"embedded","connection":{"connectionReferenceLogicalName":"admin_sharedoffice365users_409c1"},"api":{"name":"shared_office365users"}},"shared_commondataserviceforapps_1":{"runtimeSource":"embedded","connection":{"connectionReferenceLogicalName":"admin_CDSCurrentEnvironmentCoEAuditConnection"},"api":{"name":"shared_commondataserviceforapps"}}},"definition":{"$schema":"https://schema.management.azure.com/providers/Microsoft.Logic/schemas/2016-06-01/workflowdefinition.json#","contentVersion":"1.0.0.0","parameters":{"$connections":{"defaultValue":{},"type":"Object"},"$authentication":{"defaultValue":{},"type":"SecureObject"}},"triggers":{"When_a_record_is_created,_updated_or_deleted":{"type":"OpenApiConnectionWebhook","inputs":{"host":{"connectionName":"shared_commondataserviceforapps_1","operationId":"SubscribeWebhookTrigger","apiId":"/providers/Microsoft.PowerApps/apis/shared_commondataserviceforapps"},"parameters":{"subscriptionRequest/message":4,"subscriptionRequest/entityname":"admin_environment","subscriptionRequest/scope":4},"authentication":"@parameters('$authentication')"}}},"actions":{"Check_if_CDS,_terminate_if_not":{"actions":{"Not_CDS_so_no_PVA_Bots":{"runAfter":{},"type":"Terminate","inputs":{"runStatus":"Succeeded"}}},"runAfter":{},"expression":{"equals":["@triggerBody()?['admin_hascds']","@false"]},"type":"If"},"Check_if_Environment_Deleted,_terminate_if_true":{"actions":{"Terminate_2":{"runAfter":{},"type":"Terminate","inputs":{"runStatus":"Succeeded"}}},"runAfter":{"Check_if_CDS,_terminate_if_not":["Succeeded"]},"expression":{"equals":["@triggerBody()?['admin_environmentdeleted']","@true"]},"type":"If"},"Put_RPAs_in_CoE":{"actions":{"For_each_RPA":{"foreach":"@body('List_RPA_Flows')?['value']","actions":{"Extract_Application_Name_from_Client_Data_Part_1":{"runAfter":{},"type":"Compose","inputs":"@substring(items('For_each_RPA')?['clientdata'], add(indexOf(items('For_each_RPA')?['clientdata'], 'ApplicationName'), 18))"},"Extract_Application_Name_from_Client_Data_Part_2":{"runAfter":{"Extract_Application_Name_from_Client_Data_Part_1":["Succeeded"]},"type":"Compose","inputs":"@substring(outputs('Extract_Application_Name_from_Client_Data_Part_1'), 0, indexOf(outputs('Extract_Application_Name_from_Client_Data_Part_1'), '\"'))"},"Find_Owner_and_Update_RPA_in_CoE":{"actions":{"Check_if_made_by_System":{"actions":{"Upsert_RPA_(System_Owner)":{"runAfter":{},"metadata":{"flowSystemMetadata":{"swaggerOperationId":"PatchItem_V2"}},"type":"ApiConnection","inputs":{"host":{"connection":{"name":"@parameters('$connections')['shared_commondataservice']['connectionId']"}},"method":"patch","body":{"admin_name":"@{items('For_each_RPA')?['workflowid']}","admin_applicationname":"@{outputs('Extract_Application_Name_from_Client_Data_Part_2')}","admin_displayname":"@{items('For_each_RPA')?['name']}","admin_rpacreatedon":"@{items('For_each_RPA')?['createdon']}","admin_rpaenvironment":"@triggerOutputs()?['body/admin_environmentid']","admin_rpaisorphaned":"No","admin_rpamodifiedon":"@{items('For_each_RPA')?['modifiedon']}","admin_rpastate":"@{items('For_each_RPA')?['_componentstate_label']}","admin_uiflowtype":"@{items('For_each_RPA')?['_uiflowtype_label']}","admin_url":"@body('Parse_RPA_JSON')?['properties']?['definition']?['url']","_ownerid_type":"","_admin_rpaowner_value":"SYSTEM"},"path":"/v2/datasets/@{encodeURIComponent(encodeURIComponent('default.cds'))}/tables/@{encodeURIComponent(encodeURIComponent('admin_rpas'))}/items/@{encodeURIComponent(encodeURIComponent(items('For_each_RPA')?['ItemInternalId']))}","authentication":"@parameters('$authentication')"}}},"runAfter":{"Get_Bot_Creator":["Succeeded"]},"else":{"actions":{"Get_user_profile_(V2)":{"runAfter":{},"metadata":{"flowSystemMetadata":{"swaggerOperationId":"UserProfile_V2"}},"type":"ApiConnection","inputs":{"host":{"connection":{"name":"@parameters('$connections')['shared_office365users']['connectionId']"}},"method":"get","path":"/codeless/v1.0/users/@{encodeURIComponent(body('Get_Bot_Creator')?['azureactivedirectoryobjectid'])}","authentication":"@parameters('$authentication')"}},"Switch":{"runAfter":{"Get_user_profile_(V2)":["Succeeded","Failed"]},"cases":{"200_Success":{"case":200,"actions":{"Upsert_PVA_Maker":{"runAfter":{},"metadata":{"flowSystemMetadata":{"swaggerOperationId":"PatchItem_V2"}},"type":"ApiConnection","inputs":{"host":{"connection":{"name":"@parameters('$connections')['shared_commondataservice']['connectionId']"}},"method":"patch","body":{"admin_displayname":"@body('Get_user_profile_(V2)')?['displayName']","admin_city":"@body('Get_user_profile_(V2)')?['city']","admin_country":"@body('Get_user_profile_(V2)')?['country']","admin_department":"@body('Get_user_profile_(V2)')?['department']","admin_jobtitle":"@body('Get_user_profile_(V2)')?['jobTitle']","admin_office":"@body('Get_user_profile_(V2)')?['officeLocation']","admin_userprincipalname":"@body('Get_user_profile_(V2)')?['userPrincipalName']","_ownerid_type":""},"path":"/v2/datasets/@{encodeURIComponent(encodeURIComponent('default.cds'))}/tables/@{encodeURIComponent(encodeURIComponent('admin_makers'))}/items/@{encodeURIComponent(encodeURIComponent(body('Get_user_profile_(V2)')?['id']))}","authentication":"@parameters('$authentication')","retryPolicy":{"type":"exponential","count":10,"interval":"PT10S"}}},"Upsert_a_record":{"runAfter":{"Upsert_PVA_Maker":["Succeeded"]},"metadata":{"flowSystemMetadata":{"swaggerOperationId":"PatchItem_V2"}},"type":"ApiConnection","inputs":{"host":{"connection":{"name":"@parameters('$connections')['shared_commondataservice']['connectionId']"}},"method":"patch","body":{"admin_name":"@{items('For_each_RPA')?['workflowid']}","admin_applicationname":"@{outputs('Extract_Application_Name_from_Client_Data_Part_2')}","admin_displayname":"@{items('For_each_RPA')?['name']}","admin_rpacreatedon":"@{items('For_each_RPA')?['createdon']}","admin_rpaenvironment":"@triggerOutputs()?['body/admin_environmentid']","admin_rpaisorphaned":"No","admin_rpamodifiedon":"@{items('For_each_RPA')?['modifiedon']}","admin_rpastate":"@{items('For_each_RPA')?['_componentstate_label']}","statecode":0,"admin_uiflowtype":"@{items('For_each_RPA')?['_uiflowtype_label']}","admin_url":"@body('Parse_RPA_JSON')?['properties']?['definition']?['url']","_admin_rpaowner_value":"@body('Upsert_PVA_Maker')?['admin_makerid']"},"path":"/v2/datasets/@{encodeURIComponent(encodeURIComponent('default.cds'))}/tables/@{encodeURIComponent(encodeURIComponent('admin_rpas'))}/items/@{encodeURIComponent(encodeURIComponent(items('For_each_RPA')?['ItemInternalId']))}","authentication":"@parameters('$authentication')","retryPolicy":{"type":"exponential","count":10,"interval":"PT10S"}}}}},"404_User_Not_Found":{"case":404,"actions":{"Update_a_record":{"runAfter":{},"metadata":{"flowSystemMetadata":{"swaggerOperationId":"PatchItem_V2"}},"type":"ApiConnection","inputs":{"host":{"connection":{"name":"@parameters('$connections')['shared_commondataservice']['connectionId']"}},"method":"patch","body":{"admin_name":"@{items('For_each_RPA')?['workflowid']}","admin_applicationname":"@{outputs('Extract_Application_Name_from_Client_Data_Part_2')}","admin_displayname":"@{items('For_each_RPA')?['name']}","admin_rpacreatedon":"@{items('For_each_RPA')?['createdon'] }","admin_rpaenvironment":"@triggerOutputs()?['body/admin_environmentid']","admin_rpaisorphaned":"Yes","admin_rpamodifiedon":"@{items('For_each_RPA')?['modifiedon']}","admin_rpastate":"@{items('For_each_RPA')?['_componentstate_label']}","statecode":0,"admin_uiflowtype":"@{items('For_each_RPA')?['_uiflowtype_label']}","admin_url":"@body('Parse_RPA_JSON')?['properties']?['definition']?['url']","_ownerid_type":""},"path":"/v2/datasets/@{encodeURIComponent(encodeURIComponent('default.cds'))}/tables/@{encodeURIComponent(encodeURIComponent('admin_rpas'))}/items/@{encodeURIComponent(encodeURIComponent(items('For_each_RPA')?['ItemInternalId']))}","authentication":"@parameters('$authentication')"}}}}},"default":{"actions":{}},"expression":"@outputs('Get_user_profile_(V2)')['StatusCode']","type":"Switch"}}},"expression":{"equals":["@body('Get_Bot_Creator')['fullname']","SYSTEM"]},"type":"If"},"Get_Bot_Creator":{"runAfter":{},"metadata":{"flowSystemMetadata":{"swaggerOperationId":"GetItem_V2"}},"type":"ApiConnection","inputs":{"host":{"connection":{"name":"@parameters('$connections')['shared_commondataservice']['connectionId']"}},"method":"get","path":"/v2/datasets/@{encodeURIComponent(encodeURIComponent(triggerOutputs()?['body/admin_environmentcdsmetadataname']))}/tables/@{encodeURIComponent(encodeURIComponent('systemusers'))}/items/@{encodeURIComponent(encodeURIComponent(items('For_each_RPA')?['_ownerid_value']))}","authentication":"@parameters('$authentication')","retryPolicy":{"type":"exponential","count":10,"interval":"PT10S"}}}},"runAfter":{"Parse_RPA_JSON":["Succeeded","Failed"]},"type":"Scope"},"Parse_RPA_JSON":{"runAfter":{"Extract_Application_Name_from_Client_Data_Part_2":["Succeeded"]},"type":"ParseJson","inputs":{"content":"@items('For_each_RPA')?['clientdata']","schema":{"type":"object","properties":{"schemaVersion":{"type":"string"},"targets":{"type":"object","properties":{"schema":{"type":"object","properties":{"properties":{"type":"object","properties":{"XD22JMjhEkyAAS8lVpFe+w==":{"type":"object","properties":{"name":{"type":"string"},"path":{"type":"string"},"version":{"type":"string"},"processId":{"type":"integer"},"icon":{"type":"string"},"mainWindowTitle":{"type":"string"},"systemConfiguration":{"type":"object","properties":{"keyboard":{"type":"object","properties":{"layoutId":{"type":"string"}}},"screen":{"type":"object","properties":{"width":{"type":"integer"},"height":{"type":"integer"},"scale":{"type":"integer"}}}}},"automationType":{"type":"string"}}}}}}}}}}}}}},"runAfter":{},"type":"Foreach"}},"runAfter":{"Get_RPAs_and_Exit_if_no_RPAs_in_envt_or_if_no_permissions":["Succeeded"]},"type":"Scope"},"Put_RPAs_in_CoE_failed_-_Error_Handling":{"actions":{"Create_a_new_record_-_Sync_Flow_Errors":{"runAfter":{},"metadata":{"flowSystemMetadata":{"swaggerOperationId":"PostItem_V2"}},"type":"ApiConnection","inputs":{"host":{"connection":{"name":"@parameters('$connections')['shared_commondataservice']['connectionId']"}},"method":"post","body":{"admin_name":"Admin | Sync Template v2 (RPA)","admin_flowinstanceurl":"@{concat(variables('flowEnvironment'), workflow()?['tags']['environmentName'], '/flows/', workflow()?['name'], '/runs/', workflow()?['run']['name'])}","_ownerid_type":""},"path":"/v2/datasets/@{encodeURIComponent(encodeURIComponent('default.cds'))}/tables/@{encodeURIComponent(encodeURIComponent('admin_syncflowerrorses'))}/items","authentication":"@parameters('$authentication')","retryPolicy":{"type":"exponential","count":10,"interval":"PT10S"}}},"Terminate":{"runAfter":{"Create_a_new_record_-_Sync_Flow_Errors":["Succeeded"]},"type":"Terminate","inputs":{"runStatus":"Failed","runError":{"code":"500","message":"Get RPAs Failed"}}}},"runAfter":{"Put_RPAs_in_CoE":["Failed"]},"type":"Scope"},"Get_RPAs_and_Exit_if_no_RPAs_in_envt_or_if_no_permissions":{"actions":{"List_RPA_Flows":{"runAfter":{},"metadata":{"flowSystemMetadata":{"swaggerOperationId":"GetItems_V2"}},"type":"ApiConnection","inputs":{"host":{"connection":{"name":"@parameters('$connections')['shared_commondataservice']['connectionId']"}},"method":"get","path":"/v2/datasets/@{encodeURIComponent(encodeURIComponent(triggerOutputs()?['body/admin_environmentcdsmetadataname']))}/tables/@{encodeURIComponent(encodeURIComponent('workflows'))}/items","queries":{"$filter":"category eq 6 and uiflowtype ne 101"},"authentication":"@parameters('$authentication')","retryPolicy":{"type":"exponential","count":10,"interval":"PT10S"}},"runtimeConfiguration":{"paginationPolicy":{"minimumItemCount":100000}}},"Count_bots":{"actions":{"Quit_if_no_bots":{"runAfter":{},"type":"Terminate","inputs":{"runStatus":"Succeeded"}}},"runAfter":{"Terminate_if_no_access":["Skipped"]},"expression":{"equals":["@length(body('List_RPA_Flows')?['value'])",0]},"type":"If"},"Terminate_if_no_access":{"runAfter":{"List_RPA_Flows":["Failed","TimedOut"]},"type":"Terminate","inputs":{"runStatus":"Failed","runError":{"code":"404","message":"Unauthorized"}}}},"runAfter":{"Set_Env_Var_-_PowerAutomateEnvironmentVariable":["Succeeded"]},"type":"Scope"},"Initialize_Flow_Environment_variable":{"runAfter":{"Check_if_Teams_SKU,_terminate_if_true":["Succeeded"]},"type":"InitializeVariable","inputs":{"variables":[{"name":"flowEnvironment","type":"String"}]},"description":"Environment location specific Flow URL - remember / at the end"},"Set_Env_Var_-_PowerAutomateEnvironmentVariable":{"actions":{"ListDefns-PowerAutomateEnvironmentVariable":{"runAfter":{},"metadata":{"flowSystemMetadata":{"swaggerOperationId":"GetItems_V2"}},"type":"ApiConnection","inputs":{"host":{"connection":{"name":"@parameters('$connections')['shared_commondataservice']['connectionId']"}},"method":"get","path":"/v2/datasets/@{encodeURIComponent(encodeURIComponent('default.cds'))}/tables/@{encodeURIComponent(encodeURIComponent('environmentvariabledefinitions'))}/items","queries":{"$filter":"schemaname eq 'admin_PowerAutomateEnvironmentVariable'"},"authentication":"@parameters('$authentication')"},"runtimeConfiguration":{"paginationPolicy":{"minimumItemCount":10000}}},"ListCurrents-PowerAutomateEnvironmentVariable":{"runAfter":{"GetDefnID-PowerAutomateEnvironmentVariable":["Succeeded"]},"metadata":{"flowSystemMetadata":{"swaggerOperationId":"GetItems_V2"}},"type":"ApiConnection","inputs":{"host":{"connection":{"name":"@parameters('$connections')['shared_commondataservice']['connectionId']"}},"method":"get","path":"/v2/datasets/@{encodeURIComponent(encodeURIComponent('default.cds'))}/tables/@{encodeURIComponent(encodeURIComponent('environmentvariablevalues'))}/items","queries":{"$filter":"_environmentvariabledefinitionid_value eq @{outputs('GetDefnID-PowerAutomateEnvironmentVariable')}"},"authentication":"@parameters('$authentication')"},"runtimeConfiguration":{"paginationPolicy":{"minimumItemCount":10000}}},"GetDefnID-PowerAutomateEnvironmentVariable":{"runAfter":{"ListDefns-PowerAutomateEnvironmentVariable":["Succeeded"]},"type":"Compose","inputs":"@first(body('ListDefns-PowerAutomateEnvironmentVariable')?['value'])?['ItemInternalId']"},"flowEnvironment_-__if_no_Current,_use_Default":{"actions":{"Set_flowEnvironment_-_CurrentValue":{"runAfter":{},"type":"SetVariable","inputs":{"name":"flowEnvironment","value":"@{first(body('ListCurrents-PowerAutomateEnvironmentVariable')?['value'])?['Value']}"}}},"runAfter":{"ListCurrents-PowerAutomateEnvironmentVariable":["Succeeded"]},"else":{"actions":{"Set_flowEnvironment_-_DefaultValue":{"runAfter":{},"type":"SetVariable","inputs":{"name":"flowEnvironment","value":"@{first(body('ListDefns-PowerAutomateEnvironmentVariable')?['value'])?['defaultvalue']}"}},"flowEnvironment_-_if_no_Default,_fail_here":{"actions":{"flowEnvironment_-_Flow_cannot_succeed_without_this_variable":{"runAfter":{},"type":"Terminate","inputs":{"runStatus":"Failed","runError":{"code":"404","message":"No value found for required Env Variable. "}}}},"runAfter":{"Set_flowEnvironment_-_DefaultValue":["Succeeded"]},"expression":{"equals":["@empty(variables('flowEnvironment'))","@true"]},"type":"If"}}},"expression":{"greaterOrEquals":["@length(body('ListCurrents-PowerAutomateEnvironmentVariable')?['value'])",1]},"type":"If"}},"runAfter":{"Initialize_Flow_Environment_variable":["Succeeded"]},"type":"Scope"},"Check_if_Teams_SKU,_terminate_if_true":{"actions":{"Inquiry_not_supported_for_Teams_Sku":{"runAfter":{},"type":"Terminate","inputs":{"runStatus":"Succeeded"}}},"runAfter":{"Check_if_Dev_SKU,_terminate_if_true":["Succeeded"]},"expression":{"equals":["@triggerOutputs()?['body/admin_environmentsku']","Teams"]},"type":"If"},"Check_if_Dev_SKU,_terminate_if_true":{"actions":{"Inquiry_not_supported_for_Dev_Sku":{"runAfter":{},"type":"Terminate","inputs":{"runStatus":"Succeeded"}}},"runAfter":{"Check_if_Environment_Deleted,_terminate_if_true":["Succeeded"]},"expression":{"equals":["@triggerBody()?['admin_environmentsku']","Developer"]},"type":"If"}},"outputs":{}}},"schemaVersion":"1.0.0.0"}