<ImportExportXml version="9.1.0.4437" SolutionPackageVersion="9.1" languagecode="1033" generatedBy="CrmLive" xmlns:xsi="http://www.w3.org/2001/XMLSchema-instance">
  <SolutionManifest>
    <UniqueName>ConferenceApp</UniqueName>
    <LocalizedNames>
      <LocalizedName description="ConferenceApp" languagecode="1033" />
    </LocalizedNames>
    <Descriptions />
    <Version>1.0.0.1</Version>
    <Managed>0</Managed>
    <Publisher>
      <UniqueName>Cr4374b</UniqueName>
      <LocalizedNames>
        <LocalizedName description="CDS Default Publisher" languagecode="1033" />
      </LocalizedNames>
      <Descriptions />
      <EMailAddress xsi:nil="true"></EMailAddress>
      <SupportingWebsiteUrl xsi:nil="true"></SupportingWebsiteUrl>
      <CustomizationPrefix>crde8</CustomizationPrefix>
      <CustomizationOptionValuePrefix>63267</CustomizationOptionValuePrefix>
      <Addresses>
        <Address>
          <AddressNumber>1</AddressNumber>
          <AddressTypeCode>1</AddressTypeCode>
          <City xsi:nil="true"></City>
          <County xsi:nil="true"></County>
          <Country xsi:nil="true"></Country>
          <Fax xsi:nil="true"></Fax>
          <FreightTermsCode xsi:nil="true"></FreightTermsCode>
          <ImportSequenceNumber xsi:nil="true"></ImportSequenceNumber>
          <Latitude xsi:nil="true"></Latitude>
          <Line1 xsi:nil="true"></Line1>
          <Line2 xsi:nil="true"></Line2>
          <Line3 xsi:nil="true"></Line3>
          <Longitude xsi:nil="true"></Longitude>
          <Name xsi:nil="true"></Name>
          <PostalCode xsi:nil="true"></PostalCode>
          <PostOfficeBox xsi:nil="true"></PostOfficeBox>
          <PrimaryContactName xsi:nil="true"></PrimaryContactName>
          <ShippingMethodCode>1</ShippingMethodCode>
          <StateOrProvince xsi:nil="true"></StateOrProvince>
          <Telephone1 xsi:nil="true"></Telephone1>
          <Telephone2 xsi:nil="true"></Telephone2>
          <Telephone3 xsi:nil="true"></Telephone3>
          <TimeZoneRuleVersionNumber xsi:nil="true"></TimeZoneRuleVersionNumber>
          <UPSZone xsi:nil="true"></UPSZone>
          <UTCOffset xsi:nil="true"></UTCOffset>
          <UTCConversionTimeZoneCode xsi:nil="true"></UTCConversionTimeZoneCode>
        </Address>
        <Address>
          <AddressNumber>2</AddressNumber>
          <AddressTypeCode>1</AddressTypeCode>
          <City xsi:nil="true"></City>
          <County xsi:nil="true"></County>
          <Country xsi:nil="true"></Country>
          <Fax xsi:nil="true"></Fax>
          <FreightTermsCode xsi:nil="true"></FreightTermsCode>
          <ImportSequenceNumber xsi:nil="true"></ImportSequenceNumber>
          <Latitude xsi:nil="true"></Latitude>
          <Line1 xsi:nil="true"></Line1>
          <Line2 xsi:nil="true"></Line2>
          <Line3 xsi:nil="true"></Line3>
          <Longitude xsi:nil="true"></Longitude>
          <Name xsi:nil="true"></Name>
          <PostalCode xsi:nil="true"></PostalCode>
          <PostOfficeBox xsi:nil="true"></PostOfficeBox>
          <PrimaryContactName xsi:nil="true"></PrimaryContactName>
          <ShippingMethodCode>1</ShippingMethodCode>
          <StateOrProvince xsi:nil="true"></StateOrProvince>
          <Telephone1 xsi:nil="true"></Telephone1>
          <Telephone2 xsi:nil="true"></Telephone2>
          <Telephone3 xsi:nil="true"></Telephone3>
          <TimeZoneRuleVersionNumber xsi:nil="true"></TimeZoneRuleVersionNumber>
          <UPSZone xsi:nil="true"></UPSZone>
          <UTCOffset xsi:nil="true"></UTCOffset>
          <UTCConversionTimeZoneCode xsi:nil="true"></UTCConversionTimeZoneCode>
        </Address>
      </Addresses>
    </Publisher>
    <RootComponents>
      <RootComponent type="1" schemaName="crde8_comment" behavior="0" />
      <RootComponent type="1" schemaName="crde8_faq" behavior="0" />
      <RootComponent type="1" schemaName="crde8_feed" behavior="0" />
      <RootComponent type="1" schemaName="crde8_interest" behavior="0" />
      <RootComponent type="1" schemaName="crde8_session" behavior="0" />
      <RootComponent type="1" schemaName="crde8_setting" behavior="0" />
      <RootComponent type="1" schemaName="crde8_speaker" behavior="0" />
      <RootComponent type="1" schemaName="crde8_venue" behavior="0" />
      <RootComponent type="9" schemaName="crde8_level" behavior="0" />
      <RootComponent type="9" schemaName="crde8_sessiontype" behavior="0" />
      <RootComponent type="9" schemaName="crde8_track" behavior="0" />
      <RootComponent type="61" schemaName="crde8_cssLoader" behavior="0" />
      <RootComponent type="61" schemaName="crde8_mrw_icon" behavior="0" />
      <RootComponent type="80" schemaName="crde8_ConfappManagement" behavior="0" />
      <RootComponent type="300" schemaName="crde8_mrwconferenceapp_5a694" behavior="0" />
    </RootComponents>
    <MissingDependencies>
      <MissingDependency>
        <Required key="0" type="1" schemaName="new_sessionreview" displayName="Session Review" solution="Active" />
        <Dependent key="1" type="80" schemaName="crde8_ConfappManagement" displayName="Conference Admin App" />
      </MissingDependency>
      <MissingDependency>
        <Required key="0" type="1" schemaName="new_sessionreview" displayName="Session Review" solution="Active" />
        <Dependent key="2" type="1" schemaName="crde8_session" displayName="Session" />
      </MissingDependency>
      <MissingDependency>
        <Required key="3" type="1" schemaName="cr341_registration" displayName="Registration" solution="Active" />
        <Dependent key="4" type="1" schemaName="crde8_speaker" displayName="Speaker" />
      </MissingDependency>
      <MissingDependency>
        <Required key="3" type="1" schemaName="cr341_registration" displayName="Registration" solution="Active" />
        <Dependent key="2" type="1" schemaName="crde8_session" displayName="Session" />
      </MissingDependency>
      <MissingDependency>
        <Required key="5" type="1" schemaName="cr341_userregistration" displayName="User Registration" solution="Active" />
        <Dependent key="2" type="1" schemaName="crde8_session" displayName="Session" />
      </MissingDependency>
      <MissingDependency>
        <Required key="6" type="9" schemaName="cr341_sessionstatus" displayName="SessionStatus" solution="Active" />
        <Dependent key="7" type="2" schemaName="cr341_sessionstatus" displayName="Session Status" parentSchemaName="crde8_session" parentDisplayName="Session" />
      </MissingDependency>
      <MissingDependency>
        <Required key="8" type="29" displayName="Session Review" solution="Active" id="{9eca218a-dc6a-4330-80af-37b58d7df367}" />
        <Dependent key="1" type="80" schemaName="crde8_ConfappManagement" displayName="Conference Admin App" />
      </MissingDependency>
      <MissingDependency>
        <Required key="9" type="62" schemaName="crde8_ConfappManagement" solution="Active" />
        <Dependent key="1" type="80" schemaName="crde8_ConfappManagement" displayName="Conference Admin App" />
      </MissingDependency>
      <MissingDependency>
        <Required key="10" type="66" schemaName="MscrmControls.Canvas.CanvasRecordControl" displayName="MscrmControls.Canvas.CanvasRecordControl" solution="BaseCustomControlsCore (9.0.1904.2003)" />
        <Dependent key="11" type="60" displayName="Information" parentDisplayName="Session" id="{6fa3c190-6ae1-4456-b18c-578912594fb8}" />
      </MissingDependency>
      <MissingDependency>
        <Required key="10" type="66" schemaName="MscrmControls.Canvas.CanvasRecordControl" displayName="MscrmControls.Canvas.CanvasRecordControl" solution="BaseCustomControlsCore (9.0.1904.2003)" />
        <Dependent key="12" type="60" displayName="Information" parentDisplayName="Feed" id="{44e0ce93-1fa5-4b32-a3a9-0f872c8ee836}" />
      </MissingDependency>
    </MissingDependencies>
  </SolutionManifest>
</ImportExportXml>