<ImportExportXml version="9.1.0.10968" SolutionPackageVersion="9.1" languagecode="1033" generatedBy="CrmLive" xmlns:xsi="http://www.w3.org/2001/XMLSchema-instance">
  <SolutionManifest>
    <UniqueName>CenterofExcellenceAuditComponents</UniqueName>
    <LocalizedNames>
      <LocalizedName description="Center of Excellence - Compliance and Report Components" languagecode="1033" />
    </LocalizedNames>
    <Descriptions />
    <Version>1.5</Version>
    <Managed>1</Managed>
    <Publisher>
      <UniqueName>powerplatformadmin</UniqueName>
      <LocalizedNames>
        <LocalizedName description="Power Platform Admin" languagecode="1033" />
      </LocalizedNames>
      <Descriptions />
      <EMailAddress xsi:nil="true"></EMailAddress>
      <SupportingWebsiteUrl xsi:nil="true"></SupportingWebsiteUrl>
      <CustomizationPrefix>admin</CustomizationPrefix>
      <CustomizationOptionValuePrefix>59791</CustomizationOptionValuePrefix>
      <Addresses>
        <Address>
          <AddressNumber>1</AddressNumber>
          <AddressTypeCode>1</AddressTypeCode>
          <City xsi:nil="true"></City>
          <County xsi:nil="true"></County>
          <Country xsi:nil="true"></Country>
          <Fax xsi:nil="true"></Fax>
          <FreightTermsCode xsi:nil="true"></FreightTermsCode>
          <ImportSequenceNumber xsi:nil="true"></ImportSequenceNumber>
          <Latitude xsi:nil="true"></Latitude>
          <Line1 xsi:nil="true"></Line1>
          <Line2 xsi:nil="true"></Line2>
          <Line3 xsi:nil="true"></Line3>
          <Longitude xsi:nil="true"></Longitude>
          <Name xsi:nil="true"></Name>
          <PostalCode xsi:nil="true"></PostalCode>
          <PostOfficeBox xsi:nil="true"></PostOfficeBox>
          <PrimaryContactName xsi:nil="true"></PrimaryContactName>
          <ShippingMethodCode>1</ShippingMethodCode>
          <StateOrProvince xsi:nil="true"></StateOrProvince>
          <Telephone1 xsi:nil="true"></Telephone1>
          <Telephone2 xsi:nil="true"></Telephone2>
          <Telephone3 xsi:nil="true"></Telephone3>
          <TimeZoneRuleVersionNumber xsi:nil="true"></TimeZoneRuleVersionNumber>
          <UPSZone xsi:nil="true"></UPSZone>
          <UTCOffset xsi:nil="true"></UTCOffset>
          <UTCConversionTimeZoneCode xsi:nil="true"></UTCConversionTimeZoneCode>
        </Address>
        <Address>
          <AddressNumber>2</AddressNumber>
          <AddressTypeCode>1</AddressTypeCode>
          <City xsi:nil="true"></City>
          <County xsi:nil="true"></County>
          <Country xsi:nil="true"></Country>
          <Fax xsi:nil="true"></Fax>
          <FreightTermsCode xsi:nil="true"></FreightTermsCode>
          <ImportSequenceNumber xsi:nil="true"></ImportSequenceNumber>
          <Latitude xsi:nil="true"></Latitude>
          <Line1 xsi:nil="true"></Line1>
          <Line2 xsi:nil="true"></Line2>
          <Line3 xsi:nil="true"></Line3>
          <Longitude xsi:nil="true"></Longitude>
          <Name xsi:nil="true"></Name>
          <PostalCode xsi:nil="true"></PostalCode>
          <PostOfficeBox xsi:nil="true"></PostOfficeBox>
          <PrimaryContactName xsi:nil="true"></PrimaryContactName>
          <ShippingMethodCode>1</ShippingMethodCode>
          <StateOrProvince xsi:nil="true"></StateOrProvince>
          <Telephone1 xsi:nil="true"></Telephone1>
          <Telephone2 xsi:nil="true"></Telephone2>
          <Telephone3 xsi:nil="true"></Telephone3>
          <TimeZoneRuleVersionNumber xsi:nil="true"></TimeZoneRuleVersionNumber>
          <UPSZone xsi:nil="true"></UPSZone>
          <UTCOffset xsi:nil="true"></UTCOffset>
          <UTCConversionTimeZoneCode xsi:nil="true"></UTCConversionTimeZoneCode>
        </Address>
      </Addresses>
    </Publisher>
    <RootComponents>
      <RootComponent type="1" schemaName="admin_archiveapproval" behavior="0" />
      <RootComponent type="1" schemaName="new_bpf_ffa183a676d64ec9aee6a558129651a2" behavior="0" />
      <RootComponent type="29" id="{10610458-cbee-e911-a86a-000d3a37207b}" behavior="0" />
      <RootComponent type="29" id="{11f2ff3d-0987-e911-a856-000d3a372932}" behavior="0" />
      <RootComponent type="29" id="{311bca28-f92b-ea11-a810-000d3a31c867}" behavior="0" />
      <RootComponent type="29" id="{396c86a3-d1f4-e911-a86e-000d3a37207b}" behavior="0" />
      <RootComponent type="29" id="{b074a5a6-d1f4-e911-a858-000d3a3627b3}" behavior="0" />
      <RootComponent type="29" id="{ffa183a6-76d6-4ec9-aee6-a558129651a2}" behavior="0" />
      <RootComponent type="62" schemaName="admin_AppArchiveandCleanUpView" behavior="0" />
      <RootComponent type="80" schemaName="admin_AppArchiveandCleanUpView" behavior="0" />
      <RootComponent type="300" schemaName="admin_powerappcreatorportal_046cc" behavior="0" />
      <RootComponent type="380" id="{0646009f-f32b-ea11-a810-000d3a31cf04}" behavior="0" />
      <RootComponent type="380" id="{775c849f-4d2d-ea11-a810-000d3a31cf04}" behavior="0" />
      <RootComponent type="380" id="{bd60d7cb-4d2d-ea11-a810-000d3a31cf04}" behavior="0" />
      <RootComponent type="380" id="{d00e3252-602d-ea11-a810-000d3a31cf04}" behavior="0" />
      <RootComponent type="380" id="{e3ad5eab-f32b-ea11-a810-000d3a31cf04}" behavior="0" />
      <RootComponent type="380" id="{ee8e5ea9-5c2d-ea11-a810-000d3a31cf04}" behavior="0" />
    </RootComponents>
    <MissingDependencies>
      <MissingDependency>
        <Required key="0" type="1" schemaName="admin_app" displayName="PowerApps App" solution="Active" />
        <Dependent key="1" type="26" schemaName="Active PowerApps App Approval BPF on my PowerApps Apps" displayName="Active PowerApps App Approval BPF on my PowerApps Apps" parentSchemaName="new_bpf_ffa183a676d64ec9aee6a558129651a2" parentDisplayName="PowerApps App Approval BPF" id="{08648474-9d56-4b52-816a-f882330a16ee}" />
      </MissingDependency>
      <MissingDependency>
        <Required key="2" type="1" schemaName="admin_environment" displayName="Environment" solution="Active" />
        <Dependent key="3" type="300" schemaName="admin_powerappcreatorportal_046cc" displayName="Developer Compliance Center" />
      </MissingDependency>
      <MissingDependency>
        <Required key="4" type="1" schemaName="admin_coesettings" displayName="COE Settings" solution="Active" />
        <Dependent key="3" type="300" schemaName="admin_powerappcreatorportal_046cc" displayName="Developer Compliance Center" />
      </MissingDependency>
      <MissingDependency>
        <Required key="5" type="1" schemaName="admin_maker" displayName="Maker" solution="Active" />
        <Dependent key="3" type="300" schemaName="admin_powerappcreatorportal_046cc" displayName="Developer Compliance Center" />
      </MissingDependency>
      <MissingDependency>
        <Required key="0" type="1" schemaName="admin_app" displayName="PowerApps App" solution="Active" />
        <Dependent key="3" type="300" schemaName="admin_powerappcreatorportal_046cc" displayName="Developer Compliance Center" />
      </MissingDependency>
      <MissingDependency>
        <Required key="0" type="1" schemaName="admin_app" displayName="PowerApps App" solution="Active" />
        <Dependent key="6" type="26" schemaName="Inactive PowerApps App Approval BPF on my PowerApps Apps" displayName="Inactive PowerApps App Approval BPF on my PowerApps Apps" parentSchemaName="new_bpf_ffa183a676d64ec9aee6a558129651a2" parentDisplayName="PowerApps App Approval BPF" id="{7aa64343-9d7e-4e87-a83c-273ec907b5df}" />
      </MissingDependency>
      <MissingDependency>
        <Required key="0" type="1" schemaName="admin_app" displayName="PowerApps App" solution="Active" />
        <Dependent key="7" type="29" displayName="PowerApps App Approval BPF" id="{ffa183a6-76d6-4ec9-aee6-a558129651a2}" />
      </MissingDependency>
      <MissingDependency>
        <Required key="0" type="1" schemaName="admin_app" displayName="PowerApps App" solution="Active" />
        <Dependent key="8" type="10" schemaName="bpf_admin_app_new_bpf_ffa183a676d64ec9aee6a558129651a2" displayName="bpf_admin_app_new_bpf_ffa183a676d64ec9aee6a558129651a2" parentSchemaName="new_bpf_ffa183a676d64ec9aee6a558129651a2" parentDisplayName="PowerApps App Approval BPF" />
      </MissingDependency>
      <MissingDependency>
        <Required key="9" type="2" schemaName="admin_riskassessment" displayName="Admin Requirement - Risk Assessment" parentSchemaName="admin_app" parentDisplayName="PowerApps App" solution="Active" />
        <Dependent key="10" type="60" displayName="Information" parentDisplayName="PowerApps App Approval BPF" id="{e97c9a87-7493-477a-84ce-d20073f97185}" />
      </MissingDependency>
      <MissingDependency>
        <Required key="11" type="2" schemaName="admin_inappcatalogfeatured" displayName="In App Catalog Featured" parentSchemaName="admin_app" parentDisplayName="PowerApps App" solution="Active" />
        <Dependent key="10" type="60" displayName="Information" parentDisplayName="PowerApps App Approval BPF" id="{e97c9a87-7493-477a-84ce-d20073f97185}" />
      </MissingDependency>
      <MissingDependency>
        <Required key="12" type="2" schemaName="admin_requirement_5" displayName="Mitigation Plan Provided" parentSchemaName="admin_app" parentDisplayName="PowerApps App" solution="Active" />
        <Dependent key="10" type="60" displayName="Information" parentDisplayName="PowerApps App Approval BPF" id="{e97c9a87-7493-477a-84ce-d20073f97185}" />
      </MissingDependency>
      <MissingDependency>
        <Required key="13" type="2" schemaName="admin_makersubmittedrequirements" displayName="Maker Submitted Requirements" parentSchemaName="admin_app" parentDisplayName="PowerApps App" solution="Active" />
        <Dependent key="10" type="60" displayName="Information" parentDisplayName="PowerApps App Approval BPF" id="{e97c9a87-7493-477a-84ce-d20073f97185}" />
      </MissingDependency>
      <MissingDependency>
        <Required key="14" type="2" schemaName="admin_requirement_4" displayName="Maker Requirement - Business Impact" parentSchemaName="admin_app" parentDisplayName="PowerApps App" solution="Active" />
        <Dependent key="10" type="60" displayName="Information" parentDisplayName="PowerApps App Approval BPF" id="{e97c9a87-7493-477a-84ce-d20073f97185}" />
      </MissingDependency>
      <MissingDependency>
        <Required key="15" type="2" schemaName="admin_inappcatalog" displayName="In App Catalog" parentSchemaName="admin_app" parentDisplayName="PowerApps App" solution="Active" />
        <Dependent key="10" type="60" displayName="Information" parentDisplayName="PowerApps App Approval BPF" id="{e97c9a87-7493-477a-84ce-d20073f97185}" />
      </MissingDependency>
      <MissingDependency>
        <Required key="16" type="2" schemaName="admin_category" displayName="Category" parentSchemaName="admin_app" parentDisplayName="PowerApps App" solution="Active" />
        <Dependent key="10" type="60" displayName="Information" parentDisplayName="PowerApps App Approval BPF" id="{e97c9a87-7493-477a-84ce-d20073f97185}" />
      </MissingDependency>
      <MissingDependency>
        <Required key="12" type="2" schemaName="admin_requirement_5" displayName="Mitigation Plan Provided" parentSchemaName="admin_app" parentDisplayName="PowerApps App" solution="Active" />
        <Dependent key="7" type="29" displayName="PowerApps App Approval BPF" id="{ffa183a6-76d6-4ec9-aee6-a558129651a2}" />
      </MissingDependency>
      <MissingDependency>
        <Required key="17" type="2" schemaName="admin_displayname" displayName="App Display Name" parentSchemaName="admin_app" parentDisplayName="PowerApps App" solution="Active" />
        <Dependent key="7" type="29" displayName="PowerApps App Approval BPF" id="{ffa183a6-76d6-4ec9-aee6-a558129651a2}" />
      </MissingDependency>
      <MissingDependency>
        <Required key="18" type="2" schemaName="admin_appid" displayName="App" parentSchemaName="admin_app" parentDisplayName="PowerApps App" solution="Active" />
        <Dependent key="7" type="29" displayName="PowerApps App Approval BPF" id="{ffa183a6-76d6-4ec9-aee6-a558129651a2}" />
      </MissingDependency>
      <MissingDependency>
        <Required key="17" type="2" schemaName="admin_displayname" displayName="App Display Name" parentSchemaName="admin_app" parentDisplayName="PowerApps App" solution="Active" />
        <Dependent key="8" type="10" schemaName="bpf_admin_app_new_bpf_ffa183a676d64ec9aee6a558129651a2" displayName="bpf_admin_app_new_bpf_ffa183a676d64ec9aee6a558129651a2" parentSchemaName="new_bpf_ffa183a676d64ec9aee6a558129651a2" parentDisplayName="PowerApps App Approval BPF" />
      </MissingDependency>
      <MissingDependency>
        <Required key="14" type="2" schemaName="admin_requirement_4" displayName="Maker Requirement - Business Impact" parentSchemaName="admin_app" parentDisplayName="PowerApps App" solution="Active" />
        <Dependent key="7" type="29" displayName="PowerApps App Approval BPF" id="{ffa183a6-76d6-4ec9-aee6-a558129651a2}" />
      </MissingDependency>
      <MissingDependency>
        <Required key="18" type="2" schemaName="admin_appid" displayName="App" parentSchemaName="admin_app" parentDisplayName="PowerApps App" solution="Active" />
        <Dependent key="6" type="26" schemaName="Inactive PowerApps App Approval BPF on my PowerApps Apps" displayName="Inactive PowerApps App Approval BPF on my PowerApps Apps" parentSchemaName="new_bpf_ffa183a676d64ec9aee6a558129651a2" parentDisplayName="PowerApps App Approval BPF" id="{7aa64343-9d7e-4e87-a83c-273ec907b5df}" />
      </MissingDependency>
      <MissingDependency>
        <Required key="18" type="2" schemaName="admin_appid" displayName="App" parentSchemaName="admin_app" parentDisplayName="PowerApps App" solution="Active" />
        <Dependent key="8" type="10" schemaName="bpf_admin_app_new_bpf_ffa183a676d64ec9aee6a558129651a2" displayName="bpf_admin_app_new_bpf_ffa183a676d64ec9aee6a558129651a2" parentSchemaName="new_bpf_ffa183a676d64ec9aee6a558129651a2" parentDisplayName="PowerApps App Approval BPF" />
      </MissingDependency>
      <MissingDependency>
        <Required key="11" type="2" schemaName="admin_inappcatalogfeatured" displayName="In App Catalog Featured" parentSchemaName="admin_app" parentDisplayName="PowerApps App" solution="Active" />
        <Dependent key="7" type="29" displayName="PowerApps App Approval BPF" id="{ffa183a6-76d6-4ec9-aee6-a558129651a2}" />
      </MissingDependency>
      <MissingDependency>
        <Required key="13" type="2" schemaName="admin_makersubmittedrequirements" displayName="Maker Submitted Requirements" parentSchemaName="admin_app" parentDisplayName="PowerApps App" solution="Active" />
        <Dependent key="7" type="29" displayName="PowerApps App Approval BPF" id="{ffa183a6-76d6-4ec9-aee6-a558129651a2}" />
      </MissingDependency>
      <MissingDependency>
        <Required key="9" type="2" schemaName="admin_riskassessment" displayName="Admin Requirement - Risk Assessment" parentSchemaName="admin_app" parentDisplayName="PowerApps App" solution="Active" />
        <Dependent key="7" type="29" displayName="PowerApps App Approval BPF" id="{ffa183a6-76d6-4ec9-aee6-a558129651a2}" />
      </MissingDependency>
      <MissingDependency>
        <Required key="16" type="2" schemaName="admin_category" displayName="Category" parentSchemaName="admin_app" parentDisplayName="PowerApps App" solution="Active" />
        <Dependent key="7" type="29" displayName="PowerApps App Approval BPF" id="{ffa183a6-76d6-4ec9-aee6-a558129651a2}" />
      </MissingDependency>
      <MissingDependency>
        <Required key="15" type="2" schemaName="admin_inappcatalog" displayName="In App Catalog" parentSchemaName="admin_app" parentDisplayName="PowerApps App" solution="Active" />
        <Dependent key="7" type="29" displayName="PowerApps App Approval BPF" id="{ffa183a6-76d6-4ec9-aee6-a558129651a2}" />
      </MissingDependency>
      <MissingDependency>
        <Required key="19" type="2" schemaName="ownerid" displayName="Owner" parentSchemaName="admin_app" parentDisplayName="PowerApps App" solution="Active" />
        <Dependent key="6" type="26" schemaName="Inactive PowerApps App Approval BPF on my PowerApps Apps" displayName="Inactive PowerApps App Approval BPF on my PowerApps Apps" parentSchemaName="new_bpf_ffa183a676d64ec9aee6a558129651a2" parentDisplayName="PowerApps App Approval BPF" id="{7aa64343-9d7e-4e87-a83c-273ec907b5df}" />
      </MissingDependency>
      <MissingDependency>
        <Required key="19" type="2" schemaName="ownerid" displayName="Owner" parentSchemaName="admin_app" parentDisplayName="PowerApps App" solution="Active" />
        <Dependent key="1" type="26" schemaName="Active PowerApps App Approval BPF on my PowerApps Apps" displayName="Active PowerApps App Approval BPF on my PowerApps Apps" parentSchemaName="new_bpf_ffa183a676d64ec9aee6a558129651a2" parentDisplayName="PowerApps App Approval BPF" id="{08648474-9d56-4b52-816a-f882330a16ee}" />
      </MissingDependency>
      <MissingDependency>
        <Required key="18" type="2" schemaName="admin_appid" displayName="App" parentSchemaName="admin_app" parentDisplayName="PowerApps App" solution="Active" />
        <Dependent key="1" type="26" schemaName="Active PowerApps App Approval BPF on my PowerApps Apps" displayName="Active PowerApps App Approval BPF on my PowerApps Apps" parentSchemaName="new_bpf_ffa183a676d64ec9aee6a558129651a2" parentDisplayName="PowerApps App Approval BPF" id="{08648474-9d56-4b52-816a-f882330a16ee}" />
      </MissingDependency>
      <MissingDependency>
        <Required key="20" type="61" schemaName="msdyn_/Images/AppModule_Default_Icon.png" displayName="msdyn_/Images/AppModule_Default_Icon.png" solution="AppModuleWebResources (2.5)" />
        <Dependent key="21" type="80" schemaName="admin_AppArchiveandCleanUpView" displayName="App Archive and Clean Up View" />
      </MissingDependency>
    </MissingDependencies>
  </SolutionManifest>
</ImportExportXml>