<powerbidataset uniquename="new_dataset_8b911d86-e82b-468f-a00c-e4db22fc3c22">
  <datasetobjectid>ab4e58de-8e50-4929-bfbb-4a73eaa388d0</datasetobjectid>
  <datasetoriginalobjectid>8999fef6-8405-4763-8e9d-8477ea7f46e7</datasetoriginalobjectid>
  <dataverseconnectionupdateenabled>0</dataverseconnectionupdateenabled>
  <iscustomizable>1</iscustomizable>
  <name>Sales Analytics for Dynamics 365 Sales CH</name>
  <package mimetype="application/zip">package.pbipkg</package>
  <statecode>0</statecode>
  <statuscode>1</statuscode>
  <workspaceobjectid>f04e22ca-bec0-4169-b008-50f62ac656f8</workspaceobjectid>
</powerbidataset>