<ImportExportXml version="9.1.0.15947" SolutionPackageVersion="9.1" languagecode="1033" generatedBy="CrmLive" xmlns:xsi="http://www.w3.org/2001/XMLSchema-instance">
  <SolutionManifest>
    <UniqueName>CanvasAppStrings</UniqueName>
    <LocalizedNames>
      <LocalizedName description="Canvas App Strings" languagecode="1033" />
    </LocalizedNames>
    <Descriptions />
    <Version>1.0.1.1</Version>
    <Managed>1</Managed>
    <Publisher>
      <UniqueName>microsoftfirstparty</UniqueName>
      <LocalizedNames>
        <LocalizedName description="Microsoft First Party" languagecode="1033" />
      </LocalizedNames>
      <Descriptions>
        <Description description="Publisher for Microsoft First Party Solutions" languagecode="1033" />
      </Descriptions>
      <EMailAddress xsi:nil="true"></EMailAddress>
      <SupportingWebsiteUrl xsi:nil="true"></SupportingWebsiteUrl>
      <CustomizationPrefix>msft</CustomizationPrefix>
      <CustomizationOptionValuePrefix>29960</CustomizationOptionValuePrefix>
      <Addresses>
        <Address>
          <AddressNumber>1</AddressNumber>
          <AddressTypeCode xsi:nil="true"></AddressTypeCode>
          <City xsi:nil="true"></City>
          <County xsi:nil="true"></County>
          <Country xsi:nil="true"></Country>
          <Fax xsi:nil="true"></Fax>
          <FreightTermsCode xsi:nil="true"></FreightTermsCode>
          <ImportSequenceNumber xsi:nil="true"></ImportSequenceNumber>
          <Latitude xsi:nil="true"></Latitude>
          <Line1 xsi:nil="true"></Line1>
          <Line2 xsi:nil="true"></Line2>
          <Line3 xsi:nil="true"></Line3>
          <Longitude xsi:nil="true"></Longitude>
          <Name xsi:nil="true"></Name>
          <PostalCode xsi:nil="true"></PostalCode>
          <PostOfficeBox xsi:nil="true"></PostOfficeBox>
          <PrimaryContactName xsi:nil="true"></PrimaryContactName>
          <ShippingMethodCode xsi:nil="true"></ShippingMethodCode>
          <StateOrProvince xsi:nil="true"></StateOrProvince>
          <Telephone1 xsi:nil="true"></Telephone1>
          <Telephone2 xsi:nil="true"></Telephone2>
          <Telephone3 xsi:nil="true"></Telephone3>
          <TimeZoneRuleVersionNumber xsi:nil="true"></TimeZoneRuleVersionNumber>
          <UPSZone xsi:nil="true"></UPSZone>
          <UTCOffset xsi:nil="true"></UTCOffset>
          <UTCConversionTimeZoneCode xsi:nil="true"></UTCConversionTimeZoneCode>
        </Address>
        <Address>
          <AddressNumber>2</AddressNumber>
          <AddressTypeCode xsi:nil="true"></AddressTypeCode>
          <City xsi:nil="true"></City>
          <County xsi:nil="true"></County>
          <Country xsi:nil="true"></Country>
          <Fax xsi:nil="true"></Fax>
          <FreightTermsCode xsi:nil="true"></FreightTermsCode>
          <ImportSequenceNumber xsi:nil="true"></ImportSequenceNumber>
          <Latitude xsi:nil="true"></Latitude>
          <Line1 xsi:nil="true"></Line1>
          <Line2 xsi:nil="true"></Line2>
          <Line3 xsi:nil="true"></Line3>
          <Longitude xsi:nil="true"></Longitude>
          <Name xsi:nil="true"></Name>
          <PostalCode xsi:nil="true"></PostalCode>
          <PostOfficeBox xsi:nil="true"></PostOfficeBox>
          <PrimaryContactName xsi:nil="true"></PrimaryContactName>
          <ShippingMethodCode xsi:nil="true"></ShippingMethodCode>
          <StateOrProvince xsi:nil="true"></StateOrProvince>
          <Telephone1 xsi:nil="true"></Telephone1>
          <Telephone2 xsi:nil="true"></Telephone2>
          <Telephone3 xsi:nil="true"></Telephone3>
          <TimeZoneRuleVersionNumber xsi:nil="true"></TimeZoneRuleVersionNumber>
          <UPSZone xsi:nil="true"></UPSZone>
          <UTCOffset xsi:nil="true"></UTCOffset>
          <UTCConversionTimeZoneCode xsi:nil="true"></UTCConversionTimeZoneCode>
        </Address>
      </Addresses>
    </Publisher>
    <RootComponents>
      <RootComponent type="1" schemaName="msft_canvasapplanguage" behavior="0" />
      <RootComponent type="1" schemaName="msft_canvasappstring" behavior="0" />
      <RootComponent type="1" schemaName="msft_canvasappstringvalue" behavior="0" />
      <RootComponent type="60" id="{3ce544e5-a53f-4870-a548-eef5a064580f}" behavior="0" />
      <RootComponent type="62" schemaName="msft_CanvasAppLabelManagement" behavior="0" />
      <RootComponent type="80" schemaName="msft_CanvasAppLabelManagement" behavior="0" />
      <RootComponent type="300" schemaName="msft_emergencyresponseappbedcapacity_3b3ba" behavior="0" />
      <RootComponent type="300" schemaName="msft_emergencyresponseappcovidtracking_d4da2" behavior="0" />
      <RootComponent type="300" schemaName="msft_emergencyresponseappdischargetracking_71b32" behavior="0" />
      <RootComponent type="300" schemaName="msft_emergencyresponseappequipment_4d69e" behavior="0" />
      <RootComponent type="300" schemaName="msft_emergencyresponseapplaborpoolrequest_314d8" behavior="0" />
      <RootComponent type="300" schemaName="msft_emergencyresponseappstaffingandbedding_fa2ad" behavior="0" />
      <RootComponent type="300" schemaName="msft_emergencyresponseappsupplymanagement_11ac9" behavior="0" />
      <RootComponent type="300" schemaName="msft_emergencyresponseapp_a13b6" behavior="0" />
    </RootComponents>
    <MissingDependencies>
      <MissingDependency>
        <Required key="0" type="1" schemaName="msft_location" displayName="Location" solution="COVID19Solution (2.2.7.7)" />
        <Dependent key="1" type="300" schemaName="msft_emergencyresponseappdischargetracking_71b32" displayName="Emergency Response App - Discharge planning" />
      </MissingDependency>
      <MissingDependency>
        <Required key="2" type="1" schemaName="msft_app" displayName="App" solution="COVID19Solution (2.2.7.7)" />
        <Dependent key="1" type="300" schemaName="msft_emergencyresponseappdischargetracking_71b32" displayName="Emergency Response App - Discharge planning" />
      </MissingDependency>
      <MissingDependency>
        <Required key="3" type="1" schemaName="msft_facilitydischargeinformation" displayName="Facility Discharge Information" solution="COVID19Solution (2.2.7.7)" />
        <Dependent key="1" type="300" schemaName="msft_emergencyresponseappdischargetracking_71b32" displayName="Emergency Response App - Discharge planning" />
      </MissingDependency>
      <MissingDependency>
        <Required key="4" type="1" schemaName="msft_system" displayName="System" solution="COVID19Solution (2.2.7.7)" />
        <Dependent key="1" type="300" schemaName="msft_emergencyresponseappdischargetracking_71b32" displayName="Emergency Response App - Discharge planning" />
      </MissingDependency>
      <MissingDependency>
        <Required key="5" type="1" schemaName="msft_appfeedback" displayName="App Feedback" solution="COVID19Solution (2.2.7.7)" />
        <Dependent key="1" type="300" schemaName="msft_emergencyresponseappdischargetracking_71b32" displayName="Emergency Response App - Discharge planning" />
      </MissingDependency>
      <MissingDependency>
        <Required key="6" type="1" schemaName="msft_facility" displayName="Facility" solution="COVID19Solution (2.2.7.7)" />
        <Dependent key="1" type="300" schemaName="msft_emergencyresponseappdischargetracking_71b32" displayName="Emergency Response App - Discharge planning" />
      </MissingDependency>
      <MissingDependency>
        <Required key="7" type="1" schemaName="msft_appconfig" displayName="App Config" solution="COVID19Solution (2.2.7.7)" />
        <Dependent key="1" type="300" schemaName="msft_emergencyresponseappdischargetracking_71b32" displayName="Emergency Response App - Discharge planning" />
      </MissingDependency>
      <MissingDependency>
        <Required key="8" type="1" schemaName="msft_region" displayName="Region" solution="COVID19Solution (2.2.7.7)" />
        <Dependent key="1" type="300" schemaName="msft_emergencyresponseappdischargetracking_71b32" displayName="Emergency Response App - Discharge planning" />
      </MissingDependency>
      <MissingDependency>
        <Required key="4" type="1" schemaName="msft_system" displayName="System" solution="COVID19Solution (2.2.7.7)" />
        <Dependent key="9" type="300" schemaName="msft_emergencyresponseapplaborpoolrequest_314d8" displayName="Emergency Response App - Staffing needs" />
      </MissingDependency>
      <MissingDependency>
        <Required key="10" type="1" schemaName="msft_department" displayName="Department" solution="COVID19Solution (2.2.7.7)" />
        <Dependent key="9" type="300" schemaName="msft_emergencyresponseapplaborpoolrequest_314d8" displayName="Emergency Response App - Staffing needs" />
      </MissingDependency>
      <MissingDependency>
        <Required key="11" type="1" schemaName="msft_laborpoolrequestrole" displayName="Labor Pool Request Role" solution="COVID19Solution (2.2.7.7)" />
        <Dependent key="9" type="300" schemaName="msft_emergencyresponseapplaborpoolrequest_314d8" displayName="Emergency Response App - Staffing needs" />
      </MissingDependency>
      <MissingDependency>
        <Required key="6" type="1" schemaName="msft_facility" displayName="Facility" solution="COVID19Solution (2.2.7.7)" />
        <Dependent key="9" type="300" schemaName="msft_emergencyresponseapplaborpoolrequest_314d8" displayName="Emergency Response App - Staffing needs" />
      </MissingDependency>
      <MissingDependency>
        <Required key="0" type="1" schemaName="msft_location" displayName="Location" solution="COVID19Solution (2.2.7.7)" />
        <Dependent key="9" type="300" schemaName="msft_emergencyresponseapplaborpoolrequest_314d8" displayName="Emergency Response App - Staffing needs" />
      </MissingDependency>
      <MissingDependency>
        <Required key="12" type="1" schemaName="msft_laborpoolrequest" displayName="Labor Pool Request" solution="COVID19Solution (2.2.7.7)" />
        <Dependent key="9" type="300" schemaName="msft_emergencyresponseapplaborpoolrequest_314d8" displayName="Emergency Response App - Staffing needs" />
      </MissingDependency>
      <MissingDependency>
        <Required key="7" type="1" schemaName="msft_appconfig" displayName="App Config" solution="COVID19Solution (2.2.7.7)" />
        <Dependent key="9" type="300" schemaName="msft_emergencyresponseapplaborpoolrequest_314d8" displayName="Emergency Response App - Staffing needs" />
      </MissingDependency>
      <MissingDependency>
        <Required key="5" type="1" schemaName="msft_appfeedback" displayName="App Feedback" solution="COVID19Solution (2.2.7.7)" />
        <Dependent key="9" type="300" schemaName="msft_emergencyresponseapplaborpoolrequest_314d8" displayName="Emergency Response App - Staffing needs" />
      </MissingDependency>
      <MissingDependency>
        <Required key="2" type="1" schemaName="msft_app" displayName="App" solution="COVID19Solution (2.2.7.7)" />
        <Dependent key="9" type="300" schemaName="msft_emergencyresponseapplaborpoolrequest_314d8" displayName="Emergency Response App - Staffing needs" />
      </MissingDependency>
      <MissingDependency>
        <Required key="8" type="1" schemaName="msft_region" displayName="Region" solution="COVID19Solution (2.2.7.7)" />
        <Dependent key="9" type="300" schemaName="msft_emergencyresponseapplaborpoolrequest_314d8" displayName="Emergency Response App - Staffing needs" />
      </MissingDependency>
      <MissingDependency>
        <Required key="4" type="1" schemaName="msft_system" displayName="System" solution="COVID19Solution (2.2.7.7)" />
        <Dependent key="13" type="300" schemaName="msft_emergencyresponseappcovidtracking_d4da2" displayName="Emergency Response App - COVID-19 stats" />
      </MissingDependency>
      <MissingDependency>
        <Required key="7" type="1" schemaName="msft_appconfig" displayName="App Config" solution="COVID19Solution (2.2.7.7)" />
        <Dependent key="13" type="300" schemaName="msft_emergencyresponseappcovidtracking_d4da2" displayName="Emergency Response App - COVID-19 stats" />
      </MissingDependency>
      <MissingDependency>
        <Required key="8" type="1" schemaName="msft_region" displayName="Region" solution="COVID19Solution (2.2.7.7)" />
        <Dependent key="13" type="300" schemaName="msft_emergencyresponseappcovidtracking_d4da2" displayName="Emergency Response App - COVID-19 stats" />
      </MissingDependency>
      <MissingDependency>
        <Required key="6" type="1" schemaName="msft_facility" displayName="Facility" solution="COVID19Solution (2.2.7.7)" />
        <Dependent key="13" type="300" schemaName="msft_emergencyresponseappcovidtracking_d4da2" displayName="Emergency Response App - COVID-19 stats" />
      </MissingDependency>
      <MissingDependency>
        <Required key="0" type="1" schemaName="msft_location" displayName="Location" solution="COVID19Solution (2.2.7.7)" />
        <Dependent key="13" type="300" schemaName="msft_emergencyresponseappcovidtracking_d4da2" displayName="Emergency Response App - COVID-19 stats" />
      </MissingDependency>
      <MissingDependency>
        <Required key="2" type="1" schemaName="msft_app" displayName="App" solution="COVID19Solution (2.2.7.7)" />
        <Dependent key="13" type="300" schemaName="msft_emergencyresponseappcovidtracking_d4da2" displayName="Emergency Response App - COVID-19 stats" />
      </MissingDependency>
      <MissingDependency>
        <Required key="5" type="1" schemaName="msft_appfeedback" displayName="App Feedback" solution="COVID19Solution (2.2.7.7)" />
        <Dependent key="13" type="300" schemaName="msft_emergencyresponseappcovidtracking_d4da2" displayName="Emergency Response App - COVID-19 stats" />
      </MissingDependency>
      <MissingDependency>
        <Required key="14" type="1" schemaName="msft_covid" displayName="COVID" solution="COVID19Solution (2.2.7.7)" />
        <Dependent key="13" type="300" schemaName="msft_emergencyresponseappcovidtracking_d4da2" displayName="Emergency Response App - COVID-19 stats" />
      </MissingDependency>
      <MissingDependency>
        <Required key="0" type="1" schemaName="msft_location" displayName="Location" solution="COVID19Solution (2.2.7.7)" />
        <Dependent key="15" type="300" schemaName="msft_emergencyresponseappbedcapacity_3b3ba" displayName="Emergency Response App - Bed capacity" />
      </MissingDependency>
      <MissingDependency>
        <Required key="7" type="1" schemaName="msft_appconfig" displayName="App Config" solution="COVID19Solution (2.2.7.7)" />
        <Dependent key="15" type="300" schemaName="msft_emergencyresponseappbedcapacity_3b3ba" displayName="Emergency Response App - Bed capacity" />
      </MissingDependency>
      <MissingDependency>
        <Required key="10" type="1" schemaName="msft_department" displayName="Department" solution="COVID19Solution (2.2.7.7)" />
        <Dependent key="15" type="300" schemaName="msft_emergencyresponseappbedcapacity_3b3ba" displayName="Emergency Response App - Bed capacity" />
      </MissingDependency>
      <MissingDependency>
        <Required key="6" type="1" schemaName="msft_facility" displayName="Facility" solution="COVID19Solution (2.2.7.7)" />
        <Dependent key="15" type="300" schemaName="msft_emergencyresponseappbedcapacity_3b3ba" displayName="Emergency Response App - Bed capacity" />
      </MissingDependency>
      <MissingDependency>
        <Required key="5" type="1" schemaName="msft_appfeedback" displayName="App Feedback" solution="COVID19Solution (2.2.7.7)" />
        <Dependent key="15" type="300" schemaName="msft_emergencyresponseappbedcapacity_3b3ba" displayName="Emergency Response App - Bed capacity" />
      </MissingDependency>
      <MissingDependency>
        <Required key="8" type="1" schemaName="msft_region" displayName="Region" solution="COVID19Solution (2.2.7.7)" />
        <Dependent key="15" type="300" schemaName="msft_emergencyresponseappbedcapacity_3b3ba" displayName="Emergency Response App - Bed capacity" />
      </MissingDependency>
      <MissingDependency>
        <Required key="16" type="1" schemaName="msft_census" displayName="Census" solution="COVID19Solution (2.2.7.7)" />
        <Dependent key="15" type="300" schemaName="msft_emergencyresponseappbedcapacity_3b3ba" displayName="Emergency Response App - Bed capacity" />
      </MissingDependency>
      <MissingDependency>
        <Required key="4" type="1" schemaName="msft_system" displayName="System" solution="COVID19Solution (2.2.7.7)" />
        <Dependent key="15" type="300" schemaName="msft_emergencyresponseappbedcapacity_3b3ba" displayName="Emergency Response App - Bed capacity" />
      </MissingDependency>
      <MissingDependency>
        <Required key="2" type="1" schemaName="msft_app" displayName="App" solution="COVID19Solution (2.2.7.7)" />
        <Dependent key="15" type="300" schemaName="msft_emergencyresponseappbedcapacity_3b3ba" displayName="Emergency Response App - Bed capacity" />
      </MissingDependency>
      <MissingDependency>
        <Required key="2" type="1" schemaName="msft_app" displayName="App" solution="COVID19Solution (2.2.7.7)" />
        <Dependent key="17" type="300" schemaName="msft_emergencyresponseappequipment_4d69e" displayName="Emergency Response App - Equipment" />
      </MissingDependency>
      <MissingDependency>
        <Required key="7" type="1" schemaName="msft_appconfig" displayName="App Config" solution="COVID19Solution (2.2.7.7)" />
        <Dependent key="17" type="300" schemaName="msft_emergencyresponseappequipment_4d69e" displayName="Emergency Response App - Equipment" />
      </MissingDependency>
      <MissingDependency>
        <Required key="8" type="1" schemaName="msft_region" displayName="Region" solution="COVID19Solution (2.2.7.7)" />
        <Dependent key="17" type="300" schemaName="msft_emergencyresponseappequipment_4d69e" displayName="Emergency Response App - Equipment" />
      </MissingDependency>
      <MissingDependency>
        <Required key="4" type="1" schemaName="msft_system" displayName="System" solution="COVID19Solution (2.2.7.7)" />
        <Dependent key="17" type="300" schemaName="msft_emergencyresponseappequipment_4d69e" displayName="Emergency Response App - Equipment" />
      </MissingDependency>
      <MissingDependency>
        <Required key="18" type="1" schemaName="msft_equipmentneeded" displayName="Equipment Needed" solution="COVID19Solution (2.2.7.7)" />
        <Dependent key="17" type="300" schemaName="msft_emergencyresponseappequipment_4d69e" displayName="Emergency Response App - Equipment" />
      </MissingDependency>
      <MissingDependency>
        <Required key="0" type="1" schemaName="msft_location" displayName="Location" solution="COVID19Solution (2.2.7.7)" />
        <Dependent key="17" type="300" schemaName="msft_emergencyresponseappequipment_4d69e" displayName="Emergency Response App - Equipment" />
      </MissingDependency>
      <MissingDependency>
        <Required key="6" type="1" schemaName="msft_facility" displayName="Facility" solution="COVID19Solution (2.2.7.7)" />
        <Dependent key="17" type="300" schemaName="msft_emergencyresponseappequipment_4d69e" displayName="Emergency Response App - Equipment" />
      </MissingDependency>
      <MissingDependency>
        <Required key="5" type="1" schemaName="msft_appfeedback" displayName="App Feedback" solution="COVID19Solution (2.2.7.7)" />
        <Dependent key="17" type="300" schemaName="msft_emergencyresponseappequipment_4d69e" displayName="Emergency Response App - Equipment" />
      </MissingDependency>
      <MissingDependency>
        <Required key="0" type="1" schemaName="msft_location" displayName="Location" solution="COVID19Solution (2.2.7.7)" />
        <Dependent key="19" type="300" schemaName="msft_emergencyresponseappsupplymanagement_11ac9" displayName="Emergency Response App - Supplies" />
      </MissingDependency>
      <MissingDependency>
        <Required key="8" type="1" schemaName="msft_region" displayName="Region" solution="COVID19Solution (2.2.7.7)" />
        <Dependent key="19" type="300" schemaName="msft_emergencyresponseappsupplymanagement_11ac9" displayName="Emergency Response App - Supplies" />
      </MissingDependency>
      <MissingDependency>
        <Required key="7" type="1" schemaName="msft_appconfig" displayName="App Config" solution="COVID19Solution (2.2.7.7)" />
        <Dependent key="19" type="300" schemaName="msft_emergencyresponseappsupplymanagement_11ac9" displayName="Emergency Response App - Supplies" />
      </MissingDependency>
      <MissingDependency>
        <Required key="4" type="1" schemaName="msft_system" displayName="System" solution="COVID19Solution (2.2.7.7)" />
        <Dependent key="19" type="300" schemaName="msft_emergencyresponseappsupplymanagement_11ac9" displayName="Emergency Response App - Supplies" />
      </MissingDependency>
      <MissingDependency>
        <Required key="20" type="1" schemaName="msft_supply" displayName="Supply" solution="COVID19Solution (2.2.7.7)" />
        <Dependent key="19" type="300" schemaName="msft_emergencyresponseappsupplymanagement_11ac9" displayName="Emergency Response App - Supplies" />
      </MissingDependency>
      <MissingDependency>
        <Required key="2" type="1" schemaName="msft_app" displayName="App" solution="COVID19Solution (2.2.7.7)" />
        <Dependent key="19" type="300" schemaName="msft_emergencyresponseappsupplymanagement_11ac9" displayName="Emergency Response App - Supplies" />
      </MissingDependency>
      <MissingDependency>
        <Required key="21" type="1" schemaName="msft_supplytracking" displayName="Supply Tracking" solution="COVID19Solution (2.2.7.7)" />
        <Dependent key="19" type="300" schemaName="msft_emergencyresponseappsupplymanagement_11ac9" displayName="Emergency Response App - Supplies" />
      </MissingDependency>
      <MissingDependency>
        <Required key="5" type="1" schemaName="msft_appfeedback" displayName="App Feedback" solution="COVID19Solution (2.2.7.7)" />
        <Dependent key="19" type="300" schemaName="msft_emergencyresponseappsupplymanagement_11ac9" displayName="Emergency Response App - Supplies" />
      </MissingDependency>
      <MissingDependency>
        <Required key="6" type="1" schemaName="msft_facility" displayName="Facility" solution="COVID19Solution (2.2.7.7)" />
        <Dependent key="19" type="300" schemaName="msft_emergencyresponseappsupplymanagement_11ac9" displayName="Emergency Response App - Supplies" />
      </MissingDependency>
      <MissingDependency>
        <Required key="7" type="1" schemaName="msft_appconfig" displayName="App Config" solution="COVID19Solution (2.2.7.7)" />
        <Dependent key="22" type="300" schemaName="msft_emergencyresponseapp_a13b6" displayName="Emergency Response App" />
      </MissingDependency>
      <MissingDependency>
        <Required key="8" type="1" schemaName="msft_region" displayName="Region" solution="COVID19Solution (2.2.7.7)" />
        <Dependent key="22" type="300" schemaName="msft_emergencyresponseapp_a13b6" displayName="Emergency Response App" />
      </MissingDependency>
      <MissingDependency>
        <Required key="6" type="1" schemaName="msft_facility" displayName="Facility" solution="COVID19Solution (2.2.7.7)" />
        <Dependent key="22" type="300" schemaName="msft_emergencyresponseapp_a13b6" displayName="Emergency Response App" />
      </MissingDependency>
      <MissingDependency>
        <Required key="5" type="1" schemaName="msft_appfeedback" displayName="App Feedback" solution="COVID19Solution (2.2.7.7)" />
        <Dependent key="22" type="300" schemaName="msft_emergencyresponseapp_a13b6" displayName="Emergency Response App" />
      </MissingDependency>
      <MissingDependency>
        <Required key="4" type="1" schemaName="msft_system" displayName="System" solution="COVID19Solution (2.2.7.7)" />
        <Dependent key="22" type="300" schemaName="msft_emergencyresponseapp_a13b6" displayName="Emergency Response App" />
      </MissingDependency>
      <MissingDependency>
        <Required key="2" type="1" schemaName="msft_app" displayName="App" solution="COVID19Solution (2.2.7.7)" />
        <Dependent key="22" type="300" schemaName="msft_emergencyresponseapp_a13b6" displayName="Emergency Response App" />
      </MissingDependency>
      <MissingDependency>
        <Required key="8" type="1" schemaName="msft_region" displayName="Region" solution="COVID19Solution (2.2.7.7)" />
        <Dependent key="23" type="300" schemaName="msft_emergencyresponseappstaffingandbedding_fa2ad" displayName="Emergency Response App - Staffing" />
      </MissingDependency>
      <MissingDependency>
        <Required key="24" type="1" schemaName="msft_staffingneeded" displayName="Staffing Needed" solution="COVID19Solution (2.2.7.7)" />
        <Dependent key="23" type="300" schemaName="msft_emergencyresponseappstaffingandbedding_fa2ad" displayName="Emergency Response App - Staffing" />
      </MissingDependency>
      <MissingDependency>
        <Required key="16" type="1" schemaName="msft_census" displayName="Census" solution="COVID19Solution (2.2.7.7)" />
        <Dependent key="23" type="300" schemaName="msft_emergencyresponseappstaffingandbedding_fa2ad" displayName="Emergency Response App - Staffing" />
      </MissingDependency>
      <MissingDependency>
        <Required key="5" type="1" schemaName="msft_appfeedback" displayName="App Feedback" solution="COVID19Solution (2.2.7.7)" />
        <Dependent key="23" type="300" schemaName="msft_emergencyresponseappstaffingandbedding_fa2ad" displayName="Emergency Response App - Staffing" />
      </MissingDependency>
      <MissingDependency>
        <Required key="4" type="1" schemaName="msft_system" displayName="System" solution="COVID19Solution (2.2.7.7)" />
        <Dependent key="23" type="300" schemaName="msft_emergencyresponseappstaffingandbedding_fa2ad" displayName="Emergency Response App - Staffing" />
      </MissingDependency>
      <MissingDependency>
        <Required key="25" type="1" schemaName="msft_staffingtype" displayName="Staffing Type" solution="COVID19Solution (2.2.7.7)" />
        <Dependent key="23" type="300" schemaName="msft_emergencyresponseappstaffingandbedding_fa2ad" displayName="Emergency Response App - Staffing" />
      </MissingDependency>
      <MissingDependency>
        <Required key="0" type="1" schemaName="msft_location" displayName="Location" solution="COVID19Solution (2.2.7.7)" />
        <Dependent key="23" type="300" schemaName="msft_emergencyresponseappstaffingandbedding_fa2ad" displayName="Emergency Response App - Staffing" />
      </MissingDependency>
      <MissingDependency>
        <Required key="2" type="1" schemaName="msft_app" displayName="App" solution="COVID19Solution (2.2.7.7)" />
        <Dependent key="23" type="300" schemaName="msft_emergencyresponseappstaffingandbedding_fa2ad" displayName="Emergency Response App - Staffing" />
      </MissingDependency>
      <MissingDependency>
        <Required key="7" type="1" schemaName="msft_appconfig" displayName="App Config" solution="COVID19Solution (2.2.7.7)" />
        <Dependent key="23" type="300" schemaName="msft_emergencyresponseappstaffingandbedding_fa2ad" displayName="Emergency Response App - Staffing" />
      </MissingDependency>
      <MissingDependency>
        <Required key="6" type="1" schemaName="msft_facility" displayName="Facility" solution="COVID19Solution (2.2.7.7)" />
        <Dependent key="23" type="300" schemaName="msft_emergencyresponseappstaffingandbedding_fa2ad" displayName="Emergency Response App - Staffing" />
      </MissingDependency>
      <MissingDependency>
        <Required key="9" type="300" schemaName="msft_emergencyresponseapplaborpoolrequest_314d8" displayName="Emergency Response App - Staffing needs" solution="COVID19Solution (2.2.7.7)" />
        <Dependent key="9" type="300" schemaName="msft_emergencyresponseapplaborpoolrequest_314d8" displayName="Emergency Response App - Staffing needs" />
      </MissingDependency>
      <MissingDependency>
        <Required key="1" type="300" schemaName="msft_emergencyresponseappdischargetracking_71b32" displayName="Emergency Response App - Discharge planning" solution="COVID19Solution (2.2.7.7)" />
        <Dependent key="1" type="300" schemaName="msft_emergencyresponseappdischargetracking_71b32" displayName="Emergency Response App - Discharge planning" />
      </MissingDependency>
      <MissingDependency>
        <Required key="17" type="300" schemaName="msft_emergencyresponseappequipment_4d69e" displayName="Emergency Response App - Equipment" solution="COVID19Solution (2.2.7.7)" />
        <Dependent key="17" type="300" schemaName="msft_emergencyresponseappequipment_4d69e" displayName="Emergency Response App - Equipment" />
      </MissingDependency>
      <MissingDependency>
        <Required key="13" type="300" schemaName="msft_emergencyresponseappcovidtracking_d4da2" displayName="Emergency Response App - COVID-19 stats" solution="COVID19Solution (2.2.7.7)" />
        <Dependent key="13" type="300" schemaName="msft_emergencyresponseappcovidtracking_d4da2" displayName="Emergency Response App - COVID-19 stats" />
      </MissingDependency>
      <MissingDependency>
        <Required key="15" type="300" schemaName="msft_emergencyresponseappbedcapacity_3b3ba" displayName="Emergency Response App - Bed capacity" solution="COVID19Solution (2.2.7.7)" />
        <Dependent key="15" type="300" schemaName="msft_emergencyresponseappbedcapacity_3b3ba" displayName="Emergency Response App - Bed capacity" />
      </MissingDependency>
      <MissingDependency>
        <Required key="19" type="300" schemaName="msft_emergencyresponseappsupplymanagement_11ac9" displayName="Emergency Response App - Supplies" solution="COVID19Solution (2.2.7.7)" />
        <Dependent key="19" type="300" schemaName="msft_emergencyresponseappsupplymanagement_11ac9" displayName="Emergency Response App - Supplies" />
      </MissingDependency>
      <MissingDependency>
        <Required key="23" type="300" schemaName="msft_emergencyresponseappstaffingandbedding_fa2ad" displayName="Emergency Response App - Staffing" solution="COVID19Solution (2.2.7.7)" />
        <Dependent key="23" type="300" schemaName="msft_emergencyresponseappstaffingandbedding_fa2ad" displayName="Emergency Response App - Staffing" />
      </MissingDependency>
      <MissingDependency>
        <Required key="22" type="300" schemaName="msft_emergencyresponseapp_a13b6" displayName="Emergency Response App" solution="COVID19Solution (2.2.7.7)" />
        <Dependent key="22" type="300" schemaName="msft_emergencyresponseapp_a13b6" displayName="Emergency Response App" />
      </MissingDependency>
      <MissingDependency>
        <Required key="26" type="61" schemaName="msdyn_/Images/AppModule_Default_Icon.png" displayName="msdyn_/Images/AppModule_Default_Icon.png" solution="AppModuleWebResources (2.5)" />
        <Dependent key="27" type="80" schemaName="msft_CanvasAppLabelManagement" displayName="Canvas App Label Management" />
      </MissingDependency>
    </MissingDependencies>
  </SolutionManifest>
</ImportExportXml>