<environmentvariabledefinition schemaname="admin_FullInventory">
  <defaultvalue>yes</defaultvalue>
  <description default="Determines if you want to only update objects that have changed, or all objects. Defaults to No. Switching to Yes will cause the flows to inventory every single app/flow/etc in the tenant and make the flows long running ">
    <label description="Determines if you want to only update objects that have changed, or all objects. Defaults to No. Switching to Yes will cause the flows to inventory every single app/flow/etc in the tenant and make the flows long running " languagecode="1033" />
  </description>
  <displayname default="FullInventory">
    <label description="FullInventory" languagecode="1033" />
  </displayname>
  <introducedversion>1.71.17</introducedversion>
  <iscustomizable>1</iscustomizable>
  <isrequired>0</isrequired>
  <type>100000002</type>
</environmentvariabledefinition>