{"name":"5f0eb054-fb2d-4a9f-9fb0-f24cd4a09941","id":"/providers/Microsoft.Flow/flows/5f0eb054-fb2d-4a9f-9fb0-f24cd4a09941","type":"Microsoft.Flow/flows","properties":{"apiId":"/providers/Microsoft.PowerApps/apis/shared_logicflows","displayName":"Send out my meeting notes","definition":{"metadata":{"creator":{"id":"7557f390-5f70-4c93-8bc4-8c2faabd2ca0","type":"User","tenantId":"efecdc9a-c859-42fd-b215-dc9c314594dd"},"provisioningMethod":"FromDefinition","failureAlertSubscription":true,"clientLastModifiedTime":"2018-05-01T07:19:05.2172513Z"},"$schema":"https://schema.management.azure.com/providers/Microsoft.Logic/schemas/2016-06-01/workflowdefinition.json#","contentVersion":"1.0.0.0","parameters":{"$connections":{"defaultValue":{},"type":"Object"},"$authentication":{"defaultValue":{},"type":"SecureObject"}},"triggers":{"manual":{"type":"Request","kind":"PowerApp","inputs":{"schema":{"type":"object","required":["Sendanemail_To","Sendanemail_Subject","Sendanemail_Body"],"properties":{"Sendanemail_To":{"type":"string","format":"email","description":"Specify email addresses separated by semicolons like someone@contoso.com. This parameter is used as part of \"To\"","x-ms-powerflows-param-ispartial":true},"Sendanemail_Subject":{"type":"string","format":"","description":"Specify the subject of the mail","x-ms-powerflows-param-ispartial":false},"Sendanemail_Body":{"type":"string","format":"","description":"Specify the body of the mail","x-ms-powerflows-param-ispartial":false}}}}}},"actions":{"Send_an_email":{"runAfter":{},"metadata":{"flowSystemMetadata":{"swaggerOperationId":"SendEmail"}},"type":"ApiConnection","inputs":{"host":{"api":{"runtimeUrl":"https://flow-apim-msmanaged-na-eastus2-01.azure-apim.net/apim/office365"},"connection":{"name":"@json(decodeBase64(triggerOutputs().headers['X-MS-APIM-Tokens']))['$connections']['shared_office365']['connectionId']"}},"method":"post","path":"/Mail","body":{"To":"@{triggerBody()['Sendanemail_To']};","Subject":"@triggerBody()['Sendanemail_Subject']","Body":"@triggerBody()['Sendanemail_Body']"},"authentication":{"type":"Raw","value":"@json(decodeBase64(triggerOutputs().headers['X-MS-APIM-Tokens']))['$ConnectionKey']"}}}},"outputs":{}},"connectionReferences":{"shared_office365":{"connectionName":"bc1ce1eaed444177a8ef5aea084e227d","source":"Invoker","id":"/providers/Microsoft.PowerApps/apis/shared_office365","tier":"NotSpecified"}},"flowFailureAlertSubscribed":false}}