<ImportExportXml version="9.2.21041.172" SolutionPackageVersion="9.2" languagecode="1033" generatedBy="CrmLive" xmlns:xsi="http://www.w3.org/2001/XMLSchema-instance">
  <SolutionManifest>
    <UniqueName>CenterofExcellenceCoreComponentsTeams</UniqueName>
    <LocalizedNames>
      <LocalizedName description="Center of Excellence - Core Components for Teams" languagecode="1033" />
    </LocalizedNames>
    <Descriptions />
    <Version>1.992</Version>
    <Managed>1</Managed>
    <Publisher>
      <UniqueName>powerplatformadmin</UniqueName>
      <LocalizedNames>
        <LocalizedName description="Power Platform Admin" languagecode="1033" />
      </LocalizedNames>
      <Descriptions />
      <EMailAddress xsi:nil="true"></EMailAddress>
      <SupportingWebsiteUrl xsi:nil="true"></SupportingWebsiteUrl>
      <CustomizationPrefix>admin</CustomizationPrefix>
      <CustomizationOptionValuePrefix>59791</CustomizationOptionValuePrefix>
      <Addresses>
        <Address>
          <AddressNumber>1</AddressNumber>
          <AddressTypeCode>1</AddressTypeCode>
          <City xsi:nil="true"></City>
          <County xsi:nil="true"></County>
          <Country xsi:nil="true"></Country>
          <Fax xsi:nil="true"></Fax>
          <FreightTermsCode xsi:nil="true"></FreightTermsCode>
          <ImportSequenceNumber xsi:nil="true"></ImportSequenceNumber>
          <Latitude xsi:nil="true"></Latitude>
          <Line1 xsi:nil="true"></Line1>
          <Line2 xsi:nil="true"></Line2>
          <Line3 xsi:nil="true"></Line3>
          <Longitude xsi:nil="true"></Longitude>
          <Name xsi:nil="true"></Name>
          <PostalCode xsi:nil="true"></PostalCode>
          <PostOfficeBox xsi:nil="true"></PostOfficeBox>
          <PrimaryContactName xsi:nil="true"></PrimaryContactName>
          <ShippingMethodCode>1</ShippingMethodCode>
          <StateOrProvince xsi:nil="true"></StateOrProvince>
          <Telephone1 xsi:nil="true"></Telephone1>
          <Telephone2 xsi:nil="true"></Telephone2>
          <Telephone3 xsi:nil="true"></Telephone3>
          <TimeZoneRuleVersionNumber xsi:nil="true"></TimeZoneRuleVersionNumber>
          <UPSZone xsi:nil="true"></UPSZone>
          <UTCOffset xsi:nil="true"></UTCOffset>
          <UTCConversionTimeZoneCode xsi:nil="true"></UTCConversionTimeZoneCode>
        </Address>
        <Address>
          <AddressNumber>2</AddressNumber>
          <AddressTypeCode>1</AddressTypeCode>
          <City xsi:nil="true"></City>
          <County xsi:nil="true"></County>
          <Country xsi:nil="true"></Country>
          <Fax xsi:nil="true"></Fax>
          <FreightTermsCode xsi:nil="true"></FreightTermsCode>
          <ImportSequenceNumber xsi:nil="true"></ImportSequenceNumber>
          <Latitude xsi:nil="true"></Latitude>
          <Line1 xsi:nil="true"></Line1>
          <Line2 xsi:nil="true"></Line2>
          <Line3 xsi:nil="true"></Line3>
          <Longitude xsi:nil="true"></Longitude>
          <Name xsi:nil="true"></Name>
          <PostalCode xsi:nil="true"></PostalCode>
          <PostOfficeBox xsi:nil="true"></PostOfficeBox>
          <PrimaryContactName xsi:nil="true"></PrimaryContactName>
          <ShippingMethodCode>1</ShippingMethodCode>
          <StateOrProvince xsi:nil="true"></StateOrProvince>
          <Telephone1 xsi:nil="true"></Telephone1>
          <Telephone2 xsi:nil="true"></Telephone2>
          <Telephone3 xsi:nil="true"></Telephone3>
          <TimeZoneRuleVersionNumber xsi:nil="true"></TimeZoneRuleVersionNumber>
          <UPSZone xsi:nil="true"></UPSZone>
          <UTCOffset xsi:nil="true"></UTCOffset>
          <UTCConversionTimeZoneCode xsi:nil="true"></UTCConversionTimeZoneCode>
        </Address>
      </Addresses>
    </Publisher>
    <RootComponents>
      <RootComponent type="1" schemaName="admin_app" behavior="0" />
      <RootComponent type="1" schemaName="admin_auditlog" behavior="0" />
      <RootComponent type="1" schemaName="admin_coesettings" behavior="0" />
      <RootComponent type="1" schemaName="admin_connectionreference" behavior="0" />
      <RootComponent type="1" schemaName="admin_connector" behavior="0" />
      <RootComponent type="1" schemaName="admin_environment" behavior="0" />
      <RootComponent type="1" schemaName="admin_environmentaddons" behavior="0" />
      <RootComponent type="1" schemaName="admin_environmentbusinessarea" behavior="0" />
      <RootComponent type="1" schemaName="admin_environmentcapacity" behavior="0" />
      <RootComponent type="1" schemaName="admin_flow" behavior="0" />
      <RootComponent type="1" schemaName="admin_flowactiondetail" behavior="0" />
      <RootComponent type="1" schemaName="admin_flowresource" behavior="0" />
      <RootComponent type="1" schemaName="admin_maker" behavior="0" />
      <RootComponent type="1" schemaName="admin_powerplatformuser" behavior="0" />
      <RootComponent type="1" schemaName="admin_powerplatformuserrole" behavior="0" />
      <RootComponent type="1" schemaName="admin_pva" behavior="0" />
      <RootComponent type="1" schemaName="admin_pvacomponent" behavior="0" />
      <RootComponent type="1" schemaName="admin_pvacomponentflowlookup" behavior="0" />
      <RootComponent type="1" schemaName="admin_rpa" behavior="0" />
      <RootComponent type="1" schemaName="admin_rpasessions" behavior="0" />
      <RootComponent type="1" schemaName="admin_syncflowerrors" behavior="0" />
      <RootComponent type="9" schemaName="admin_approvalstatus" behavior="0" />
      <RootComponent type="9" schemaName="admin_businessimpact" behavior="0" />
      <RootComponent type="9" schemaName="admin_category" behavior="0" />
      <RootComponent type="9" schemaName="admin_dataclassification" behavior="0" />
      <RootComponent type="9" schemaName="admin_powerappstype" behavior="0" />
      <RootComponent type="9" schemaName="admin_riskassessment" behavior="0" />
      <RootComponent type="9" schemaName="admin_teamsenvstatus" behavior="0" />
      <RootComponent type="29" id="{025cd295-93f2-ea11-a815-000d3a31cf04}" behavior="0" />
      <RootComponent type="29" id="{108a99ef-b08c-eb11-a812-000d3a1f6308}" behavior="0" />
      <RootComponent type="29" id="{2617d7a7-2c3b-eb11-a813-000d3a1bb495}" behavior="0" />
      <RootComponent type="29" id="{41419923-ab44-eb11-a813-000d3a8f4ad6}" behavior="0" />
      <RootComponent type="29" id="{69c0077e-df40-eb11-a813-000d3a8f4ad6}" behavior="0" />
      <RootComponent type="29" id="{7e1ddb35-613d-eb11-a813-000d3a8f4ad6}" behavior="0" />
      <RootComponent type="29" id="{7ebb10a6-5041-eb11-a813-000d3a8f4ad6}" behavior="0" />
      <RootComponent type="29" id="{8091a1f0-1042-eb11-a813-000d3a8f4ad6}" behavior="0" />
      <RootComponent type="29" id="{9e9fff08-a643-eb11-a813-000d3a1bb495}" behavior="0" />
      <RootComponent type="29" id="{ae1ef367-1b3e-eb11-a813-000d3a8f4ad6}" behavior="0" />
      <RootComponent type="29" id="{b0edf614-ad0f-eb11-a814-000d3a1bb7bb}" behavior="0" />
      <RootComponent type="29" id="{b1404de5-6444-eb11-a813-000d3a8f4ad6}" behavior="0" />
      <RootComponent type="29" id="{b94b3718-c23f-eb11-a813-000d3a8f4ad6}" behavior="0" />
      <RootComponent type="29" id="{d753f10f-f03e-eb11-a813-000d3a8f4ad6}" behavior="0" />
      <RootComponent type="29" id="{d9f8df64-c838-eb11-a813-000d3a1bb495}" behavior="0" />
      <RootComponent type="29" id="{e05cfb27-740d-eb11-a814-000d3a1bb7bb}" behavior="0" />
      <RootComponent type="29" id="{f75822c8-c4b4-eb11-8236-000d3a15f3cc}" behavior="0" />
      <RootComponent type="29" id="{f98071ee-73a6-eb11-b1ac-000d3a19e1b0}" behavior="0" />
      <RootComponent type="300" schemaName="admin_adminaccessthisapp_3a757" behavior="0" />
      <RootComponent type="300" schemaName="admin_adminaccessthisflow_886fb" behavior="0" />
      <RootComponent type="300" schemaName="admin_appcatalog_90b40" behavior="0" />
      <RootComponent type="300" schemaName="admin_dlpeditorv2_fcf06" behavior="0" />
      <RootComponent type="300" schemaName="admin_powerplatformadminview_4f3be" behavior="0" />
      <RootComponent type="300" schemaName="admin_setapppermissions_37e74" behavior="0" />
      <RootComponent type="300" schemaName="admin_setflowpermissions_ce2bb" behavior="0" />
    </RootComponents>
    <MissingDependencies>
      <MissingDependency>
        <Required key="0" type="66" schemaName="MscrmControls.OptionSet.OptionSetControl" displayName="MscrmControls.OptionSet.OptionSetControl" solution="CustomControlsCore (9.2.21041.00172)" />
        <Dependent key="1" type="60" displayName="App Main Form" parentDisplayName="PowerApps App" id="{6dad0a69-1879-4f73-94ad-3b40ff425429}" />
      </MissingDependency>
      <MissingDependency>
        <Required key="2" type="66" schemaName="MscrmControls.FlipSwitch.FlipSwitchControl" displayName="MscrmControls.FlipSwitch.FlipSwitchControl" solution="CustomControlsCore (9.2.21041.00172)" />
        <Dependent key="1" type="60" displayName="App Main Form" parentDisplayName="PowerApps App" id="{6dad0a69-1879-4f73-94ad-3b40ff425429}" />
      </MissingDependency>
    </MissingDependencies>
  </SolutionManifest>
</ImportExportXml>